This is pdfTeX, Version 3.141592653-2.6-1.40.22 (TeX Live 2022/dev/Debian) (preloaded format=pdflatex 2025.7.20)  19 SEP 2025 15:31
entering extended mode
 restricted \write18 enabled.
 %&-line parsing enabled.
**portfolio.tex
(./portfolio.tex
LaTeX2e <2021-11-15> patch level 1
L3 programming layer <2022-01-21>
(/usr/share/texlive/texmf-dist/tex/latex/base/article.cls
Document Class: article 2021/10/04 v1.4n Standard LaTeX document class
(/usr/share/texlive/texmf-dist/tex/latex/base/size12.clo
File: size12.clo 2021/10/04 v1.4n Standard LaTeX file (size option)
)
\c@part=\count185
\c@section=\count186
\c@subsection=\count187
\c@subsubsection=\count188
\c@paragraph=\count189
\c@subparagraph=\count190
\c@figure=\count191
\c@table=\count192
\abovecaptionskip=\skip47
\belowcaptionskip=\skip48
\bibindent=\dimen138
)
(/usr/share/texlive/texmf-dist/tex/latex/pdfpages/pdfpages.sty
Package: pdfpages 2022/01/29 v0.5u Insert pages of external PDF documents (AM)

(/usr/share/texlive/texmf-dist/tex/latex/base/ifthen.sty
Package: ifthen 2020/11/24 v1.1c Standard LaTeX ifthen package (DPC)
)
(/usr/share/texlive/texmf-dist/tex/latex/tools/calc.sty
Package: calc 2017/05/25 v4.3 Infix arithmetic (KKT,FJ)
\calc@Acount=\count193
\calc@Bcount=\count194
\calc@Adimen=\dimen139
\calc@Bdimen=\dimen140
\calc@Askip=\skip49
\calc@Bskip=\skip50
LaTeX Info: Redefining \setlength on input line 80.
LaTeX Info: Redefining \addtolength on input line 81.
\calc@Ccount=\count195
\calc@Cskip=\skip51
)
(/usr/share/texlive/texmf-dist/tex/latex/eso-pic/eso-pic.sty
Package: eso-pic 2020/10/14 v3.0a eso-pic (RN)
\ESO@tempdima=\dimen141
\ESO@tempdimb=\dimen142

(/usr/share/texlive/texmf-dist/tex/latex/graphics/keyval.sty
Package: keyval 2014/10/28 v1.15 key=value parser (DPC)
\KV@toks@=\toks16
)
(/usr/share/texlive/texmf-dist/tex/latex/xcolor/xcolor.sty
Package: xcolor 2021/10/31 v2.13 LaTeX color extensions (UK)

(/usr/share/texlive/texmf-dist/tex/latex/graphics-cfg/color.cfg
File: color.cfg 2016/01/02 v1.6 sample color configuration
)
Package xcolor Info: Driver file: pdftex.def on input line 227.

(/usr/share/texlive/texmf-dist/tex/latex/graphics-def/pdftex.def
File: pdftex.def 2020/10/05 v1.2a Graphics/color driver for pdftex
)
Package xcolor Info: Model `cmy' substituted by `cmy0' on input line 1352.
Package xcolor Info: Model `hsb' substituted by `rgb' on input line 1356.
Package xcolor Info: Model `RGB' extended on input line 1368.
Package xcolor Info: Model `HTML' substituted by `rgb' on input line 1370.
Package xcolor Info: Model `Hsb' substituted by `hsb' on input line 1371.
Package xcolor Info: Model `tHsb' substituted by `hsb' on input line 1372.
Package xcolor Info: Model `HSB' substituted by `hsb' on input line 1373.
Package xcolor Info: Model `Gray' substituted by `gray' on input line 1374.
Package xcolor Info: Model `wave' substituted by `hsb' on input line 1375.
))
(/usr/share/texlive/texmf-dist/tex/latex/graphics/graphicx.sty
Package: graphicx 2021/09/16 v1.2d Enhanced LaTeX Graphics (DPC,SPQR)

(/usr/share/texlive/texmf-dist/tex/latex/graphics/graphics.sty
Package: graphics 2021/03/04 v1.4d Standard LaTeX Graphics (DPC,SPQR)

(/usr/share/texlive/texmf-dist/tex/latex/graphics/trig.sty
Package: trig 2021/08/11 v1.11 sin cos tan (DPC)
)
(/usr/share/texlive/texmf-dist/tex/latex/graphics-cfg/graphics.cfg
File: graphics.cfg 2016/06/04 v1.11 sample graphics configuration
)
Package graphics Info: Driver file: pdftex.def on input line 107.
)
\Gin@req@height=\dimen143
\Gin@req@width=\dimen144
)
\AM@pagewidth=\dimen145
\AM@pageheight=\dimen146
\AM@fboxrule=\dimen147

(/usr/share/texlive/texmf-dist/tex/latex/pdfpages/pppdftex.def
File: pppdftex.def 2022/01/29 v0.5u Pdfpages driver for pdfTeX (AM)
)
\pdfpages@includegraphics@status=\count196
\AM@pagebox=\box50
\AM@global@opts=\toks17
\AM@pagecnt=\count197
\AM@toc@title=\toks18
\c@AM@survey=\count198
\AM@templatesizebox=\box51
)
(/usr/share/texlive/texmf-dist/tex/latex/hyperref/hyperref.sty
Package: hyperref 2021-06-07 v7.00m Hypertext links for LaTeX

(/usr/share/texlive/texmf-dist/tex/generic/ltxcmds/ltxcmds.sty
Package: ltxcmds 2020-05-10 v1.25 LaTeX kernel commands for general use (HO)
)
(/usr/share/texlive/texmf-dist/tex/generic/iftex/iftex.sty
Package: iftex 2020/03/06 v1.0d TeX engine tests
)
(/usr/share/texlive/texmf-dist/tex/generic/pdftexcmds/pdftexcmds.sty
Package: pdftexcmds 2020-06-27 v0.33 Utility functions of pdfTeX for LuaTeX (HO
)

(/usr/share/texlive/texmf-dist/tex/generic/infwarerr/infwarerr.sty
Package: infwarerr 2019/12/03 v1.5 Providing info/warning/error messages (HO)
)
Package pdftexcmds Info: \pdf@primitive is available.
Package pdftexcmds Info: \pdf@ifprimitive is available.
Package pdftexcmds Info: \pdfdraftmode found.
)
(/usr/share/texlive/texmf-dist/tex/generic/kvsetkeys/kvsetkeys.sty
Package: kvsetkeys 2019/12/15 v1.18 Key value parser (HO)
)
(/usr/share/texlive/texmf-dist/tex/generic/kvdefinekeys/kvdefinekeys.sty
Package: kvdefinekeys 2019-12-19 v1.6 Define keys (HO)
)
(/usr/share/texlive/texmf-dist/tex/generic/pdfescape/pdfescape.sty
Package: pdfescape 2019/12/09 v1.15 Implements pdfTeX's escape features (HO)
)
(/usr/share/texlive/texmf-dist/tex/latex/hycolor/hycolor.sty
Package: hycolor 2020-01-27 v1.10 Color options for hyperref/bookmark (HO)
)
(/usr/share/texlive/texmf-dist/tex/latex/letltxmacro/letltxmacro.sty
Package: letltxmacro 2019/12/03 v1.6 Let assignment for LaTeX macros (HO)
)
(/usr/share/texlive/texmf-dist/tex/latex/auxhook/auxhook.sty
Package: auxhook 2019-12-17 v1.6 Hooks for auxiliary files (HO)
)
(/usr/share/texlive/texmf-dist/tex/latex/kvoptions/kvoptions.sty
Package: kvoptions 2020-10-07 v3.14 Key value format for package options (HO)
)
\@linkdim=\dimen148
\Hy@linkcounter=\count199
\Hy@pagecounter=\count266

(/usr/share/texlive/texmf-dist/tex/latex/hyperref/pd1enc.def
File: pd1enc.def 2021-06-07 v7.00m Hyperref: PDFDocEncoding definition (HO)
Now handling font encoding PD1 ...
... no UTF-8 mapping file for font encoding PD1
)
(/usr/share/texlive/texmf-dist/tex/latex/hyperref/hyperref-langpatches.def
File: hyperref-langpatches.def 2021-06-07 v7.00m Hyperref: patches for babel la
nguages
)
(/usr/share/texlive/texmf-dist/tex/generic/intcalc/intcalc.sty
Package: intcalc 2019/12/15 v1.3 Expandable calculations with integers (HO)
)
(/usr/share/texlive/texmf-dist/tex/generic/etexcmds/etexcmds.sty
Package: etexcmds 2019/12/15 v1.7 Avoid name clashes with e-TeX commands (HO)
)
\Hy@SavedSpaceFactor=\count267

(/usr/share/texlive/texmf-dist/tex/latex/hyperref/puenc.def
File: puenc.def 2021-06-07 v7.00m Hyperref: PDF Unicode definition (HO)
Now handling font encoding PU ...
... no UTF-8 mapping file for font encoding PU
)
Package hyperref Info: Hyper figures OFF on input line 4192.
Package hyperref Info: Link nesting OFF on input line 4197.
Package hyperref Info: Hyper index ON on input line 4200.
Package hyperref Info: Plain pages OFF on input line 4207.
Package hyperref Info: Backreferencing OFF on input line 4212.
Package hyperref Info: Implicit mode ON; LaTeX internals redefined.
Package hyperref Info: Bookmarks ON on input line 4445.
\c@Hy@tempcnt=\count268

(/usr/share/texlive/texmf-dist/tex/latex/url/url.sty
\Urlmuskip=\muskip16
Package: url 2013/09/16  ver 3.4  Verb mode for urls, etc.
)
LaTeX Info: Redefining \url on input line 4804.
\XeTeXLinkMargin=\dimen149

(/usr/share/texlive/texmf-dist/tex/generic/bitset/bitset.sty
Package: bitset 2019/12/09 v1.3 Handle bit-vector datatype (HO)

(/usr/share/texlive/texmf-dist/tex/generic/bigintcalc/bigintcalc.sty
Package: bigintcalc 2019/12/15 v1.5 Expandable calculations on big integers (HO
)
))
\Fld@menulength=\count269
\Field@Width=\dimen150
\Fld@charsize=\dimen151
Package hyperref Info: Hyper figures OFF on input line 6076.
Package hyperref Info: Link nesting OFF on input line 6081.
Package hyperref Info: Hyper index ON on input line 6084.
Package hyperref Info: backreferencing OFF on input line 6091.
Package hyperref Info: Link coloring OFF on input line 6096.
Package hyperref Info: Link coloring with OCG OFF on input line 6101.
Package hyperref Info: PDF/A mode OFF on input line 6106.
LaTeX Info: Redefining \ref on input line 6146.
LaTeX Info: Redefining \pageref on input line 6150.

(/usr/share/texlive/texmf-dist/tex/latex/base/atbegshi-ltx.sty
Package: atbegshi-ltx 2021/01/10 v1.0c Emulation of the original atbegshi
package with kernel methods
)
\Hy@abspage=\count270
\c@Item=\count271
\c@Hfootnote=\count272
)
Package hyperref Info: Driver (autodetected): hpdftex.

(/usr/share/texlive/texmf-dist/tex/latex/hyperref/hpdftex.def
File: hpdftex.def 2021-06-07 v7.00m Hyperref driver for pdfTeX

(/usr/share/texlive/texmf-dist/tex/latex/base/atveryend-ltx.sty
Package: atveryend-ltx 2020/08/19 v1.0a Emulation of the original atveryend pac
kage
with kernel methods
)
\Fld@listcount=\count273
\c@bookmark@seq@number=\count274

(/usr/share/texlive/texmf-dist/tex/latex/rerunfilecheck/rerunfilecheck.sty
Package: rerunfilecheck 2019/12/05 v1.9 Rerun checks for auxiliary files (HO)

(/usr/share/texlive/texmf-dist/tex/generic/uniquecounter/uniquecounter.sty
Package: uniquecounter 2019/12/15 v1.4 Provide unlimited unique counter (HO)
)
Package uniquecounter Info: New unique counter `rerunfilecheck' on input line 2
86.
)
\Hy@SectionHShift=\skip52
)
(/usr/share/texlive/texmf-dist/tex/latex/titlesec/titlesec.sty
Package: titlesec 2021/07/05 v2.14 Sectioning titles
\ttl@box=\box52
\beforetitleunit=\skip53
\aftertitleunit=\skip54
\ttl@plus=\dimen152
\ttl@minus=\dimen153
\ttl@toksa=\toks19
\titlewidth=\dimen154
\titlewidthlast=\dimen155
\titlewidthfirst=\dimen156
)
(/usr/share/texlive/texmf-dist/tex/latex/l3backend/l3backend-pdftex.def
File: l3backend-pdftex.def 2022-01-12 L3 backend support: PDF output (pdfTeX)
\l__color_backend_stack_int=\count275
\l__pdf_internal_box=\box53
)
(./portfolio.aux)
\openout1 = `portfolio.aux'.

LaTeX Font Info:    Checking defaults for OML/cmm/m/it on input line 13.
LaTeX Font Info:    ... okay on input line 13.
LaTeX Font Info:    Checking defaults for OMS/cmsy/m/n on input line 13.
LaTeX Font Info:    ... okay on input line 13.
LaTeX Font Info:    Checking defaults for OT1/cmr/m/n on input line 13.
LaTeX Font Info:    ... okay on input line 13.
LaTeX Font Info:    Checking defaults for T1/cmr/m/n on input line 13.
LaTeX Font Info:    ... okay on input line 13.
LaTeX Font Info:    Checking defaults for TS1/cmr/m/n on input line 13.
LaTeX Font Info:    ... okay on input line 13.
LaTeX Font Info:    Checking defaults for OMX/cmex/m/n on input line 13.
LaTeX Font Info:    ... okay on input line 13.
LaTeX Font Info:    Checking defaults for U/cmr/m/n on input line 13.
LaTeX Font Info:    ... okay on input line 13.
LaTeX Font Info:    Checking defaults for PD1/pdf/m/n on input line 13.
LaTeX Font Info:    ... okay on input line 13.
LaTeX Font Info:    Checking defaults for PU/pdf/m/n on input line 13.
LaTeX Font Info:    ... okay on input line 13.

(/usr/share/texlive/texmf-dist/tex/context/base/mkii/supp-pdf.mkii
[Loading MPS to PDF converter (version 2006.09.02).]
\scratchcounter=\count276
\scratchdimen=\dimen157
\scratchbox=\box54
\nofMPsegments=\count277
\nofMParguments=\count278
\everyMPshowfont=\toks20
\MPscratchCnt=\count279
\MPscratchDim=\dimen158
\MPnumerator=\count280
\makeMPintoPDFobject=\count281
\everyMPtoPDFconversion=\toks21
) (/usr/share/texlive/texmf-dist/tex/latex/epstopdf-pkg/epstopdf-base.sty
Package: epstopdf-base 2020-01-24 v2.11 Base part for package epstopdf
Package epstopdf-base Info: Redefining graphics rule for `.eps' on input line 4
85.

(/usr/share/texlive/texmf-dist/tex/latex/latexconfig/epstopdf-sys.cfg
File: epstopdf-sys.cfg 2010/07/13 v1.3 Configuration of (r)epstopdf for TeX Liv
e
))
(/usr/share/texlive/texmf-dist/tex/latex/pdflscape/pdflscape.sty
Package: pdflscape 2019/12/05 v0.12 Display of landscape pages in PDF (HO)

(/usr/share/texlive/texmf-dist/tex/latex/graphics/lscape.sty
Package: lscape 2020/05/28 v3.02 Landscape Pages (DPC)
)
Package pdflscape Info: Auto-detected driver: pdftex on input line 81.
)
Package hyperref Info: Link coloring OFF on input line 13.

(/usr/share/texlive/texmf-dist/tex/latex/hyperref/nameref.sty
Package: nameref 2021-04-02 v2.47 Cross-referencing by name of section

(/usr/share/texlive/texmf-dist/tex/latex/refcount/refcount.sty
Package: refcount 2019/12/15 v3.6 Data extraction from label references (HO)
)
(/usr/share/texlive/texmf-dist/tex/generic/gettitlestring/gettitlestring.sty
Package: gettitlestring 2019/12/15 v1.6 Cleanup title references (HO)
)
\c@section@level=\count282
)
LaTeX Info: Redefining \ref on input line 13.
LaTeX Info: Redefining \pageref on input line 13.
LaTeX Info: Redefining \nameref on input line 13.

(./portfolio.out) (./portfolio.out)
\@outlinefile=\write3
\openout3 = `portfolio.out'.

 (./portfolio.toc)
\tf@toc=\write4
\openout4 = `portfolio.toc'.

 [1

{/var/lib/texmf/fonts/map/pdftex/updmap/pdftex.map}]
<Resources/aero-489/aero-489-hw1.pdf, id=62, 614.295pt x 794.97pt>
File: Resources/aero-489/aero-489-hw1.pdf Graphic file (type pdf)
<use Resources/aero-489/aero-489-hw1.pdf>
Package pdftex.def Info: Resources/aero-489/aero-489-hw1.pdf  used on input lin
e 50.
(pdftex.def)             Requested size: 614.29349pt x 794.96806pt.
File: Resources/aero-489/aero-489-hw1.pdf Graphic file (type pdf)
<use Resources/aero-489/aero-489-hw1.pdf>
Package pdftex.def Info: Resources/aero-489/aero-489-hw1.pdf  used on input lin
e 50.
(pdftex.def)             Requested size: 614.29349pt x 794.96806pt.
<Resources/aero-489/aero-489-hw1.pdf, id=65, page=1, 614.295pt x 794.97pt>
File: Resources/aero-489/aero-489-hw1.pdf Graphic file (type pdf)
<use Resources/aero-489/aero-489-hw1.pdf, page 1>
Package pdftex.def Info: Resources/aero-489/aero-489-hw1.pdf , page1 used on in
put line 50.
(pdftex.def)             Requested size: 614.29349pt x 794.96806pt.
File: Resources/aero-489/aero-489-hw1.pdf Graphic file (type pdf)
<use Resources/aero-489/aero-489-hw1.pdf, page 1>
Package pdftex.def Info: Resources/aero-489/aero-489-hw1.pdf , page1 used on in
put line 50.
(pdftex.def)             Requested size: 597.78697pt x 773.60669pt.
 [2]
File: Resources/aero-489/aero-489-hw1.pdf Graphic file (type pdf)
<use Resources/aero-489/aero-489-hw1.pdf, page 1>
Package pdftex.def Info: Resources/aero-489/aero-489-hw1.pdf , page1 used on in
put line 50.
(pdftex.def)             Requested size: 597.78697pt x 773.60669pt.
File: Resources/aero-489/aero-489-hw1.pdf Graphic file (type pdf)
<use Resources/aero-489/aero-489-hw1.pdf, page 1>
Package pdftex.def Info: Resources/aero-489/aero-489-hw1.pdf , page1 used on in
put line 50.
(pdftex.def)             Requested size: 597.78697pt x 773.60669pt.
File: Resources/aero-489/aero-489-hw1.pdf Graphic file (type pdf)
<use Resources/aero-489/aero-489-hw1.pdf, page 1>
Package pdftex.def Info: Resources/aero-489/aero-489-hw1.pdf , page1 used on in
put line 50.
(pdftex.def)             Requested size: 597.78697pt x 773.60669pt.
 [3 <./Resources/aero-489/aero-489-hw1.pdf>]
<Resources/aero-489/aero-489-hw1.pdf, id=93, page=2, 614.295pt x 794.97pt>
File: Resources/aero-489/aero-489-hw1.pdf Graphic file (type pdf)
<use Resources/aero-489/aero-489-hw1.pdf, page 2>
Package pdftex.def Info: Resources/aero-489/aero-489-hw1.pdf , page2 used on in
put line 50.
(pdftex.def)             Requested size: 597.78697pt x 773.60669pt.
File: Resources/aero-489/aero-489-hw1.pdf Graphic file (type pdf)
<use Resources/aero-489/aero-489-hw1.pdf, page 2>
Package pdftex.def Info: Resources/aero-489/aero-489-hw1.pdf , page2 used on in
put line 50.
(pdftex.def)             Requested size: 597.78697pt x 773.60669pt.
File: Resources/aero-489/aero-489-hw1.pdf Graphic file (type pdf)
<use Resources/aero-489/aero-489-hw1.pdf, page 2>
Package pdftex.def Info: Resources/aero-489/aero-489-hw1.pdf , page2 used on in
put line 50.
(pdftex.def)             Requested size: 597.78697pt x 773.60669pt.

[4 <./Resources/aero-489/aero-489-hw1.pdf>]
<Resources/aero-489/aero-489-hw1.pdf, id=109, page=3, 614.295pt x 794.97pt>
File: Resources/aero-489/aero-489-hw1.pdf Graphic file (type pdf)
<use Resources/aero-489/aero-489-hw1.pdf, page 3>
Package pdftex.def Info: Resources/aero-489/aero-489-hw1.pdf , page3 used on in
put line 50.
(pdftex.def)             Requested size: 597.78697pt x 773.60669pt.
File: Resources/aero-489/aero-489-hw1.pdf Graphic file (type pdf)
<use Resources/aero-489/aero-489-hw1.pdf, page 3>
Package pdftex.def Info: Resources/aero-489/aero-489-hw1.pdf , page3 used on in
put line 50.
(pdftex.def)             Requested size: 597.78697pt x 773.60669pt.
File: Resources/aero-489/aero-489-hw1.pdf Graphic file (type pdf)
<use Resources/aero-489/aero-489-hw1.pdf, page 3>
Package pdftex.def Info: Resources/aero-489/aero-489-hw1.pdf , page3 used on in
put line 50.
(pdftex.def)             Requested size: 597.78697pt x 773.60669pt.
 [5 <./Resources/aero-489/aero-489-hw1.pdf>]
<Resources/aero-489/aero-489-hw1.pdf, id=122, page=4, 614.295pt x 794.97pt>
File: Resources/aero-489/aero-489-hw1.pdf Graphic file (type pdf)
<use Resources/aero-489/aero-489-hw1.pdf, page 4>
Package pdftex.def Info: Resources/aero-489/aero-489-hw1.pdf , page4 used on in
put line 50.
(pdftex.def)             Requested size: 597.78697pt x 773.60669pt.
File: Resources/aero-489/aero-489-hw1.pdf Graphic file (type pdf)
<use Resources/aero-489/aero-489-hw1.pdf, page 4>
Package pdftex.def Info: Resources/aero-489/aero-489-hw1.pdf , page4 used on in
put line 50.
(pdftex.def)             Requested size: 597.78697pt x 773.60669pt.
File: Resources/aero-489/aero-489-hw1.pdf Graphic file (type pdf)
<use Resources/aero-489/aero-489-hw1.pdf, page 4>
Package pdftex.def Info: Resources/aero-489/aero-489-hw1.pdf , page4 used on in
put line 50.
(pdftex.def)             Requested size: 597.78697pt x 773.60669pt.
 [6 <./Resources/aero-489/aero-489-hw1.pdf>]
<Resources/aero-489/aero-489-hw1.pdf, id=130, page=5, 614.295pt x 794.97pt>
File: Resources/aero-489/aero-489-hw1.pdf Graphic file (type pdf)
<use Resources/aero-489/aero-489-hw1.pdf, page 5>
Package pdftex.def Info: Resources/aero-489/aero-489-hw1.pdf , page5 used on in
put line 50.
(pdftex.def)             Requested size: 597.78697pt x 773.60669pt.
File: Resources/aero-489/aero-489-hw1.pdf Graphic file (type pdf)
<use Resources/aero-489/aero-489-hw1.pdf, page 5>
Package pdftex.def Info: Resources/aero-489/aero-489-hw1.pdf , page5 used on in
put line 50.
(pdftex.def)             Requested size: 597.78697pt x 773.60669pt.
File: Resources/aero-489/aero-489-hw1.pdf Graphic file (type pdf)
<use Resources/aero-489/aero-489-hw1.pdf, page 5>
Package pdftex.def Info: Resources/aero-489/aero-489-hw1.pdf , page5 used on in
put line 50.
(pdftex.def)             Requested size: 597.78697pt x 773.60669pt.
 [7 <./Resources/aero-489/aero-489-hw1.pdf>]
<Resources/aero-489/aero-489-hw1.pdf, id=138, page=6, 614.295pt x 794.97pt>
File: Resources/aero-489/aero-489-hw1.pdf Graphic file (type pdf)
<use Resources/aero-489/aero-489-hw1.pdf, page 6>
Package pdftex.def Info: Resources/aero-489/aero-489-hw1.pdf , page6 used on in
put line 50.
(pdftex.def)             Requested size: 597.78697pt x 773.60669pt.
File: Resources/aero-489/aero-489-hw1.pdf Graphic file (type pdf)
<use Resources/aero-489/aero-489-hw1.pdf, page 6>
Package pdftex.def Info: Resources/aero-489/aero-489-hw1.pdf , page6 used on in
put line 50.
(pdftex.def)             Requested size: 597.78697pt x 773.60669pt.
File: Resources/aero-489/aero-489-hw1.pdf Graphic file (type pdf)
<use Resources/aero-489/aero-489-hw1.pdf, page 6>
Package pdftex.def Info: Resources/aero-489/aero-489-hw1.pdf , page6 used on in
put line 50.
(pdftex.def)             Requested size: 597.78697pt x 773.60669pt.
 [8 <./Resources/aero-489/aero-489-hw1.pdf>]
<Resources/aero-489/aero-489-hw2.pdf, id=147, 614.295pt x 794.97pt>
File: Resources/aero-489/aero-489-hw2.pdf Graphic file (type pdf)
<use Resources/aero-489/aero-489-hw2.pdf>
Package pdftex.def Info: Resources/aero-489/aero-489-hw2.pdf  used on input lin
e 51.
(pdftex.def)             Requested size: 614.29349pt x 794.96806pt.
File: Resources/aero-489/aero-489-hw2.pdf Graphic file (type pdf)
<use Resources/aero-489/aero-489-hw2.pdf>
Package pdftex.def Info: Resources/aero-489/aero-489-hw2.pdf  used on input lin
e 51.
(pdftex.def)             Requested size: 614.29349pt x 794.96806pt.
<Resources/aero-489/aero-489-hw2.pdf, id=150, page=1, 614.295pt x 794.97pt>
File: Resources/aero-489/aero-489-hw2.pdf Graphic file (type pdf)
<use Resources/aero-489/aero-489-hw2.pdf, page 1>
Package pdftex.def Info: Resources/aero-489/aero-489-hw2.pdf , page1 used on in
put line 51.
(pdftex.def)             Requested size: 614.29349pt x 794.96806pt.
File: Resources/aero-489/aero-489-hw2.pdf Graphic file (type pdf)
<use Resources/aero-489/aero-489-hw2.pdf, page 1>
Package pdftex.def Info: Resources/aero-489/aero-489-hw2.pdf , page1 used on in
put line 51.
(pdftex.def)             Requested size: 597.78697pt x 773.60669pt.
File: Resources/aero-489/aero-489-hw2.pdf Graphic file (type pdf)
<use Resources/aero-489/aero-489-hw2.pdf, page 1>
Package pdftex.def Info: Resources/aero-489/aero-489-hw2.pdf , page1 used on in
put line 51.
(pdftex.def)             Requested size: 597.78697pt x 773.60669pt.
File: Resources/aero-489/aero-489-hw2.pdf Graphic file (type pdf)
<use Resources/aero-489/aero-489-hw2.pdf, page 1>
Package pdftex.def Info: Resources/aero-489/aero-489-hw2.pdf , page1 used on in
put line 51.
(pdftex.def)             Requested size: 597.78697pt x 773.60669pt.
File: Resources/aero-489/aero-489-hw2.pdf Graphic file (type pdf)
<use Resources/aero-489/aero-489-hw2.pdf, page 1>
Package pdftex.def Info: Resources/aero-489/aero-489-hw2.pdf , page1 used on in
put line 51.
(pdftex.def)             Requested size: 597.78697pt x 773.60669pt.
 [9 <./Resources/aero-489/aero-489-hw2.pdf>]
<Resources/aero-489/aero-489-hw2.pdf, id=181, page=2, 614.295pt x 794.97pt>
File: Resources/aero-489/aero-489-hw2.pdf Graphic file (type pdf)
<use Resources/aero-489/aero-489-hw2.pdf, page 2>
Package pdftex.def Info: Resources/aero-489/aero-489-hw2.pdf , page2 used on in
put line 51.
(pdftex.def)             Requested size: 597.78697pt x 773.60669pt.
File: Resources/aero-489/aero-489-hw2.pdf Graphic file (type pdf)
<use Resources/aero-489/aero-489-hw2.pdf, page 2>
Package pdftex.def Info: Resources/aero-489/aero-489-hw2.pdf , page2 used on in
put line 51.
(pdftex.def)             Requested size: 597.78697pt x 773.60669pt.
File: Resources/aero-489/aero-489-hw2.pdf Graphic file (type pdf)
<use Resources/aero-489/aero-489-hw2.pdf, page 2>
Package pdftex.def Info: Resources/aero-489/aero-489-hw2.pdf , page2 used on in
put line 51.
(pdftex.def)             Requested size: 597.78697pt x 773.60669pt.
 [10 <./Resources/aero-489/aero-489-hw2.pdf>]
<Resources/aero-489/aero-489-hw2.pdf, id=188, page=3, 614.295pt x 794.97pt>
File: Resources/aero-489/aero-489-hw2.pdf Graphic file (type pdf)
<use Resources/aero-489/aero-489-hw2.pdf, page 3>
Package pdftex.def Info: Resources/aero-489/aero-489-hw2.pdf , page3 used on in
put line 51.
(pdftex.def)             Requested size: 597.78697pt x 773.60669pt.
File: Resources/aero-489/aero-489-hw2.pdf Graphic file (type pdf)
<use Resources/aero-489/aero-489-hw2.pdf, page 3>
Package pdftex.def Info: Resources/aero-489/aero-489-hw2.pdf , page3 used on in
put line 51.
(pdftex.def)             Requested size: 597.78697pt x 773.60669pt.
File: Resources/aero-489/aero-489-hw2.pdf Graphic file (type pdf)
<use Resources/aero-489/aero-489-hw2.pdf, page 3>
Package pdftex.def Info: Resources/aero-489/aero-489-hw2.pdf , page3 used on in
put line 51.
(pdftex.def)             Requested size: 597.78697pt x 773.60669pt.

[11 <./Resources/aero-489/aero-489-hw2.pdf>]
<Resources/aero-489/aero-489-hw2.pdf, id=195, page=4, 614.295pt x 794.97pt>
File: Resources/aero-489/aero-489-hw2.pdf Graphic file (type pdf)
<use Resources/aero-489/aero-489-hw2.pdf, page 4>
Package pdftex.def Info: Resources/aero-489/aero-489-hw2.pdf , page4 used on in
put line 51.
(pdftex.def)             Requested size: 597.78697pt x 773.60669pt.
File: Resources/aero-489/aero-489-hw2.pdf Graphic file (type pdf)
<use Resources/aero-489/aero-489-hw2.pdf, page 4>
Package pdftex.def Info: Resources/aero-489/aero-489-hw2.pdf , page4 used on in
put line 51.
(pdftex.def)             Requested size: 597.78697pt x 773.60669pt.
File: Resources/aero-489/aero-489-hw2.pdf Graphic file (type pdf)
<use Resources/aero-489/aero-489-hw2.pdf, page 4>
Package pdftex.def Info: Resources/aero-489/aero-489-hw2.pdf , page4 used on in
put line 51.
(pdftex.def)             Requested size: 597.78697pt x 773.60669pt.
 [12 <./Resources/aero-489/aero-489-hw2.pdf>]
<Resources/aero-489/aero-489-hw3.pdf, id=200, 614.295pt x 794.97pt>
File: Resources/aero-489/aero-489-hw3.pdf Graphic file (type pdf)
<use Resources/aero-489/aero-489-hw3.pdf>
Package pdftex.def Info: Resources/aero-489/aero-489-hw3.pdf  used on input lin
e 52.
(pdftex.def)             Requested size: 614.29349pt x 794.96806pt.
File: Resources/aero-489/aero-489-hw3.pdf Graphic file (type pdf)
<use Resources/aero-489/aero-489-hw3.pdf>
Package pdftex.def Info: Resources/aero-489/aero-489-hw3.pdf  used on input lin
e 52.
(pdftex.def)             Requested size: 614.29349pt x 794.96806pt.
<Resources/aero-489/aero-489-hw3.pdf, id=203, page=1, 614.295pt x 794.97pt>
File: Resources/aero-489/aero-489-hw3.pdf Graphic file (type pdf)
<use Resources/aero-489/aero-489-hw3.pdf, page 1>
Package pdftex.def Info: Resources/aero-489/aero-489-hw3.pdf , page1 used on in
put line 52.
(pdftex.def)             Requested size: 614.29349pt x 794.96806pt.
File: Resources/aero-489/aero-489-hw3.pdf Graphic file (type pdf)
<use Resources/aero-489/aero-489-hw3.pdf, page 1>
Package pdftex.def Info: Resources/aero-489/aero-489-hw3.pdf , page1 used on in
put line 52.
(pdftex.def)             Requested size: 597.78697pt x 773.60669pt.
File: Resources/aero-489/aero-489-hw3.pdf Graphic file (type pdf)
<use Resources/aero-489/aero-489-hw3.pdf, page 1>
Package pdftex.def Info: Resources/aero-489/aero-489-hw3.pdf , page1 used on in
put line 52.
(pdftex.def)             Requested size: 597.78697pt x 773.60669pt.
File: Resources/aero-489/aero-489-hw3.pdf Graphic file (type pdf)
<use Resources/aero-489/aero-489-hw3.pdf, page 1>
Package pdftex.def Info: Resources/aero-489/aero-489-hw3.pdf , page1 used on in
put line 52.
(pdftex.def)             Requested size: 597.78697pt x 773.60669pt.
File: Resources/aero-489/aero-489-hw3.pdf Graphic file (type pdf)
<use Resources/aero-489/aero-489-hw3.pdf, page 1>
Package pdftex.def Info: Resources/aero-489/aero-489-hw3.pdf , page1 used on in
put line 52.
(pdftex.def)             Requested size: 597.78697pt x 773.60669pt.
 [13 <./Resources/aero-489/aero-489-hw3.pdf>]
<Resources/aero-489/aero-489-hw3.pdf, id=234, page=2, 614.295pt x 794.97pt>
File: Resources/aero-489/aero-489-hw3.pdf Graphic file (type pdf)
<use Resources/aero-489/aero-489-hw3.pdf, page 2>
Package pdftex.def Info: Resources/aero-489/aero-489-hw3.pdf , page2 used on in
put line 52.
(pdftex.def)             Requested size: 597.78697pt x 773.60669pt.
File: Resources/aero-489/aero-489-hw3.pdf Graphic file (type pdf)
<use Resources/aero-489/aero-489-hw3.pdf, page 2>
Package pdftex.def Info: Resources/aero-489/aero-489-hw3.pdf , page2 used on in
put line 52.
(pdftex.def)             Requested size: 597.78697pt x 773.60669pt.
File: Resources/aero-489/aero-489-hw3.pdf Graphic file (type pdf)
<use Resources/aero-489/aero-489-hw3.pdf, page 2>
Package pdftex.def Info: Resources/aero-489/aero-489-hw3.pdf , page2 used on in
put line 52.
(pdftex.def)             Requested size: 597.78697pt x 773.60669pt.
 [14 <./Resources/aero-489/aero-489-hw3.pdf>]
<Resources/aero-489/aero-489-hw3.pdf, id=249, page=3, 614.295pt x 794.97pt>
File: Resources/aero-489/aero-489-hw3.pdf Graphic file (type pdf)
<use Resources/aero-489/aero-489-hw3.pdf, page 3>
Package pdftex.def Info: Resources/aero-489/aero-489-hw3.pdf , page3 used on in
put line 52.
(pdftex.def)             Requested size: 597.78697pt x 773.60669pt.
File: Resources/aero-489/aero-489-hw3.pdf Graphic file (type pdf)
<use Resources/aero-489/aero-489-hw3.pdf, page 3>
Package pdftex.def Info: Resources/aero-489/aero-489-hw3.pdf , page3 used on in
put line 52.
(pdftex.def)             Requested size: 597.78697pt x 773.60669pt.
File: Resources/aero-489/aero-489-hw3.pdf Graphic file (type pdf)
<use Resources/aero-489/aero-489-hw3.pdf, page 3>
Package pdftex.def Info: Resources/aero-489/aero-489-hw3.pdf , page3 used on in
put line 52.
(pdftex.def)             Requested size: 597.78697pt x 773.60669pt.
 [15 <./Resources/aero-489/aero-489-hw3.pdf>]
<Resources/aero-489/aero-489-hw3.pdf, id=255, page=4, 614.295pt x 794.97pt>
File: Resources/aero-489/aero-489-hw3.pdf Graphic file (type pdf)
<use Resources/aero-489/aero-489-hw3.pdf, page 4>
Package pdftex.def Info: Resources/aero-489/aero-489-hw3.pdf , page4 used on in
put line 52.
(pdftex.def)             Requested size: 597.78697pt x 773.60669pt.
File: Resources/aero-489/aero-489-hw3.pdf Graphic file (type pdf)
<use Resources/aero-489/aero-489-hw3.pdf, page 4>
Package pdftex.def Info: Resources/aero-489/aero-489-hw3.pdf , page4 used on in
put line 52.
(pdftex.def)             Requested size: 597.78697pt x 773.60669pt.
File: Resources/aero-489/aero-489-hw3.pdf Graphic file (type pdf)
<use Resources/aero-489/aero-489-hw3.pdf, page 4>
Package pdftex.def Info: Resources/aero-489/aero-489-hw3.pdf , page4 used on in
put line 52.
(pdftex.def)             Requested size: 597.78697pt x 773.60669pt.
 [16 <./Resources/aero-489/aero-489-hw3.pdf>]
<Resources/aero-489/aero-489-hw3.pdf, id=262, page=5, 614.295pt x 794.97pt>
File: Resources/aero-489/aero-489-hw3.pdf Graphic file (type pdf)
<use Resources/aero-489/aero-489-hw3.pdf, page 5>
Package pdftex.def Info: Resources/aero-489/aero-489-hw3.pdf , page5 used on in
put line 52.
(pdftex.def)             Requested size: 597.78697pt x 773.60669pt.
File: Resources/aero-489/aero-489-hw3.pdf Graphic file (type pdf)
<use Resources/aero-489/aero-489-hw3.pdf, page 5>
Package pdftex.def Info: Resources/aero-489/aero-489-hw3.pdf , page5 used on in
put line 52.
(pdftex.def)             Requested size: 597.78697pt x 773.60669pt.
File: Resources/aero-489/aero-489-hw3.pdf Graphic file (type pdf)
<use Resources/aero-489/aero-489-hw3.pdf, page 5>
Package pdftex.def Info: Resources/aero-489/aero-489-hw3.pdf , page5 used on in
put line 52.
(pdftex.def)             Requested size: 597.78697pt x 773.60669pt.
 [17 <./Resources/aero-489/aero-489-hw3.pdf>]
<Resources/aero-489/aero-489-hw4.pdf, id=279, 614.295pt x 794.97pt>
File: Resources/aero-489/aero-489-hw4.pdf Graphic file (type pdf)
<use Resources/aero-489/aero-489-hw4.pdf>
Package pdftex.def Info: Resources/aero-489/aero-489-hw4.pdf  used on input lin
e 53.
(pdftex.def)             Requested size: 614.29349pt x 794.96806pt.
File: Resources/aero-489/aero-489-hw4.pdf Graphic file (type pdf)
<use Resources/aero-489/aero-489-hw4.pdf>
Package pdftex.def Info: Resources/aero-489/aero-489-hw4.pdf  used on input lin
e 53.
(pdftex.def)             Requested size: 614.29349pt x 794.96806pt.
<Resources/aero-489/aero-489-hw4.pdf, id=282, page=1, 614.295pt x 794.97pt>
File: Resources/aero-489/aero-489-hw4.pdf Graphic file (type pdf)
<use Resources/aero-489/aero-489-hw4.pdf, page 1>
Package pdftex.def Info: Resources/aero-489/aero-489-hw4.pdf , page1 used on in
put line 53.
(pdftex.def)             Requested size: 614.29349pt x 794.96806pt.
File: Resources/aero-489/aero-489-hw4.pdf Graphic file (type pdf)
<use Resources/aero-489/aero-489-hw4.pdf, page 1>
Package pdftex.def Info: Resources/aero-489/aero-489-hw4.pdf , page1 used on in
put line 53.
(pdftex.def)             Requested size: 597.78697pt x 773.60669pt.
File: Resources/aero-489/aero-489-hw4.pdf Graphic file (type pdf)
<use Resources/aero-489/aero-489-hw4.pdf, page 1>
Package pdftex.def Info: Resources/aero-489/aero-489-hw4.pdf , page1 used on in
put line 53.
(pdftex.def)             Requested size: 597.78697pt x 773.60669pt.
File: Resources/aero-489/aero-489-hw4.pdf Graphic file (type pdf)
<use Resources/aero-489/aero-489-hw4.pdf, page 1>
Package pdftex.def Info: Resources/aero-489/aero-489-hw4.pdf , page1 used on in
put line 53.
(pdftex.def)             Requested size: 597.78697pt x 773.60669pt.
File: Resources/aero-489/aero-489-hw4.pdf Graphic file (type pdf)
<use Resources/aero-489/aero-489-hw4.pdf, page 1>
Package pdftex.def Info: Resources/aero-489/aero-489-hw4.pdf , page1 used on in
put line 53.
(pdftex.def)             Requested size: 597.78697pt x 773.60669pt.

[18 <./Resources/aero-489/aero-489-hw4.pdf>]
<Resources/aero-489/aero-489-hw4.pdf, id=312, page=2, 614.295pt x 794.97pt>
File: Resources/aero-489/aero-489-hw4.pdf Graphic file (type pdf)
<use Resources/aero-489/aero-489-hw4.pdf, page 2>
Package pdftex.def Info: Resources/aero-489/aero-489-hw4.pdf , page2 used on in
put line 53.
(pdftex.def)             Requested size: 597.78697pt x 773.60669pt.
File: Resources/aero-489/aero-489-hw4.pdf Graphic file (type pdf)
<use Resources/aero-489/aero-489-hw4.pdf, page 2>
Package pdftex.def Info: Resources/aero-489/aero-489-hw4.pdf , page2 used on in
put line 53.
(pdftex.def)             Requested size: 597.78697pt x 773.60669pt.
File: Resources/aero-489/aero-489-hw4.pdf Graphic file (type pdf)
<use Resources/aero-489/aero-489-hw4.pdf, page 2>
Package pdftex.def Info: Resources/aero-489/aero-489-hw4.pdf , page2 used on in
put line 53.
(pdftex.def)             Requested size: 597.78697pt x 773.60669pt.
 [19 <./Resources/aero-489/aero-489-hw4.pdf>]
<Resources/aero-489/aero-489-hw5.pdf, id=318, 614.295pt x 794.97pt>
File: Resources/aero-489/aero-489-hw5.pdf Graphic file (type pdf)
<use Resources/aero-489/aero-489-hw5.pdf>
Package pdftex.def Info: Resources/aero-489/aero-489-hw5.pdf  used on input lin
e 54.
(pdftex.def)             Requested size: 614.29349pt x 794.96806pt.
File: Resources/aero-489/aero-489-hw5.pdf Graphic file (type pdf)
<use Resources/aero-489/aero-489-hw5.pdf>
Package pdftex.def Info: Resources/aero-489/aero-489-hw5.pdf  used on input lin
e 54.
(pdftex.def)             Requested size: 614.29349pt x 794.96806pt.
<Resources/aero-489/aero-489-hw5.pdf, id=321, page=1, 614.295pt x 794.97pt>
File: Resources/aero-489/aero-489-hw5.pdf Graphic file (type pdf)
<use Resources/aero-489/aero-489-hw5.pdf, page 1>
Package pdftex.def Info: Resources/aero-489/aero-489-hw5.pdf , page1 used on in
put line 54.
(pdftex.def)             Requested size: 614.29349pt x 794.96806pt.
File: Resources/aero-489/aero-489-hw5.pdf Graphic file (type pdf)
<use Resources/aero-489/aero-489-hw5.pdf, page 1>
Package pdftex.def Info: Resources/aero-489/aero-489-hw5.pdf , page1 used on in
put line 54.
(pdftex.def)             Requested size: 597.78697pt x 773.60669pt.
File: Resources/aero-489/aero-489-hw5.pdf Graphic file (type pdf)
<use Resources/aero-489/aero-489-hw5.pdf, page 1>
Package pdftex.def Info: Resources/aero-489/aero-489-hw5.pdf , page1 used on in
put line 54.
(pdftex.def)             Requested size: 597.78697pt x 773.60669pt.
File: Resources/aero-489/aero-489-hw5.pdf Graphic file (type pdf)
<use Resources/aero-489/aero-489-hw5.pdf, page 1>
Package pdftex.def Info: Resources/aero-489/aero-489-hw5.pdf , page1 used on in
put line 54.
(pdftex.def)             Requested size: 597.78697pt x 773.60669pt.
File: Resources/aero-489/aero-489-hw5.pdf Graphic file (type pdf)
<use Resources/aero-489/aero-489-hw5.pdf, page 1>
Package pdftex.def Info: Resources/aero-489/aero-489-hw5.pdf , page1 used on in
put line 54.
(pdftex.def)             Requested size: 597.78697pt x 773.60669pt.
 [20 <./Resources/aero-489/aero-489-hw5.pdf>]
<Resources/aero-489/aero-489-hw5.pdf, id=353, page=2, 614.295pt x 794.97pt>
File: Resources/aero-489/aero-489-hw5.pdf Graphic file (type pdf)
<use Resources/aero-489/aero-489-hw5.pdf, page 2>
Package pdftex.def Info: Resources/aero-489/aero-489-hw5.pdf , page2 used on in
put line 54.
(pdftex.def)             Requested size: 597.78697pt x 773.60669pt.
File: Resources/aero-489/aero-489-hw5.pdf Graphic file (type pdf)
<use Resources/aero-489/aero-489-hw5.pdf, page 2>
Package pdftex.def Info: Resources/aero-489/aero-489-hw5.pdf , page2 used on in
put line 54.
(pdftex.def)             Requested size: 597.78697pt x 773.60669pt.
File: Resources/aero-489/aero-489-hw5.pdf Graphic file (type pdf)
<use Resources/aero-489/aero-489-hw5.pdf, page 2>
Package pdftex.def Info: Resources/aero-489/aero-489-hw5.pdf , page2 used on in
put line 54.
(pdftex.def)             Requested size: 597.78697pt x 773.60669pt.
 [21 <./Resources/aero-489/aero-489-hw5.pdf>]
<Resources/aero-489/aero-489-hw5.pdf, id=359, page=3, 614.295pt x 794.97pt>
File: Resources/aero-489/aero-489-hw5.pdf Graphic file (type pdf)
<use Resources/aero-489/aero-489-hw5.pdf, page 3>
Package pdftex.def Info: Resources/aero-489/aero-489-hw5.pdf , page3 used on in
put line 54.
(pdftex.def)             Requested size: 597.78697pt x 773.60669pt.
File: Resources/aero-489/aero-489-hw5.pdf Graphic file (type pdf)
<use Resources/aero-489/aero-489-hw5.pdf, page 3>
Package pdftex.def Info: Resources/aero-489/aero-489-hw5.pdf , page3 used on in
put line 54.
(pdftex.def)             Requested size: 597.78697pt x 773.60669pt.
File: Resources/aero-489/aero-489-hw5.pdf Graphic file (type pdf)
<use Resources/aero-489/aero-489-hw5.pdf, page 3>
Package pdftex.def Info: Resources/aero-489/aero-489-hw5.pdf , page3 used on in
put line 54.
(pdftex.def)             Requested size: 597.78697pt x 773.60669pt.
 [22 <./Resources/aero-489/aero-489-hw5.pdf>]
<Resources/aero-489/aero-489-hw5.pdf, id=365, page=4, 614.295pt x 794.97pt>
File: Resources/aero-489/aero-489-hw5.pdf Graphic file (type pdf)
<use Resources/aero-489/aero-489-hw5.pdf, page 4>
Package pdftex.def Info: Resources/aero-489/aero-489-hw5.pdf , page4 used on in
put line 54.
(pdftex.def)             Requested size: 597.78697pt x 773.60669pt.
File: Resources/aero-489/aero-489-hw5.pdf Graphic file (type pdf)
<use Resources/aero-489/aero-489-hw5.pdf, page 4>
Package pdftex.def Info: Resources/aero-489/aero-489-hw5.pdf , page4 used on in
put line 54.
(pdftex.def)             Requested size: 597.78697pt x 773.60669pt.
File: Resources/aero-489/aero-489-hw5.pdf Graphic file (type pdf)
<use Resources/aero-489/aero-489-hw5.pdf, page 4>
Package pdftex.def Info: Resources/aero-489/aero-489-hw5.pdf , page4 used on in
put line 54.
(pdftex.def)             Requested size: 597.78697pt x 773.60669pt.
 [23 <./Resources/aero-489/aero-489-hw5.pdf>]
<Resources/aero-489/aero-489-hw5.pdf, id=372, page=5, 614.295pt x 794.97pt>
File: Resources/aero-489/aero-489-hw5.pdf Graphic file (type pdf)
<use Resources/aero-489/aero-489-hw5.pdf, page 5>
Package pdftex.def Info: Resources/aero-489/aero-489-hw5.pdf , page5 used on in
put line 54.
(pdftex.def)             Requested size: 597.78697pt x 773.60669pt.
File: Resources/aero-489/aero-489-hw5.pdf Graphic file (type pdf)
<use Resources/aero-489/aero-489-hw5.pdf, page 5>
Package pdftex.def Info: Resources/aero-489/aero-489-hw5.pdf , page5 used on in
put line 54.
(pdftex.def)             Requested size: 597.78697pt x 773.60669pt.
File: Resources/aero-489/aero-489-hw5.pdf Graphic file (type pdf)
<use Resources/aero-489/aero-489-hw5.pdf, page 5>
Package pdftex.def Info: Resources/aero-489/aero-489-hw5.pdf , page5 used on in
put line 54.
(pdftex.def)             Requested size: 597.78697pt x 773.60669pt.
 [24 <./Resources/aero-489/aero-489-hw5.pdf>]
<Resources/aero-489/aero-489-hw5.pdf, id=379, page=6, 614.295pt x 794.97pt>
File: Resources/aero-489/aero-489-hw5.pdf Graphic file (type pdf)
<use Resources/aero-489/aero-489-hw5.pdf, page 6>
Package pdftex.def Info: Resources/aero-489/aero-489-hw5.pdf , page6 used on in
put line 54.
(pdftex.def)             Requested size: 597.78697pt x 773.60669pt.
File: Resources/aero-489/aero-489-hw5.pdf Graphic file (type pdf)
<use Resources/aero-489/aero-489-hw5.pdf, page 6>
Package pdftex.def Info: Resources/aero-489/aero-489-hw5.pdf , page6 used on in
put line 54.
(pdftex.def)             Requested size: 597.78697pt x 773.60669pt.
File: Resources/aero-489/aero-489-hw5.pdf Graphic file (type pdf)
<use Resources/aero-489/aero-489-hw5.pdf, page 6>
Package pdftex.def Info: Resources/aero-489/aero-489-hw5.pdf , page6 used on in
put line 54.
(pdftex.def)             Requested size: 597.78697pt x 773.60669pt.

[25 <./Resources/aero-489/aero-489-hw5.pdf>]
<Resources/aero-489/aero-489-hw5.pdf, id=387, page=7, 614.295pt x 794.97pt>
File: Resources/aero-489/aero-489-hw5.pdf Graphic file (type pdf)
<use Resources/aero-489/aero-489-hw5.pdf, page 7>
Package pdftex.def Info: Resources/aero-489/aero-489-hw5.pdf , page7 used on in
put line 54.
(pdftex.def)             Requested size: 597.78697pt x 773.60669pt.
File: Resources/aero-489/aero-489-hw5.pdf Graphic file (type pdf)
<use Resources/aero-489/aero-489-hw5.pdf, page 7>
Package pdftex.def Info: Resources/aero-489/aero-489-hw5.pdf , page7 used on in
put line 54.
(pdftex.def)             Requested size: 597.78697pt x 773.60669pt.
File: Resources/aero-489/aero-489-hw5.pdf Graphic file (type pdf)
<use Resources/aero-489/aero-489-hw5.pdf, page 7>
Package pdftex.def Info: Resources/aero-489/aero-489-hw5.pdf , page7 used on in
put line 54.
(pdftex.def)             Requested size: 597.78697pt x 773.60669pt.
 [26 <./Resources/aero-489/aero-489-hw5.pdf>]
<Resources/aero-489/aero-489-hw5.pdf, id=394, page=8, 614.295pt x 794.97pt>
File: Resources/aero-489/aero-489-hw5.pdf Graphic file (type pdf)
<use Resources/aero-489/aero-489-hw5.pdf, page 8>
Package pdftex.def Info: Resources/aero-489/aero-489-hw5.pdf , page8 used on in
put line 54.
(pdftex.def)             Requested size: 597.78697pt x 773.60669pt.
File: Resources/aero-489/aero-489-hw5.pdf Graphic file (type pdf)
<use Resources/aero-489/aero-489-hw5.pdf, page 8>
Package pdftex.def Info: Resources/aero-489/aero-489-hw5.pdf , page8 used on in
put line 54.
(pdftex.def)             Requested size: 597.78697pt x 773.60669pt.
File: Resources/aero-489/aero-489-hw5.pdf Graphic file (type pdf)
<use Resources/aero-489/aero-489-hw5.pdf, page 8>
Package pdftex.def Info: Resources/aero-489/aero-489-hw5.pdf , page8 used on in
put line 54.
(pdftex.def)             Requested size: 597.78697pt x 773.60669pt.
 [27 <./Resources/aero-489/aero-489-hw5.pdf>]
<Resources/aero-489/aero-489-hw5.pdf, id=401, page=9, 614.295pt x 794.97pt>
File: Resources/aero-489/aero-489-hw5.pdf Graphic file (type pdf)
<use Resources/aero-489/aero-489-hw5.pdf, page 9>
Package pdftex.def Info: Resources/aero-489/aero-489-hw5.pdf , page9 used on in
put line 54.
(pdftex.def)             Requested size: 597.78697pt x 773.60669pt.
File: Resources/aero-489/aero-489-hw5.pdf Graphic file (type pdf)
<use Resources/aero-489/aero-489-hw5.pdf, page 9>
Package pdftex.def Info: Resources/aero-489/aero-489-hw5.pdf , page9 used on in
put line 54.
(pdftex.def)             Requested size: 597.78697pt x 773.60669pt.
File: Resources/aero-489/aero-489-hw5.pdf Graphic file (type pdf)
<use Resources/aero-489/aero-489-hw5.pdf, page 9>
Package pdftex.def Info: Resources/aero-489/aero-489-hw5.pdf , page9 used on in
put line 54.
(pdftex.def)             Requested size: 597.78697pt x 773.60669pt.
 [28 <./Resources/aero-489/aero-489-hw5.pdf>]
<Resources/aero-489/aero-489-hw5.pdf, id=408, page=10, 614.295pt x 794.97pt>
File: Resources/aero-489/aero-489-hw5.pdf Graphic file (type pdf)
<use Resources/aero-489/aero-489-hw5.pdf, page 10>
Package pdftex.def Info: Resources/aero-489/aero-489-hw5.pdf , page10 used on i
nput line 54.
(pdftex.def)             Requested size: 597.78697pt x 773.60669pt.
File: Resources/aero-489/aero-489-hw5.pdf Graphic file (type pdf)
<use Resources/aero-489/aero-489-hw5.pdf, page 10>
Package pdftex.def Info: Resources/aero-489/aero-489-hw5.pdf , page10 used on i
nput line 54.
(pdftex.def)             Requested size: 597.78697pt x 773.60669pt.
File: Resources/aero-489/aero-489-hw5.pdf Graphic file (type pdf)
<use Resources/aero-489/aero-489-hw5.pdf, page 10>
Package pdftex.def Info: Resources/aero-489/aero-489-hw5.pdf , page10 used on i
nput line 54.
(pdftex.def)             Requested size: 597.78697pt x 773.60669pt.
 [29 <./Resources/aero-489/aero-489-hw5.pdf>]
<Resources/aero-489/aero-489-hw5.pdf, id=415, page=11, 614.295pt x 794.97pt>
File: Resources/aero-489/aero-489-hw5.pdf Graphic file (type pdf)
<use Resources/aero-489/aero-489-hw5.pdf, page 11>
Package pdftex.def Info: Resources/aero-489/aero-489-hw5.pdf , page11 used on i
nput line 54.
(pdftex.def)             Requested size: 597.78697pt x 773.60669pt.
File: Resources/aero-489/aero-489-hw5.pdf Graphic file (type pdf)
<use Resources/aero-489/aero-489-hw5.pdf, page 11>
Package pdftex.def Info: Resources/aero-489/aero-489-hw5.pdf , page11 used on i
nput line 54.
(pdftex.def)             Requested size: 597.78697pt x 773.60669pt.
File: Resources/aero-489/aero-489-hw5.pdf Graphic file (type pdf)
<use Resources/aero-489/aero-489-hw5.pdf, page 11>
Package pdftex.def Info: Resources/aero-489/aero-489-hw5.pdf , page11 used on i
nput line 54.
(pdftex.def)             Requested size: 597.78697pt x 773.60669pt.
 [30 <./Resources/aero-489/aero-489-hw5.pdf>]
<Resources/aero-489/aero-489-hw5.pdf, id=420, page=12, 614.295pt x 794.97pt>
File: Resources/aero-489/aero-489-hw5.pdf Graphic file (type pdf)
<use Resources/aero-489/aero-489-hw5.pdf, page 12>
Package pdftex.def Info: Resources/aero-489/aero-489-hw5.pdf , page12 used on i
nput line 54.
(pdftex.def)             Requested size: 597.78697pt x 773.60669pt.
File: Resources/aero-489/aero-489-hw5.pdf Graphic file (type pdf)
<use Resources/aero-489/aero-489-hw5.pdf, page 12>
Package pdftex.def Info: Resources/aero-489/aero-489-hw5.pdf , page12 used on i
nput line 54.
(pdftex.def)             Requested size: 597.78697pt x 773.60669pt.
File: Resources/aero-489/aero-489-hw5.pdf Graphic file (type pdf)
<use Resources/aero-489/aero-489-hw5.pdf, page 12>
Package pdftex.def Info: Resources/aero-489/aero-489-hw5.pdf , page12 used on i
nput line 54.
(pdftex.def)             Requested size: 597.78697pt x 773.60669pt.
 [31 <./Resources/aero-489/aero-489-hw5.pdf>]
<Resources/aero-489/AERO_489_final_presentation.pdf, id=434, 722.7pt x 406.5187
5pt>
File: Resources/aero-489/AERO_489_final_presentation.pdf Graphic file (type pdf
)
<use Resources/aero-489/AERO_489_final_presentation.pdf>
Package pdftex.def Info: Resources/aero-489/AERO_489_final_presentation.pdf  us
ed on input line 55.
(pdftex.def)             Requested size: 722.69823pt x 406.51775pt.
File: Resources/aero-489/AERO_489_final_presentation.pdf Graphic file (type pdf
)
<use Resources/aero-489/AERO_489_final_presentation.pdf>
Package pdftex.def Info: Resources/aero-489/AERO_489_final_presentation.pdf  us
ed on input line 55.
(pdftex.def)             Requested size: 722.69823pt x 406.51775pt.
<Resources/aero-489/AERO_489_final_presentation.pdf, id=437, page=1, 722.7pt x 
406.51875pt>
File: Resources/aero-489/AERO_489_final_presentation.pdf Graphic file (type pdf
)
<use Resources/aero-489/AERO_489_final_presentation.pdf, page 1>
Package pdftex.def Info: Resources/aero-489/AERO_489_final_presentation.pdf , p
age1 used on input line 55.
(pdftex.def)             Requested size: 722.69823pt x 406.51775pt.
File: Resources/aero-489/AERO_489_final_presentation.pdf Graphic file (type pdf
)
<use Resources/aero-489/AERO_489_final_presentation.pdf, page 1>
Package pdftex.def Info: Resources/aero-489/AERO_489_final_presentation.pdf , p
age1 used on input line 55.
(pdftex.def)             Requested size: 845.85333pt x 475.7925pt.
File: Resources/aero-489/AERO_489_final_presentation.pdf Graphic file (type pdf
)
<use Resources/aero-489/AERO_489_final_presentation.pdf, page 1>
Package pdftex.def Info: Resources/aero-489/AERO_489_final_presentation.pdf , p
age1 used on input line 55.
(pdftex.def)             Requested size: 845.85333pt x 475.7925pt.
File: Resources/aero-489/AERO_489_final_presentation.pdf Graphic file (type pdf
)
<use Resources/aero-489/AERO_489_final_presentation.pdf, page 1>
Package pdftex.def Info: Resources/aero-489/AERO_489_final_presentation.pdf , p
age1 used on input line 55.
(pdftex.def)             Requested size: 845.85333pt x 475.7925pt.
File: Resources/aero-489/AERO_489_final_presentation.pdf Graphic file (type pdf
)
<use Resources/aero-489/AERO_489_final_presentation.pdf, page 1>
Package pdftex.def Info: Resources/aero-489/AERO_489_final_presentation.pdf , p
age1 used on input line 55.
(pdftex.def)             Requested size: 845.85333pt x 475.7925pt.

[32 <./Resources/aero-489/AERO_489_final_presentation.pdf>]
<Resources/aero-489/AERO_489_final_presentation.pdf, id=476, page=2, 722.7pt x 
406.51875pt>
File: Resources/aero-489/AERO_489_final_presentation.pdf Graphic file (type pdf
)
<use Resources/aero-489/AERO_489_final_presentation.pdf, page 2>
Package pdftex.def Info: Resources/aero-489/AERO_489_final_presentation.pdf , p
age2 used on input line 55.
(pdftex.def)             Requested size: 845.85333pt x 475.7925pt.
File: Resources/aero-489/AERO_489_final_presentation.pdf Graphic file (type pdf
)
<use Resources/aero-489/AERO_489_final_presentation.pdf, page 2>
Package pdftex.def Info: Resources/aero-489/AERO_489_final_presentation.pdf , p
age2 used on input line 55.
(pdftex.def)             Requested size: 845.85333pt x 475.7925pt.
File: Resources/aero-489/AERO_489_final_presentation.pdf Graphic file (type pdf
)
<use Resources/aero-489/AERO_489_final_presentation.pdf, page 2>
Package pdftex.def Info: Resources/aero-489/AERO_489_final_presentation.pdf , p
age2 used on input line 55.
(pdftex.def)             Requested size: 845.85333pt x 475.7925pt.
 [33 <./Resources/aero-489/AERO_489_final_presentation.pdf>]
<Resources/aero-489/AERO_489_final_presentation.pdf, id=491, page=3, 722.7pt x 
406.51875pt>
File: Resources/aero-489/AERO_489_final_presentation.pdf Graphic file (type pdf
)
<use Resources/aero-489/AERO_489_final_presentation.pdf, page 3>
Package pdftex.def Info: Resources/aero-489/AERO_489_final_presentation.pdf , p
age3 used on input line 55.
(pdftex.def)             Requested size: 845.85333pt x 475.7925pt.
File: Resources/aero-489/AERO_489_final_presentation.pdf Graphic file (type pdf
)
<use Resources/aero-489/AERO_489_final_presentation.pdf, page 3>
Package pdftex.def Info: Resources/aero-489/AERO_489_final_presentation.pdf , p
age3 used on input line 55.
(pdftex.def)             Requested size: 845.85333pt x 475.7925pt.
File: Resources/aero-489/AERO_489_final_presentation.pdf Graphic file (type pdf
)
<use Resources/aero-489/AERO_489_final_presentation.pdf, page 3>
Package pdftex.def Info: Resources/aero-489/AERO_489_final_presentation.pdf , p
age3 used on input line 55.
(pdftex.def)             Requested size: 845.85333pt x 475.7925pt.
 [34 <./Resources/aero-489/AERO_489_final_presentation.pdf>]
<Resources/aero-489/AERO_489_final_presentation.pdf, id=499, page=4, 722.7pt x 
406.51875pt>
File: Resources/aero-489/AERO_489_final_presentation.pdf Graphic file (type pdf
)
<use Resources/aero-489/AERO_489_final_presentation.pdf, page 4>
Package pdftex.def Info: Resources/aero-489/AERO_489_final_presentation.pdf , p
age4 used on input line 55.
(pdftex.def)             Requested size: 845.85333pt x 475.7925pt.
File: Resources/aero-489/AERO_489_final_presentation.pdf Graphic file (type pdf
)
<use Resources/aero-489/AERO_489_final_presentation.pdf, page 4>
Package pdftex.def Info: Resources/aero-489/AERO_489_final_presentation.pdf , p
age4 used on input line 55.
(pdftex.def)             Requested size: 845.85333pt x 475.7925pt.
File: Resources/aero-489/AERO_489_final_presentation.pdf Graphic file (type pdf
)
<use Resources/aero-489/AERO_489_final_presentation.pdf, page 4>
Package pdftex.def Info: Resources/aero-489/AERO_489_final_presentation.pdf , p
age4 used on input line 55.
(pdftex.def)             Requested size: 845.85333pt x 475.7925pt.
 [35 <./Resources/aero-489/AERO_489_final_presentation.pdf>]
<Resources/aero-489/AERO_489_final_presentation.pdf, id=505, page=5, 722.7pt x 
406.51875pt>
File: Resources/aero-489/AERO_489_final_presentation.pdf Graphic file (type pdf
)
<use Resources/aero-489/AERO_489_final_presentation.pdf, page 5>
Package pdftex.def Info: Resources/aero-489/AERO_489_final_presentation.pdf , p
age5 used on input line 55.
(pdftex.def)             Requested size: 845.85333pt x 475.7925pt.
File: Resources/aero-489/AERO_489_final_presentation.pdf Graphic file (type pdf
)
<use Resources/aero-489/AERO_489_final_presentation.pdf, page 5>
Package pdftex.def Info: Resources/aero-489/AERO_489_final_presentation.pdf , p
age5 used on input line 55.
(pdftex.def)             Requested size: 845.85333pt x 475.7925pt.
File: Resources/aero-489/AERO_489_final_presentation.pdf Graphic file (type pdf
)
<use Resources/aero-489/AERO_489_final_presentation.pdf, page 5>
Package pdftex.def Info: Resources/aero-489/AERO_489_final_presentation.pdf , p
age5 used on input line 55.
(pdftex.def)             Requested size: 845.85333pt x 475.7925pt.
 [36 <./Resources/aero-489/AERO_489_final_presentation.pdf>]
<Resources/aero-489/AERO_489_final_presentation.pdf, id=511, page=6, 722.7pt x 
406.51875pt>
File: Resources/aero-489/AERO_489_final_presentation.pdf Graphic file (type pdf
)
<use Resources/aero-489/AERO_489_final_presentation.pdf, page 6>
Package pdftex.def Info: Resources/aero-489/AERO_489_final_presentation.pdf , p
age6 used on input line 55.
(pdftex.def)             Requested size: 845.85333pt x 475.7925pt.
File: Resources/aero-489/AERO_489_final_presentation.pdf Graphic file (type pdf
)
<use Resources/aero-489/AERO_489_final_presentation.pdf, page 6>
Package pdftex.def Info: Resources/aero-489/AERO_489_final_presentation.pdf , p
age6 used on input line 55.
(pdftex.def)             Requested size: 845.85333pt x 475.7925pt.
File: Resources/aero-489/AERO_489_final_presentation.pdf Graphic file (type pdf
)
<use Resources/aero-489/AERO_489_final_presentation.pdf, page 6>
Package pdftex.def Info: Resources/aero-489/AERO_489_final_presentation.pdf , p
age6 used on input line 55.
(pdftex.def)             Requested size: 845.85333pt x 475.7925pt.
 [37 <./Resources/aero-489/AERO_489_final_presentation.pdf>]
<Resources/aero-489/AERO_489_final_presentation.pdf, id=520, page=7, 722.7pt x 
406.51875pt>
File: Resources/aero-489/AERO_489_final_presentation.pdf Graphic file (type pdf
)
<use Resources/aero-489/AERO_489_final_presentation.pdf, page 7>
Package pdftex.def Info: Resources/aero-489/AERO_489_final_presentation.pdf , p
age7 used on input line 55.
(pdftex.def)             Requested size: 845.85333pt x 475.7925pt.
File: Resources/aero-489/AERO_489_final_presentation.pdf Graphic file (type pdf
)
<use Resources/aero-489/AERO_489_final_presentation.pdf, page 7>
Package pdftex.def Info: Resources/aero-489/AERO_489_final_presentation.pdf , p
age7 used on input line 55.
(pdftex.def)             Requested size: 845.85333pt x 475.7925pt.
File: Resources/aero-489/AERO_489_final_presentation.pdf Graphic file (type pdf
)
<use Resources/aero-489/AERO_489_final_presentation.pdf, page 7>
Package pdftex.def Info: Resources/aero-489/AERO_489_final_presentation.pdf , p
age7 used on input line 55.
(pdftex.def)             Requested size: 845.85333pt x 475.7925pt.
 [38 <./Resources/aero-489/AERO_489_final_presentation.pdf>]
<Resources/aero-489/AERO_489_final_presentation.pdf, id=529, page=8, 722.7pt x 
406.51875pt>
File: Resources/aero-489/AERO_489_final_presentation.pdf Graphic file (type pdf
)
<use Resources/aero-489/AERO_489_final_presentation.pdf, page 8>
Package pdftex.def Info: Resources/aero-489/AERO_489_final_presentation.pdf , p
age8 used on input line 55.
(pdftex.def)             Requested size: 845.85333pt x 475.7925pt.
File: Resources/aero-489/AERO_489_final_presentation.pdf Graphic file (type pdf
)
<use Resources/aero-489/AERO_489_final_presentation.pdf, page 8>
Package pdftex.def Info: Resources/aero-489/AERO_489_final_presentation.pdf , p
age8 used on input line 55.
(pdftex.def)             Requested size: 845.85333pt x 475.7925pt.
File: Resources/aero-489/AERO_489_final_presentation.pdf Graphic file (type pdf
)
<use Resources/aero-489/AERO_489_final_presentation.pdf, page 8>
Package pdftex.def Info: Resources/aero-489/AERO_489_final_presentation.pdf , p
age8 used on input line 55.
(pdftex.def)             Requested size: 845.85333pt x 475.7925pt.
 [39 <./Resources/aero-489/AERO_489_final_presentation.pdf>]
<Resources/aero-489/AERO_489_final_presentation.pdf, id=535, page=9, 722.7pt x 
406.51875pt>
File: Resources/aero-489/AERO_489_final_presentation.pdf Graphic file (type pdf
)
<use Resources/aero-489/AERO_489_final_presentation.pdf, page 9>
Package pdftex.def Info: Resources/aero-489/AERO_489_final_presentation.pdf , p
age9 used on input line 55.
(pdftex.def)             Requested size: 845.85333pt x 475.7925pt.
File: Resources/aero-489/AERO_489_final_presentation.pdf Graphic file (type pdf
)
<use Resources/aero-489/AERO_489_final_presentation.pdf, page 9>
Package pdftex.def Info: Resources/aero-489/AERO_489_final_presentation.pdf , p
age9 used on input line 55.
(pdftex.def)             Requested size: 845.85333pt x 475.7925pt.
File: Resources/aero-489/AERO_489_final_presentation.pdf Graphic file (type pdf
)
<use Resources/aero-489/AERO_489_final_presentation.pdf, page 9>
Package pdftex.def Info: Resources/aero-489/AERO_489_final_presentation.pdf , p
age9 used on input line 55.
(pdftex.def)             Requested size: 845.85333pt x 475.7925pt.
 [40 <./Resources/aero-489/AERO_489_final_presentation.pdf>]
<Resources/aero-489/AERO_489_final_presentation.pdf, id=543, page=10, 722.7pt x
 406.51875pt>
File: Resources/aero-489/AERO_489_final_presentation.pdf Graphic file (type pdf
)
<use Resources/aero-489/AERO_489_final_presentation.pdf, page 10>
Package pdftex.def Info: Resources/aero-489/AERO_489_final_presentation.pdf , p
age10 used on input line 55.
(pdftex.def)             Requested size: 845.85333pt x 475.7925pt.
File: Resources/aero-489/AERO_489_final_presentation.pdf Graphic file (type pdf
)
<use Resources/aero-489/AERO_489_final_presentation.pdf, page 10>
Package pdftex.def Info: Resources/aero-489/AERO_489_final_presentation.pdf , p
age10 used on input line 55.
(pdftex.def)             Requested size: 845.85333pt x 475.7925pt.
File: Resources/aero-489/AERO_489_final_presentation.pdf Graphic file (type pdf
)
<use Resources/aero-489/AERO_489_final_presentation.pdf, page 10>
Package pdftex.def Info: Resources/aero-489/AERO_489_final_presentation.pdf , p
age10 used on input line 55.
(pdftex.def)             Requested size: 845.85333pt x 475.7925pt.
 [41 <./Resources/aero-489/AERO_489_final_presentation.pdf>]
<Resources/aero-489/AERO_489_final_presentation.pdf, id=551, page=11, 722.7pt x
 406.51875pt>
File: Resources/aero-489/AERO_489_final_presentation.pdf Graphic file (type pdf
)
<use Resources/aero-489/AERO_489_final_presentation.pdf, page 11>
Package pdftex.def Info: Resources/aero-489/AERO_489_final_presentation.pdf , p
age11 used on input line 55.
(pdftex.def)             Requested size: 845.85333pt x 475.7925pt.
File: Resources/aero-489/AERO_489_final_presentation.pdf Graphic file (type pdf
)
<use Resources/aero-489/AERO_489_final_presentation.pdf, page 11>
Package pdftex.def Info: Resources/aero-489/AERO_489_final_presentation.pdf , p
age11 used on input line 55.
(pdftex.def)             Requested size: 845.85333pt x 475.7925pt.
File: Resources/aero-489/AERO_489_final_presentation.pdf Graphic file (type pdf
)
<use Resources/aero-489/AERO_489_final_presentation.pdf, page 11>
Package pdftex.def Info: Resources/aero-489/AERO_489_final_presentation.pdf , p
age11 used on input line 55.
(pdftex.def)             Requested size: 845.85333pt x 475.7925pt.
 [42 <./Resources/aero-489/AERO_489_final_presentation.pdf>]
<Resources/aero-489/AERO_489_final_presentation.pdf, id=557, page=12, 722.7pt x
 406.51875pt>
File: Resources/aero-489/AERO_489_final_presentation.pdf Graphic file (type pdf
)
<use Resources/aero-489/AERO_489_final_presentation.pdf, page 12>
Package pdftex.def Info: Resources/aero-489/AERO_489_final_presentation.pdf , p
age12 used on input line 55.
(pdftex.def)             Requested size: 845.85333pt x 475.7925pt.
File: Resources/aero-489/AERO_489_final_presentation.pdf Graphic file (type pdf
)
<use Resources/aero-489/AERO_489_final_presentation.pdf, page 12>
Package pdftex.def Info: Resources/aero-489/AERO_489_final_presentation.pdf , p
age12 used on input line 55.
(pdftex.def)             Requested size: 845.85333pt x 475.7925pt.
File: Resources/aero-489/AERO_489_final_presentation.pdf Graphic file (type pdf
)
<use Resources/aero-489/AERO_489_final_presentation.pdf, page 12>
Package pdftex.def Info: Resources/aero-489/AERO_489_final_presentation.pdf , p
age12 used on input line 55.
(pdftex.def)             Requested size: 845.85333pt x 475.7925pt.
 [43 <./Resources/aero-489/AERO_489_final_presentation.pdf>]
<Resources/aero-489/AERO_489_final_presentation.pdf, id=566, page=13, 722.7pt x
 406.51875pt>
File: Resources/aero-489/AERO_489_final_presentation.pdf Graphic file (type pdf
)
<use Resources/aero-489/AERO_489_final_presentation.pdf, page 13>
Package pdftex.def Info: Resources/aero-489/AERO_489_final_presentation.pdf , p
age13 used on input line 55.
(pdftex.def)             Requested size: 845.85333pt x 475.7925pt.
File: Resources/aero-489/AERO_489_final_presentation.pdf Graphic file (type pdf
)
<use Resources/aero-489/AERO_489_final_presentation.pdf, page 13>
Package pdftex.def Info: Resources/aero-489/AERO_489_final_presentation.pdf , p
age13 used on input line 55.
(pdftex.def)             Requested size: 845.85333pt x 475.7925pt.
File: Resources/aero-489/AERO_489_final_presentation.pdf Graphic file (type pdf
)
<use Resources/aero-489/AERO_489_final_presentation.pdf, page 13>
Package pdftex.def Info: Resources/aero-489/AERO_489_final_presentation.pdf , p
age13 used on input line 55.
(pdftex.def)             Requested size: 845.85333pt x 475.7925pt.
 [44 <./Resources/aero-489/AERO_489_final_presentation.pdf>]
<Resources/aero-489/AERO_489_final_presentation.pdf, id=572, page=14, 722.7pt x
 406.51875pt>
File: Resources/aero-489/AERO_489_final_presentation.pdf Graphic file (type pdf
)
<use Resources/aero-489/AERO_489_final_presentation.pdf, page 14>
Package pdftex.def Info: Resources/aero-489/AERO_489_final_presentation.pdf , p
age14 used on input line 55.
(pdftex.def)             Requested size: 845.85333pt x 475.7925pt.
File: Resources/aero-489/AERO_489_final_presentation.pdf Graphic file (type pdf
)
<use Resources/aero-489/AERO_489_final_presentation.pdf, page 14>
Package pdftex.def Info: Resources/aero-489/AERO_489_final_presentation.pdf , p
age14 used on input line 55.
(pdftex.def)             Requested size: 845.85333pt x 475.7925pt.
File: Resources/aero-489/AERO_489_final_presentation.pdf Graphic file (type pdf
)
<use Resources/aero-489/AERO_489_final_presentation.pdf, page 14>
Package pdftex.def Info: Resources/aero-489/AERO_489_final_presentation.pdf , p
age14 used on input line 55.
(pdftex.def)             Requested size: 845.85333pt x 475.7925pt.
 [45 <./Resources/aero-489/AERO_489_final_presentation.pdf>]
<Resources/aero-489/aero-489-Final.pdf, id=578, 614.295pt x 794.97pt>
File: Resources/aero-489/aero-489-Final.pdf Graphic file (type pdf)
<use Resources/aero-489/aero-489-Final.pdf>
Package pdftex.def Info: Resources/aero-489/aero-489-Final.pdf  used on input l
ine 56.
(pdftex.def)             Requested size: 614.29349pt x 794.96806pt.
File: Resources/aero-489/aero-489-Final.pdf Graphic file (type pdf)
<use Resources/aero-489/aero-489-Final.pdf>
Package pdftex.def Info: Resources/aero-489/aero-489-Final.pdf  used on input l
ine 56.
(pdftex.def)             Requested size: 614.29349pt x 794.96806pt.
<Resources/aero-489/aero-489-Final.pdf, id=581, page=1, 614.295pt x 794.97pt>
File: Resources/aero-489/aero-489-Final.pdf Graphic file (type pdf)
<use Resources/aero-489/aero-489-Final.pdf, page 1>
Package pdftex.def Info: Resources/aero-489/aero-489-Final.pdf , page1 used on 
input line 56.
(pdftex.def)             Requested size: 614.29349pt x 794.96806pt.
File: Resources/aero-489/aero-489-Final.pdf Graphic file (type pdf)
<use Resources/aero-489/aero-489-Final.pdf, page 1>
Package pdftex.def Info: Resources/aero-489/aero-489-Final.pdf , page1 used on 
input line 56.
(pdftex.def)             Requested size: 597.78697pt x 773.60669pt.
File: Resources/aero-489/aero-489-Final.pdf Graphic file (type pdf)
<use Resources/aero-489/aero-489-Final.pdf, page 1>
Package pdftex.def Info: Resources/aero-489/aero-489-Final.pdf , page1 used on 
input line 56.
(pdftex.def)             Requested size: 597.78697pt x 773.60669pt.
File: Resources/aero-489/aero-489-Final.pdf Graphic file (type pdf)
<use Resources/aero-489/aero-489-Final.pdf, page 1>
Package pdftex.def Info: Resources/aero-489/aero-489-Final.pdf , page1 used on 
input line 56.
(pdftex.def)             Requested size: 597.78697pt x 773.60669pt.
File: Resources/aero-489/aero-489-Final.pdf Graphic file (type pdf)
<use Resources/aero-489/aero-489-Final.pdf, page 1>
Package pdftex.def Info: Resources/aero-489/aero-489-Final.pdf , page1 used on 
input line 56.
(pdftex.def)             Requested size: 597.78697pt x 773.60669pt.
 [46 <./Resources/aero-489/aero-489-Final.pdf>]
<Resources/aero-489/aero-489-Final.pdf, id=603, page=2, 614.295pt x 794.97pt>
File: Resources/aero-489/aero-489-Final.pdf Graphic file (type pdf)
<use Resources/aero-489/aero-489-Final.pdf, page 2>
Package pdftex.def Info: Resources/aero-489/aero-489-Final.pdf , page2 used on 
input line 56.
(pdftex.def)             Requested size: 597.78697pt x 773.60669pt.
File: Resources/aero-489/aero-489-Final.pdf Graphic file (type pdf)
<use Resources/aero-489/aero-489-Final.pdf, page 2>
Package pdftex.def Info: Resources/aero-489/aero-489-Final.pdf , page2 used on 
input line 56.
(pdftex.def)             Requested size: 597.78697pt x 773.60669pt.
File: Resources/aero-489/aero-489-Final.pdf Graphic file (type pdf)
<use Resources/aero-489/aero-489-Final.pdf, page 2>
Package pdftex.def Info: Resources/aero-489/aero-489-Final.pdf , page2 used on 
input line 56.
(pdftex.def)             Requested size: 597.78697pt x 773.60669pt.
 [47 <./Resources/aero-489/aero-489-Final.pdf>]
<Resources/aero-489/aero-489-Final.pdf, id=616, page=3, 614.295pt x 794.97pt>
File: Resources/aero-489/aero-489-Final.pdf Graphic file (type pdf)
<use Resources/aero-489/aero-489-Final.pdf, page 3>
Package pdftex.def Info: Resources/aero-489/aero-489-Final.pdf , page3 used on 
input line 56.
(pdftex.def)             Requested size: 597.78697pt x 773.60669pt.
File: Resources/aero-489/aero-489-Final.pdf Graphic file (type pdf)
<use Resources/aero-489/aero-489-Final.pdf, page 3>
Package pdftex.def Info: Resources/aero-489/aero-489-Final.pdf , page3 used on 
input line 56.
(pdftex.def)             Requested size: 597.78697pt x 773.60669pt.
File: Resources/aero-489/aero-489-Final.pdf Graphic file (type pdf)
<use Resources/aero-489/aero-489-Final.pdf, page 3>
Package pdftex.def Info: Resources/aero-489/aero-489-Final.pdf , page3 used on 
input line 56.
(pdftex.def)             Requested size: 597.78697pt x 773.60669pt.
 [48 <./Resources/aero-489/aero-489-Final.pdf>]
<Resources/aero-489/aero-489-Final.pdf, id=624, page=4, 614.295pt x 794.97pt>
File: Resources/aero-489/aero-489-Final.pdf Graphic file (type pdf)
<use Resources/aero-489/aero-489-Final.pdf, page 4>
Package pdftex.def Info: Resources/aero-489/aero-489-Final.pdf , page4 used on 
input line 56.
(pdftex.def)             Requested size: 597.78697pt x 773.60669pt.
File: Resources/aero-489/aero-489-Final.pdf Graphic file (type pdf)
<use Resources/aero-489/aero-489-Final.pdf, page 4>
Package pdftex.def Info: Resources/aero-489/aero-489-Final.pdf , page4 used on 
input line 56.
(pdftex.def)             Requested size: 597.78697pt x 773.60669pt.
File: Resources/aero-489/aero-489-Final.pdf Graphic file (type pdf)
<use Resources/aero-489/aero-489-Final.pdf, page 4>
Package pdftex.def Info: Resources/aero-489/aero-489-Final.pdf , page4 used on 
input line 56.
(pdftex.def)             Requested size: 597.78697pt x 773.60669pt.
 [49 <./Resources/aero-489/aero-489-Final.pdf>]
<Resources/aero-489/aero-489-Final.pdf, id=632, page=5, 614.295pt x 794.97pt>
File: Resources/aero-489/aero-489-Final.pdf Graphic file (type pdf)
<use Resources/aero-489/aero-489-Final.pdf, page 5>
Package pdftex.def Info: Resources/aero-489/aero-489-Final.pdf , page5 used on 
input line 56.
(pdftex.def)             Requested size: 597.78697pt x 773.60669pt.
File: Resources/aero-489/aero-489-Final.pdf Graphic file (type pdf)
<use Resources/aero-489/aero-489-Final.pdf, page 5>
Package pdftex.def Info: Resources/aero-489/aero-489-Final.pdf , page5 used on 
input line 56.
(pdftex.def)             Requested size: 597.78697pt x 773.60669pt.
File: Resources/aero-489/aero-489-Final.pdf Graphic file (type pdf)
<use Resources/aero-489/aero-489-Final.pdf, page 5>
Package pdftex.def Info: Resources/aero-489/aero-489-Final.pdf , page5 used on 
input line 56.
(pdftex.def)             Requested size: 597.78697pt x 773.60669pt.
[50 <./Resources/aero-489/aero-489-Final.pdf>]
<Resources/meen-363/meen-363-1_Group7.pdf, id=638, 614.295pt x 794.97pt>
File: Resources/meen-363/meen-363-1_Group7.pdf Graphic file (type pdf)
<use Resources/meen-363/meen-363-1_Group7.pdf>
Package pdftex.def Info: Resources/meen-363/meen-363-1_Group7.pdf  used on inpu
t line 73.
(pdftex.def)             Requested size: 614.29349pt x 794.96806pt.
File: Resources/meen-363/meen-363-1_Group7.pdf Graphic file (type pdf)
<use Resources/meen-363/meen-363-1_Group7.pdf>
Package pdftex.def Info: Resources/meen-363/meen-363-1_Group7.pdf  used on inpu
t line 73.
(pdftex.def)             Requested size: 614.29349pt x 794.96806pt.
<Resources/meen-363/meen-363-1_Group7.pdf, id=641, page=1, 614.295pt x 794.97pt
>
File: Resources/meen-363/meen-363-1_Group7.pdf Graphic file (type pdf)
<use Resources/meen-363/meen-363-1_Group7.pdf, page 1>
Package pdftex.def Info: Resources/meen-363/meen-363-1_Group7.pdf , page1 used 
on input line 73.
(pdftex.def)             Requested size: 614.29349pt x 794.96806pt.
File: Resources/meen-363/meen-363-1_Group7.pdf Graphic file (type pdf)
<use Resources/meen-363/meen-363-1_Group7.pdf, page 1>
Package pdftex.def Info: Resources/meen-363/meen-363-1_Group7.pdf , page1 used 
on input line 73.
(pdftex.def)             Requested size: 597.78697pt x 773.60669pt.
 [51]
File: Resources/meen-363/meen-363-1_Group7.pdf Graphic file (type pdf)
<use Resources/meen-363/meen-363-1_Group7.pdf, page 1>
Package pdftex.def Info: Resources/meen-363/meen-363-1_Group7.pdf , page1 used 
on input line 73.
(pdftex.def)             Requested size: 597.78697pt x 773.60669pt.
File: Resources/meen-363/meen-363-1_Group7.pdf Graphic file (type pdf)
<use Resources/meen-363/meen-363-1_Group7.pdf, page 1>
Package pdftex.def Info: Resources/meen-363/meen-363-1_Group7.pdf , page1 used 
on input line 73.
(pdftex.def)             Requested size: 597.78697pt x 773.60669pt.
File: Resources/meen-363/meen-363-1_Group7.pdf Graphic file (type pdf)
<use Resources/meen-363/meen-363-1_Group7.pdf, page 1>
Package pdftex.def Info: Resources/meen-363/meen-363-1_Group7.pdf , page1 used 
on input line 73.
(pdftex.def)             Requested size: 597.78697pt x 773.60669pt.
 [52 <./Resources/meen-363/meen-363-1_Group7.pdf>]
<Resources/meen-363/meen-363-1_Group7.pdf, id=675, page=2, 614.295pt x 794.97pt
>
File: Resources/meen-363/meen-363-1_Group7.pdf Graphic file (type pdf)
<use Resources/meen-363/meen-363-1_Group7.pdf, page 2>
Package pdftex.def Info: Resources/meen-363/meen-363-1_Group7.pdf , page2 used 
on input line 73.
(pdftex.def)             Requested size: 597.78697pt x 773.60669pt.
File: Resources/meen-363/meen-363-1_Group7.pdf Graphic file (type pdf)
<use Resources/meen-363/meen-363-1_Group7.pdf, page 2>
Package pdftex.def Info: Resources/meen-363/meen-363-1_Group7.pdf , page2 used 
on input line 73.
(pdftex.def)             Requested size: 597.78697pt x 773.60669pt.
File: Resources/meen-363/meen-363-1_Group7.pdf Graphic file (type pdf)
<use Resources/meen-363/meen-363-1_Group7.pdf, page 2>
Package pdftex.def Info: Resources/meen-363/meen-363-1_Group7.pdf , page2 used 
on input line 73.
(pdftex.def)             Requested size: 597.78697pt x 773.60669pt.
 [53 <./Resources/meen-363/meen-363-1_Group7.pdf>]
<Resources/meen-363/meen-363-1_Group7.pdf, id=681, page=3, 614.295pt x 794.97pt
>
File: Resources/meen-363/meen-363-1_Group7.pdf Graphic file (type pdf)
<use Resources/meen-363/meen-363-1_Group7.pdf, page 3>
Package pdftex.def Info: Resources/meen-363/meen-363-1_Group7.pdf , page3 used 
on input line 73.
(pdftex.def)             Requested size: 597.78697pt x 773.60669pt.
File: Resources/meen-363/meen-363-1_Group7.pdf Graphic file (type pdf)
<use Resources/meen-363/meen-363-1_Group7.pdf, page 3>
Package pdftex.def Info: Resources/meen-363/meen-363-1_Group7.pdf , page3 used 
on input line 73.
(pdftex.def)             Requested size: 597.78697pt x 773.60669pt.
File: Resources/meen-363/meen-363-1_Group7.pdf Graphic file (type pdf)
<use Resources/meen-363/meen-363-1_Group7.pdf, page 3>
Package pdftex.def Info: Resources/meen-363/meen-363-1_Group7.pdf , page3 used 
on input line 73.
(pdftex.def)             Requested size: 597.78697pt x 773.60669pt.

[54 <./Resources/meen-363/meen-363-1_Group7.pdf>]
<Resources/meen-363/meen-363-1_Group7.pdf, id=692, page=4, 614.295pt x 794.97pt
>
File: Resources/meen-363/meen-363-1_Group7.pdf Graphic file (type pdf)
<use Resources/meen-363/meen-363-1_Group7.pdf, page 4>
Package pdftex.def Info: Resources/meen-363/meen-363-1_Group7.pdf , page4 used 
on input line 73.
(pdftex.def)             Requested size: 597.78697pt x 773.60669pt.
File: Resources/meen-363/meen-363-1_Group7.pdf Graphic file (type pdf)
<use Resources/meen-363/meen-363-1_Group7.pdf, page 4>
Package pdftex.def Info: Resources/meen-363/meen-363-1_Group7.pdf , page4 used 
on input line 73.
(pdftex.def)             Requested size: 597.78697pt x 773.60669pt.
File: Resources/meen-363/meen-363-1_Group7.pdf Graphic file (type pdf)
<use Resources/meen-363/meen-363-1_Group7.pdf, page 4>
Package pdftex.def Info: Resources/meen-363/meen-363-1_Group7.pdf , page4 used 
on input line 73.
(pdftex.def)             Requested size: 597.78697pt x 773.60669pt.
 [55 <./Resources/meen-363/meen-363-1_Group7.pdf>]
<Resources/meen-363/meen-363-1_Group7.pdf, id=700, page=5, 614.295pt x 794.97pt
>
File: Resources/meen-363/meen-363-1_Group7.pdf Graphic file (type pdf)
<use Resources/meen-363/meen-363-1_Group7.pdf, page 5>
Package pdftex.def Info: Resources/meen-363/meen-363-1_Group7.pdf , page5 used 
on input line 73.
(pdftex.def)             Requested size: 597.78697pt x 773.60669pt.
File: Resources/meen-363/meen-363-1_Group7.pdf Graphic file (type pdf)
<use Resources/meen-363/meen-363-1_Group7.pdf, page 5>
Package pdftex.def Info: Resources/meen-363/meen-363-1_Group7.pdf , page5 used 
on input line 73.
(pdftex.def)             Requested size: 597.78697pt x 773.60669pt.
File: Resources/meen-363/meen-363-1_Group7.pdf Graphic file (type pdf)
<use Resources/meen-363/meen-363-1_Group7.pdf, page 5>
Package pdftex.def Info: Resources/meen-363/meen-363-1_Group7.pdf , page5 used 
on input line 73.
(pdftex.def)             Requested size: 597.78697pt x 773.60669pt.
 [56 <./Resources/meen-363/meen-363-1_Group7.pdf>]
<Resources/meen-363/meen-363-1_Group7.pdf, id=705, page=6, 614.295pt x 794.97pt
>
File: Resources/meen-363/meen-363-1_Group7.pdf Graphic file (type pdf)
<use Resources/meen-363/meen-363-1_Group7.pdf, page 6>
Package pdftex.def Info: Resources/meen-363/meen-363-1_Group7.pdf , page6 used 
on input line 73.
(pdftex.def)             Requested size: 597.78697pt x 773.60669pt.
File: Resources/meen-363/meen-363-1_Group7.pdf Graphic file (type pdf)
<use Resources/meen-363/meen-363-1_Group7.pdf, page 6>
Package pdftex.def Info: Resources/meen-363/meen-363-1_Group7.pdf , page6 used 
on input line 73.
(pdftex.def)             Requested size: 597.78697pt x 773.60669pt.
File: Resources/meen-363/meen-363-1_Group7.pdf Graphic file (type pdf)
<use Resources/meen-363/meen-363-1_Group7.pdf, page 6>
Package pdftex.def Info: Resources/meen-363/meen-363-1_Group7.pdf , page6 used 
on input line 73.
(pdftex.def)             Requested size: 597.78697pt x 773.60669pt.
 [57 <./Resources/meen-363/meen-363-1_Group7.pdf>]
<Resources/meen-363/meen-363-1_Group7.pdf, id=716, page=7, 614.295pt x 794.97pt
>
File: Resources/meen-363/meen-363-1_Group7.pdf Graphic file (type pdf)
<use Resources/meen-363/meen-363-1_Group7.pdf, page 7>
Package pdftex.def Info: Resources/meen-363/meen-363-1_Group7.pdf , page7 used 
on input line 73.
(pdftex.def)             Requested size: 597.78697pt x 773.60669pt.
File: Resources/meen-363/meen-363-1_Group7.pdf Graphic file (type pdf)
<use Resources/meen-363/meen-363-1_Group7.pdf, page 7>
Package pdftex.def Info: Resources/meen-363/meen-363-1_Group7.pdf , page7 used 
on input line 73.
(pdftex.def)             Requested size: 597.78697pt x 773.60669pt.
File: Resources/meen-363/meen-363-1_Group7.pdf Graphic file (type pdf)
<use Resources/meen-363/meen-363-1_Group7.pdf, page 7>
Package pdftex.def Info: Resources/meen-363/meen-363-1_Group7.pdf , page7 used 
on input line 73.
(pdftex.def)             Requested size: 597.78697pt x 773.60669pt.
 [58 <./Resources/meen-363/meen-363-1_Group7.pdf>]
<Resources/meen-363/meen-363-2_Group7.pdf, id=721, 614.295pt x 794.97pt>
File: Resources/meen-363/meen-363-2_Group7.pdf Graphic file (type pdf)
<use Resources/meen-363/meen-363-2_Group7.pdf>
Package pdftex.def Info: Resources/meen-363/meen-363-2_Group7.pdf  used on inpu
t line 74.
(pdftex.def)             Requested size: 614.29349pt x 794.96806pt.
File: Resources/meen-363/meen-363-2_Group7.pdf Graphic file (type pdf)
<use Resources/meen-363/meen-363-2_Group7.pdf>
Package pdftex.def Info: Resources/meen-363/meen-363-2_Group7.pdf  used on inpu
t line 74.
(pdftex.def)             Requested size: 614.29349pt x 794.96806pt.
<Resources/meen-363/meen-363-2_Group7.pdf, id=724, page=1, 614.295pt x 794.97pt
>
File: Resources/meen-363/meen-363-2_Group7.pdf Graphic file (type pdf)
<use Resources/meen-363/meen-363-2_Group7.pdf, page 1>
Package pdftex.def Info: Resources/meen-363/meen-363-2_Group7.pdf , page1 used 
on input line 74.
(pdftex.def)             Requested size: 614.29349pt x 794.96806pt.
File: Resources/meen-363/meen-363-2_Group7.pdf Graphic file (type pdf)
<use Resources/meen-363/meen-363-2_Group7.pdf, page 1>
Package pdftex.def Info: Resources/meen-363/meen-363-2_Group7.pdf , page1 used 
on input line 74.
(pdftex.def)             Requested size: 597.78697pt x 773.60669pt.
File: Resources/meen-363/meen-363-2_Group7.pdf Graphic file (type pdf)
<use Resources/meen-363/meen-363-2_Group7.pdf, page 1>
Package pdftex.def Info: Resources/meen-363/meen-363-2_Group7.pdf , page1 used 
on input line 74.
(pdftex.def)             Requested size: 597.78697pt x 773.60669pt.
File: Resources/meen-363/meen-363-2_Group7.pdf Graphic file (type pdf)
<use Resources/meen-363/meen-363-2_Group7.pdf, page 1>
Package pdftex.def Info: Resources/meen-363/meen-363-2_Group7.pdf , page1 used 
on input line 74.
(pdftex.def)             Requested size: 597.78697pt x 773.60669pt.
File: Resources/meen-363/meen-363-2_Group7.pdf Graphic file (type pdf)
<use Resources/meen-363/meen-363-2_Group7.pdf, page 1>
Package pdftex.def Info: Resources/meen-363/meen-363-2_Group7.pdf , page1 used 
on input line 74.
(pdftex.def)             Requested size: 597.78697pt x 773.60669pt.
 [59 <./Resources/meen-363/meen-363-2_Group7.pdf>]
<Resources/meen-363/meen-363-2_Group7.pdf, id=755, page=2, 614.295pt x 794.97pt
>
File: Resources/meen-363/meen-363-2_Group7.pdf Graphic file (type pdf)
<use Resources/meen-363/meen-363-2_Group7.pdf, page 2>
Package pdftex.def Info: Resources/meen-363/meen-363-2_Group7.pdf , page2 used 
on input line 74.
(pdftex.def)             Requested size: 597.78697pt x 773.60669pt.
File: Resources/meen-363/meen-363-2_Group7.pdf Graphic file (type pdf)
<use Resources/meen-363/meen-363-2_Group7.pdf, page 2>
Package pdftex.def Info: Resources/meen-363/meen-363-2_Group7.pdf , page2 used 
on input line 74.
(pdftex.def)             Requested size: 597.78697pt x 773.60669pt.
File: Resources/meen-363/meen-363-2_Group7.pdf Graphic file (type pdf)
<use Resources/meen-363/meen-363-2_Group7.pdf, page 2>
Package pdftex.def Info: Resources/meen-363/meen-363-2_Group7.pdf , page2 used 
on input line 74.
(pdftex.def)             Requested size: 597.78697pt x 773.60669pt.
 [60 <./Resources/meen-363/meen-363-2_Group7.pdf>]
<Resources/meen-363/meen-363-2_Group7.pdf, id=765, page=3, 614.295pt x 794.97pt
>
File: Resources/meen-363/meen-363-2_Group7.pdf Graphic file (type pdf)
<use Resources/meen-363/meen-363-2_Group7.pdf, page 3>
Package pdftex.def Info: Resources/meen-363/meen-363-2_Group7.pdf , page3 used 
on input line 74.
(pdftex.def)             Requested size: 597.78697pt x 773.60669pt.
File: Resources/meen-363/meen-363-2_Group7.pdf Graphic file (type pdf)
<use Resources/meen-363/meen-363-2_Group7.pdf, page 3>
Package pdftex.def Info: Resources/meen-363/meen-363-2_Group7.pdf , page3 used 
on input line 74.
(pdftex.def)             Requested size: 597.78697pt x 773.60669pt.
File: Resources/meen-363/meen-363-2_Group7.pdf Graphic file (type pdf)
<use Resources/meen-363/meen-363-2_Group7.pdf, page 3>
Package pdftex.def Info: Resources/meen-363/meen-363-2_Group7.pdf , page3 used 
on input line 74.
(pdftex.def)             Requested size: 597.78697pt x 773.60669pt.
 [61 <./Resources/meen-363/meen-363-2_Group7.pdf>]
<Resources/meen-363/meen-363-2_Group7.pdf, id=771, page=4, 614.295pt x 794.97pt
>
File: Resources/meen-363/meen-363-2_Group7.pdf Graphic file (type pdf)
<use Resources/meen-363/meen-363-2_Group7.pdf, page 4>
Package pdftex.def Info: Resources/meen-363/meen-363-2_Group7.pdf , page4 used 
on input line 74.
(pdftex.def)             Requested size: 597.78697pt x 773.60669pt.
File: Resources/meen-363/meen-363-2_Group7.pdf Graphic file (type pdf)
<use Resources/meen-363/meen-363-2_Group7.pdf, page 4>
Package pdftex.def Info: Resources/meen-363/meen-363-2_Group7.pdf , page4 used 
on input line 74.
(pdftex.def)             Requested size: 597.78697pt x 773.60669pt.
File: Resources/meen-363/meen-363-2_Group7.pdf Graphic file (type pdf)
<use Resources/meen-363/meen-363-2_Group7.pdf, page 4>
Package pdftex.def Info: Resources/meen-363/meen-363-2_Group7.pdf , page4 used 
on input line 74.
(pdftex.def)             Requested size: 597.78697pt x 773.60669pt.
 [62 <./Resources/meen-363/meen-363-2_Group7.pdf>]
<Resources/meen-363/meen-363-2_Group7.pdf, id=777, page=5, 614.295pt x 794.97pt
>
File: Resources/meen-363/meen-363-2_Group7.pdf Graphic file (type pdf)
<use Resources/meen-363/meen-363-2_Group7.pdf, page 5>
Package pdftex.def Info: Resources/meen-363/meen-363-2_Group7.pdf , page5 used 
on input line 74.
(pdftex.def)             Requested size: 597.78697pt x 773.60669pt.
File: Resources/meen-363/meen-363-2_Group7.pdf Graphic file (type pdf)
<use Resources/meen-363/meen-363-2_Group7.pdf, page 5>
Package pdftex.def Info: Resources/meen-363/meen-363-2_Group7.pdf , page5 used 
on input line 74.
(pdftex.def)             Requested size: 597.78697pt x 773.60669pt.
File: Resources/meen-363/meen-363-2_Group7.pdf Graphic file (type pdf)
<use Resources/meen-363/meen-363-2_Group7.pdf, page 5>
Package pdftex.def Info: Resources/meen-363/meen-363-2_Group7.pdf , page5 used 
on input line 74.
(pdftex.def)             Requested size: 597.78697pt x 773.60669pt.
 [63 <./Resources/meen-363/meen-363-2_Group7.pdf>]
<Resources/meen-363/meen-363-2_Group7.pdf, id=784, page=6, 614.295pt x 794.97pt
>
File: Resources/meen-363/meen-363-2_Group7.pdf Graphic file (type pdf)
<use Resources/meen-363/meen-363-2_Group7.pdf, page 6>
Package pdftex.def Info: Resources/meen-363/meen-363-2_Group7.pdf , page6 used 
on input line 74.
(pdftex.def)             Requested size: 597.78697pt x 773.60669pt.
File: Resources/meen-363/meen-363-2_Group7.pdf Graphic file (type pdf)
<use Resources/meen-363/meen-363-2_Group7.pdf, page 6>
Package pdftex.def Info: Resources/meen-363/meen-363-2_Group7.pdf , page6 used 
on input line 74.
(pdftex.def)             Requested size: 597.78697pt x 773.60669pt.
File: Resources/meen-363/meen-363-2_Group7.pdf Graphic file (type pdf)
<use Resources/meen-363/meen-363-2_Group7.pdf, page 6>
Package pdftex.def Info: Resources/meen-363/meen-363-2_Group7.pdf , page6 used 
on input line 74.
(pdftex.def)             Requested size: 597.78697pt x 773.60669pt.
 [64 <./Resources/meen-363/meen-363-2_Group7.pdf>]
<Resources/meen-363/meen-363-2_Group7.pdf, id=790, page=7, 614.295pt x 794.97pt
>
File: Resources/meen-363/meen-363-2_Group7.pdf Graphic file (type pdf)
<use Resources/meen-363/meen-363-2_Group7.pdf, page 7>
Package pdftex.def Info: Resources/meen-363/meen-363-2_Group7.pdf , page7 used 
on input line 74.
(pdftex.def)             Requested size: 597.78697pt x 773.60669pt.
File: Resources/meen-363/meen-363-2_Group7.pdf Graphic file (type pdf)
<use Resources/meen-363/meen-363-2_Group7.pdf, page 7>
Package pdftex.def Info: Resources/meen-363/meen-363-2_Group7.pdf , page7 used 
on input line 74.
(pdftex.def)             Requested size: 597.78697pt x 773.60669pt.
File: Resources/meen-363/meen-363-2_Group7.pdf Graphic file (type pdf)
<use Resources/meen-363/meen-363-2_Group7.pdf, page 7>
Package pdftex.def Info: Resources/meen-363/meen-363-2_Group7.pdf , page7 used 
on input line 74.
(pdftex.def)             Requested size: 597.78697pt x 773.60669pt.

[65 <./Resources/meen-363/meen-363-2_Group7.pdf>]
<Resources/meen-363/meen-363-2_Group7.pdf, id=795, page=8, 614.295pt x 794.97pt
>
File: Resources/meen-363/meen-363-2_Group7.pdf Graphic file (type pdf)
<use Resources/meen-363/meen-363-2_Group7.pdf, page 8>
Package pdftex.def Info: Resources/meen-363/meen-363-2_Group7.pdf , page8 used 
on input line 74.
(pdftex.def)             Requested size: 597.78697pt x 773.60669pt.
File: Resources/meen-363/meen-363-2_Group7.pdf Graphic file (type pdf)
<use Resources/meen-363/meen-363-2_Group7.pdf, page 8>
Package pdftex.def Info: Resources/meen-363/meen-363-2_Group7.pdf , page8 used 
on input line 74.
(pdftex.def)             Requested size: 597.78697pt x 773.60669pt.
File: Resources/meen-363/meen-363-2_Group7.pdf Graphic file (type pdf)
<use Resources/meen-363/meen-363-2_Group7.pdf, page 8>
Package pdftex.def Info: Resources/meen-363/meen-363-2_Group7.pdf , page8 used 
on input line 74.
(pdftex.def)             Requested size: 597.78697pt x 773.60669pt.
 [66 <./Resources/meen-363/meen-363-2_Group7.pdf>]
<Resources/meen-363/meen-363-2_Group7.pdf, id=800, page=9, 614.295pt x 794.97pt
>
File: Resources/meen-363/meen-363-2_Group7.pdf Graphic file (type pdf)
<use Resources/meen-363/meen-363-2_Group7.pdf, page 9>
Package pdftex.def Info: Resources/meen-363/meen-363-2_Group7.pdf , page9 used 
on input line 74.
(pdftex.def)             Requested size: 597.78697pt x 773.60669pt.
File: Resources/meen-363/meen-363-2_Group7.pdf Graphic file (type pdf)
<use Resources/meen-363/meen-363-2_Group7.pdf, page 9>
Package pdftex.def Info: Resources/meen-363/meen-363-2_Group7.pdf , page9 used 
on input line 74.
(pdftex.def)             Requested size: 597.78697pt x 773.60669pt.
File: Resources/meen-363/meen-363-2_Group7.pdf Graphic file (type pdf)
<use Resources/meen-363/meen-363-2_Group7.pdf, page 9>
Package pdftex.def Info: Resources/meen-363/meen-363-2_Group7.pdf , page9 used 
on input line 74.
(pdftex.def)             Requested size: 597.78697pt x 773.60669pt.
 [67 <./Resources/meen-363/meen-363-2_Group7.pdf>]
<Resources/meen-363/meen-363-2_Group7.pdf, id=806, page=10, 614.295pt x 794.97p
t>
File: Resources/meen-363/meen-363-2_Group7.pdf Graphic file (type pdf)
<use Resources/meen-363/meen-363-2_Group7.pdf, page 10>
Package pdftex.def Info: Resources/meen-363/meen-363-2_Group7.pdf , page10 used
 on input line 74.
(pdftex.def)             Requested size: 597.78697pt x 773.60669pt.
File: Resources/meen-363/meen-363-2_Group7.pdf Graphic file (type pdf)
<use Resources/meen-363/meen-363-2_Group7.pdf, page 10>
Package pdftex.def Info: Resources/meen-363/meen-363-2_Group7.pdf , page10 used
 on input line 74.
(pdftex.def)             Requested size: 597.78697pt x 773.60669pt.
File: Resources/meen-363/meen-363-2_Group7.pdf Graphic file (type pdf)
<use Resources/meen-363/meen-363-2_Group7.pdf, page 10>
Package pdftex.def Info: Resources/meen-363/meen-363-2_Group7.pdf , page10 used
 on input line 74.
(pdftex.def)             Requested size: 597.78697pt x 773.60669pt.
 [68 <./Resources/meen-363/meen-363-2_Group7.pdf>]
<Resources/meen-363/meen-363-3_Group7.pdf, id=811, 614.295pt x 794.97pt>
File: Resources/meen-363/meen-363-3_Group7.pdf Graphic file (type pdf)
<use Resources/meen-363/meen-363-3_Group7.pdf>
Package pdftex.def Info: Resources/meen-363/meen-363-3_Group7.pdf  used on inpu
t line 75.
(pdftex.def)             Requested size: 614.29349pt x 794.96806pt.
File: Resources/meen-363/meen-363-3_Group7.pdf Graphic file (type pdf)
<use Resources/meen-363/meen-363-3_Group7.pdf>
Package pdftex.def Info: Resources/meen-363/meen-363-3_Group7.pdf  used on inpu
t line 75.
(pdftex.def)             Requested size: 614.29349pt x 794.96806pt.
<Resources/meen-363/meen-363-3_Group7.pdf, id=814, page=1, 614.295pt x 794.97pt
>
File: Resources/meen-363/meen-363-3_Group7.pdf Graphic file (type pdf)
<use Resources/meen-363/meen-363-3_Group7.pdf, page 1>
Package pdftex.def Info: Resources/meen-363/meen-363-3_Group7.pdf , page1 used 
on input line 75.
(pdftex.def)             Requested size: 614.29349pt x 794.96806pt.
File: Resources/meen-363/meen-363-3_Group7.pdf Graphic file (type pdf)
<use Resources/meen-363/meen-363-3_Group7.pdf, page 1>
Package pdftex.def Info: Resources/meen-363/meen-363-3_Group7.pdf , page1 used 
on input line 75.
(pdftex.def)             Requested size: 597.78697pt x 773.60669pt.
File: Resources/meen-363/meen-363-3_Group7.pdf Graphic file (type pdf)
<use Resources/meen-363/meen-363-3_Group7.pdf, page 1>
Package pdftex.def Info: Resources/meen-363/meen-363-3_Group7.pdf , page1 used 
on input line 75.
(pdftex.def)             Requested size: 597.78697pt x 773.60669pt.
File: Resources/meen-363/meen-363-3_Group7.pdf Graphic file (type pdf)
<use Resources/meen-363/meen-363-3_Group7.pdf, page 1>
Package pdftex.def Info: Resources/meen-363/meen-363-3_Group7.pdf , page1 used 
on input line 75.
(pdftex.def)             Requested size: 597.78697pt x 773.60669pt.
File: Resources/meen-363/meen-363-3_Group7.pdf Graphic file (type pdf)
<use Resources/meen-363/meen-363-3_Group7.pdf, page 1>
Package pdftex.def Info: Resources/meen-363/meen-363-3_Group7.pdf , page1 used 
on input line 75.
(pdftex.def)             Requested size: 597.78697pt x 773.60669pt.
 [69 <./Resources/meen-363/meen-363-3_Group7.pdf>]
<Resources/meen-363/meen-363-3_Group7.pdf, id=841, page=2, 614.295pt x 794.97pt
>
File: Resources/meen-363/meen-363-3_Group7.pdf Graphic file (type pdf)
<use Resources/meen-363/meen-363-3_Group7.pdf, page 2>
Package pdftex.def Info: Resources/meen-363/meen-363-3_Group7.pdf , page2 used 
on input line 75.
(pdftex.def)             Requested size: 597.78697pt x 773.60669pt.
File: Resources/meen-363/meen-363-3_Group7.pdf Graphic file (type pdf)
<use Resources/meen-363/meen-363-3_Group7.pdf, page 2>
Package pdftex.def Info: Resources/meen-363/meen-363-3_Group7.pdf , page2 used 
on input line 75.
(pdftex.def)             Requested size: 597.78697pt x 773.60669pt.
File: Resources/meen-363/meen-363-3_Group7.pdf Graphic file (type pdf)
<use Resources/meen-363/meen-363-3_Group7.pdf, page 2>
Package pdftex.def Info: Resources/meen-363/meen-363-3_Group7.pdf , page2 used 
on input line 75.
(pdftex.def)             Requested size: 597.78697pt x 773.60669pt.
 [70 <./Resources/meen-363/meen-363-3_Group7.pdf>]
<Resources/meen-363/meen-363-3_Group7.pdf, id=851, page=3, 614.295pt x 794.97pt
>
File: Resources/meen-363/meen-363-3_Group7.pdf Graphic file (type pdf)
<use Resources/meen-363/meen-363-3_Group7.pdf, page 3>
Package pdftex.def Info: Resources/meen-363/meen-363-3_Group7.pdf , page3 used 
on input line 75.
(pdftex.def)             Requested size: 597.78697pt x 773.60669pt.
File: Resources/meen-363/meen-363-3_Group7.pdf Graphic file (type pdf)
<use Resources/meen-363/meen-363-3_Group7.pdf, page 3>
Package pdftex.def Info: Resources/meen-363/meen-363-3_Group7.pdf , page3 used 
on input line 75.
(pdftex.def)             Requested size: 597.78697pt x 773.60669pt.
File: Resources/meen-363/meen-363-3_Group7.pdf Graphic file (type pdf)
<use Resources/meen-363/meen-363-3_Group7.pdf, page 3>
Package pdftex.def Info: Resources/meen-363/meen-363-3_Group7.pdf , page3 used 
on input line 75.
(pdftex.def)             Requested size: 597.78697pt x 773.60669pt.
 [71 <./Resources/meen-363/meen-363-3_Group7.pdf>]
<Resources/meen-363/meen-363-3_Group7.pdf, id=856, page=4, 614.295pt x 794.97pt
>
File: Resources/meen-363/meen-363-3_Group7.pdf Graphic file (type pdf)
<use Resources/meen-363/meen-363-3_Group7.pdf, page 4>
Package pdftex.def Info: Resources/meen-363/meen-363-3_Group7.pdf , page4 used 
on input line 75.
(pdftex.def)             Requested size: 597.78697pt x 773.60669pt.
File: Resources/meen-363/meen-363-3_Group7.pdf Graphic file (type pdf)
<use Resources/meen-363/meen-363-3_Group7.pdf, page 4>
Package pdftex.def Info: Resources/meen-363/meen-363-3_Group7.pdf , page4 used 
on input line 75.
(pdftex.def)             Requested size: 597.78697pt x 773.60669pt.
File: Resources/meen-363/meen-363-3_Group7.pdf Graphic file (type pdf)
<use Resources/meen-363/meen-363-3_Group7.pdf, page 4>
Package pdftex.def Info: Resources/meen-363/meen-363-3_Group7.pdf , page4 used 
on input line 75.
(pdftex.def)             Requested size: 597.78697pt x 773.60669pt.
 [72 <./Resources/meen-363/meen-363-3_Group7.pdf>]
<Resources/meen-363/meen-363-3_Group7.pdf, id=861, page=5, 614.295pt x 794.97pt
>
File: Resources/meen-363/meen-363-3_Group7.pdf Graphic file (type pdf)
<use Resources/meen-363/meen-363-3_Group7.pdf, page 5>
Package pdftex.def Info: Resources/meen-363/meen-363-3_Group7.pdf , page5 used 
on input line 75.
(pdftex.def)             Requested size: 597.78697pt x 773.60669pt.
File: Resources/meen-363/meen-363-3_Group7.pdf Graphic file (type pdf)
<use Resources/meen-363/meen-363-3_Group7.pdf, page 5>
Package pdftex.def Info: Resources/meen-363/meen-363-3_Group7.pdf , page5 used 
on input line 75.
(pdftex.def)             Requested size: 597.78697pt x 773.60669pt.
File: Resources/meen-363/meen-363-3_Group7.pdf Graphic file (type pdf)
<use Resources/meen-363/meen-363-3_Group7.pdf, page 5>
Package pdftex.def Info: Resources/meen-363/meen-363-3_Group7.pdf , page5 used 
on input line 75.
(pdftex.def)             Requested size: 597.78697pt x 773.60669pt.
 [73 <./Resources/meen-363/meen-363-3_Group7.pdf>]
<Resources/meen-363/meen-363-3_Group7.pdf, id=867, page=6, 614.295pt x 794.97pt
>
File: Resources/meen-363/meen-363-3_Group7.pdf Graphic file (type pdf)
<use Resources/meen-363/meen-363-3_Group7.pdf, page 6>
Package pdftex.def Info: Resources/meen-363/meen-363-3_Group7.pdf , page6 used 
on input line 75.
(pdftex.def)             Requested size: 597.78697pt x 773.60669pt.
File: Resources/meen-363/meen-363-3_Group7.pdf Graphic file (type pdf)
<use Resources/meen-363/meen-363-3_Group7.pdf, page 6>
Package pdftex.def Info: Resources/meen-363/meen-363-3_Group7.pdf , page6 used 
on input line 75.
(pdftex.def)             Requested size: 597.78697pt x 773.60669pt.
File: Resources/meen-363/meen-363-3_Group7.pdf Graphic file (type pdf)
<use Resources/meen-363/meen-363-3_Group7.pdf, page 6>
Package pdftex.def Info: Resources/meen-363/meen-363-3_Group7.pdf , page6 used 
on input line 75.
(pdftex.def)             Requested size: 597.78697pt x 773.60669pt.
 [74 <./Resources/meen-363/meen-363-3_Group7.pdf>]
<Resources/meen-363/meen-363-3_Group7.pdf, id=873, page=7, 614.295pt x 794.97pt
>
File: Resources/meen-363/meen-363-3_Group7.pdf Graphic file (type pdf)
<use Resources/meen-363/meen-363-3_Group7.pdf, page 7>
Package pdftex.def Info: Resources/meen-363/meen-363-3_Group7.pdf , page7 used 
on input line 75.
(pdftex.def)             Requested size: 597.78697pt x 773.60669pt.
File: Resources/meen-363/meen-363-3_Group7.pdf Graphic file (type pdf)
<use Resources/meen-363/meen-363-3_Group7.pdf, page 7>
Package pdftex.def Info: Resources/meen-363/meen-363-3_Group7.pdf , page7 used 
on input line 75.
(pdftex.def)             Requested size: 597.78697pt x 773.60669pt.
File: Resources/meen-363/meen-363-3_Group7.pdf Graphic file (type pdf)
<use Resources/meen-363/meen-363-3_Group7.pdf, page 7>
Package pdftex.def Info: Resources/meen-363/meen-363-3_Group7.pdf , page7 used 
on input line 75.
(pdftex.def)             Requested size: 597.78697pt x 773.60669pt.
 [75 <./Resources/meen-363/meen-363-3_Group7.pdf>]
<Resources/meen-363/meen-363-3_Group7.pdf, id=878, page=8, 614.295pt x 794.97pt
>
File: Resources/meen-363/meen-363-3_Group7.pdf Graphic file (type pdf)
<use Resources/meen-363/meen-363-3_Group7.pdf, page 8>
Package pdftex.def Info: Resources/meen-363/meen-363-3_Group7.pdf , page8 used 
on input line 75.
(pdftex.def)             Requested size: 597.78697pt x 773.60669pt.
File: Resources/meen-363/meen-363-3_Group7.pdf Graphic file (type pdf)
<use Resources/meen-363/meen-363-3_Group7.pdf, page 8>
Package pdftex.def Info: Resources/meen-363/meen-363-3_Group7.pdf , page8 used 
on input line 75.
(pdftex.def)             Requested size: 597.78697pt x 773.60669pt.
File: Resources/meen-363/meen-363-3_Group7.pdf Graphic file (type pdf)
<use Resources/meen-363/meen-363-3_Group7.pdf, page 8>
Package pdftex.def Info: Resources/meen-363/meen-363-3_Group7.pdf , page8 used 
on input line 75.
(pdftex.def)             Requested size: 597.78697pt x 773.60669pt.

[76 <./Resources/meen-363/meen-363-3_Group7.pdf>]
<Resources/meen-357/meen-357-phase-1.pdf, id=885, 614.295pt x 794.97pt>
File: Resources/meen-357/meen-357-phase-1.pdf Graphic file (type pdf)
<use Resources/meen-357/meen-357-phase-1.pdf>
Package pdftex.def Info: Resources/meen-357/meen-357-phase-1.pdf  used on input
 line 93.
(pdftex.def)             Requested size: 614.29349pt x 794.96806pt.
File: Resources/meen-357/meen-357-phase-1.pdf Graphic file (type pdf)
<use Resources/meen-357/meen-357-phase-1.pdf>
Package pdftex.def Info: Resources/meen-357/meen-357-phase-1.pdf  used on input
 line 93.
(pdftex.def)             Requested size: 614.29349pt x 794.96806pt.
<Resources/meen-357/meen-357-phase-1.pdf, id=888, page=1, 614.295pt x 794.97pt>

File: Resources/meen-357/meen-357-phase-1.pdf Graphic file (type pdf)
<use Resources/meen-357/meen-357-phase-1.pdf, page 1>
Package pdftex.def Info: Resources/meen-357/meen-357-phase-1.pdf , page1 used o
n input line 93.
(pdftex.def)             Requested size: 614.29349pt x 794.96806pt.
File: Resources/meen-357/meen-357-phase-1.pdf Graphic file (type pdf)
<use Resources/meen-357/meen-357-phase-1.pdf, page 1>
Package pdftex.def Info: Resources/meen-357/meen-357-phase-1.pdf , page1 used o
n input line 93.
(pdftex.def)             Requested size: 597.78697pt x 773.60669pt.
 [77]
File: Resources/meen-357/meen-357-phase-1.pdf Graphic file (type pdf)
<use Resources/meen-357/meen-357-phase-1.pdf, page 1>
Package pdftex.def Info: Resources/meen-357/meen-357-phase-1.pdf , page1 used o
n input line 93.
(pdftex.def)             Requested size: 597.78697pt x 773.60669pt.
File: Resources/meen-357/meen-357-phase-1.pdf Graphic file (type pdf)
<use Resources/meen-357/meen-357-phase-1.pdf, page 1>
Package pdftex.def Info: Resources/meen-357/meen-357-phase-1.pdf , page1 used o
n input line 93.
(pdftex.def)             Requested size: 597.78697pt x 773.60669pt.
File: Resources/meen-357/meen-357-phase-1.pdf Graphic file (type pdf)
<use Resources/meen-357/meen-357-phase-1.pdf, page 1>
Package pdftex.def Info: Resources/meen-357/meen-357-phase-1.pdf , page1 used o
n input line 93.
(pdftex.def)             Requested size: 597.78697pt x 773.60669pt.
 [78 <./Resources/meen-357/meen-357-phase-1.pdf>]
<Resources/meen-357/meen-357-phase-1.pdf, id=914, page=2, 614.295pt x 794.97pt>

File: Resources/meen-357/meen-357-phase-1.pdf Graphic file (type pdf)
<use Resources/meen-357/meen-357-phase-1.pdf, page 2>
Package pdftex.def Info: Resources/meen-357/meen-357-phase-1.pdf , page2 used o
n input line 93.
(pdftex.def)             Requested size: 597.78697pt x 773.60669pt.
File: Resources/meen-357/meen-357-phase-1.pdf Graphic file (type pdf)
<use Resources/meen-357/meen-357-phase-1.pdf, page 2>
Package pdftex.def Info: Resources/meen-357/meen-357-phase-1.pdf , page2 used o
n input line 93.
(pdftex.def)             Requested size: 597.78697pt x 773.60669pt.
File: Resources/meen-357/meen-357-phase-1.pdf Graphic file (type pdf)
<use Resources/meen-357/meen-357-phase-1.pdf, page 2>
Package pdftex.def Info: Resources/meen-357/meen-357-phase-1.pdf , page2 used o
n input line 93.
(pdftex.def)             Requested size: 597.78697pt x 773.60669pt.
 [79 <./Resources/meen-357/meen-357-phase-1.pdf>]
<Resources/meen-357/meen-357-phase-1.pdf, id=924, page=3, 614.295pt x 794.97pt>

File: Resources/meen-357/meen-357-phase-1.pdf Graphic file (type pdf)
<use Resources/meen-357/meen-357-phase-1.pdf, page 3>
Package pdftex.def Info: Resources/meen-357/meen-357-phase-1.pdf , page3 used o
n input line 93.
(pdftex.def)             Requested size: 597.78697pt x 773.60669pt.
File: Resources/meen-357/meen-357-phase-1.pdf Graphic file (type pdf)
<use Resources/meen-357/meen-357-phase-1.pdf, page 3>
Package pdftex.def Info: Resources/meen-357/meen-357-phase-1.pdf , page3 used o
n input line 93.
(pdftex.def)             Requested size: 597.78697pt x 773.60669pt.
File: Resources/meen-357/meen-357-phase-1.pdf Graphic file (type pdf)
<use Resources/meen-357/meen-357-phase-1.pdf, page 3>
Package pdftex.def Info: Resources/meen-357/meen-357-phase-1.pdf , page3 used o
n input line 93.
(pdftex.def)             Requested size: 597.78697pt x 773.60669pt.

[80 <./Resources/meen-357/meen-357-phase-1.pdf>]
<Resources/meen-357/meen-357-phase-1.pdf, id=930, page=4, 614.295pt x 794.97pt>

File: Resources/meen-357/meen-357-phase-1.pdf Graphic file (type pdf)
<use Resources/meen-357/meen-357-phase-1.pdf, page 4>
Package pdftex.def Info: Resources/meen-357/meen-357-phase-1.pdf , page4 used o
n input line 93.
(pdftex.def)             Requested size: 597.78697pt x 773.60669pt.
File: Resources/meen-357/meen-357-phase-1.pdf Graphic file (type pdf)
<use Resources/meen-357/meen-357-phase-1.pdf, page 4>
Package pdftex.def Info: Resources/meen-357/meen-357-phase-1.pdf , page4 used o
n input line 93.
(pdftex.def)             Requested size: 597.78697pt x 773.60669pt.
File: Resources/meen-357/meen-357-phase-1.pdf Graphic file (type pdf)
<use Resources/meen-357/meen-357-phase-1.pdf, page 4>
Package pdftex.def Info: Resources/meen-357/meen-357-phase-1.pdf , page4 used o
n input line 93.
(pdftex.def)             Requested size: 597.78697pt x 773.60669pt.
 [81 <./Resources/meen-357/meen-357-phase-1.pdf>]
<Resources/meen-357/meen-357-phase-1.pdf, id=936, page=5, 614.295pt x 794.97pt>

File: Resources/meen-357/meen-357-phase-1.pdf Graphic file (type pdf)
<use Resources/meen-357/meen-357-phase-1.pdf, page 5>
Package pdftex.def Info: Resources/meen-357/meen-357-phase-1.pdf , page5 used o
n input line 93.
(pdftex.def)             Requested size: 597.78697pt x 773.60669pt.
File: Resources/meen-357/meen-357-phase-1.pdf Graphic file (type pdf)
<use Resources/meen-357/meen-357-phase-1.pdf, page 5>
Package pdftex.def Info: Resources/meen-357/meen-357-phase-1.pdf , page5 used o
n input line 93.
(pdftex.def)             Requested size: 597.78697pt x 773.60669pt.
File: Resources/meen-357/meen-357-phase-1.pdf Graphic file (type pdf)
<use Resources/meen-357/meen-357-phase-1.pdf, page 5>
Package pdftex.def Info: Resources/meen-357/meen-357-phase-1.pdf , page5 used o
n input line 93.
(pdftex.def)             Requested size: 597.78697pt x 773.60669pt.
 [82 <./Resources/meen-357/meen-357-phase-1.pdf>]
<Resources/meen-357/meen-357-phase-2.pdf, id=942, 614.295pt x 794.97pt>
File: Resources/meen-357/meen-357-phase-2.pdf Graphic file (type pdf)
<use Resources/meen-357/meen-357-phase-2.pdf>
Package pdftex.def Info: Resources/meen-357/meen-357-phase-2.pdf  used on input
 line 94.
(pdftex.def)             Requested size: 614.29349pt x 794.96806pt.
File: Resources/meen-357/meen-357-phase-2.pdf Graphic file (type pdf)
<use Resources/meen-357/meen-357-phase-2.pdf>
Package pdftex.def Info: Resources/meen-357/meen-357-phase-2.pdf  used on input
 line 94.
(pdftex.def)             Requested size: 614.29349pt x 794.96806pt.
<Resources/meen-357/meen-357-phase-2.pdf, id=945, page=1, 614.295pt x 794.97pt>

File: Resources/meen-357/meen-357-phase-2.pdf Graphic file (type pdf)
<use Resources/meen-357/meen-357-phase-2.pdf, page 1>
Package pdftex.def Info: Resources/meen-357/meen-357-phase-2.pdf , page1 used o
n input line 94.
(pdftex.def)             Requested size: 614.29349pt x 794.96806pt.
File: Resources/meen-357/meen-357-phase-2.pdf Graphic file (type pdf)
<use Resources/meen-357/meen-357-phase-2.pdf, page 1>
Package pdftex.def Info: Resources/meen-357/meen-357-phase-2.pdf , page1 used o
n input line 94.
(pdftex.def)             Requested size: 597.78697pt x 773.60669pt.
File: Resources/meen-357/meen-357-phase-2.pdf Graphic file (type pdf)
<use Resources/meen-357/meen-357-phase-2.pdf, page 1>
Package pdftex.def Info: Resources/meen-357/meen-357-phase-2.pdf , page1 used o
n input line 94.
(pdftex.def)             Requested size: 597.78697pt x 773.60669pt.
File: Resources/meen-357/meen-357-phase-2.pdf Graphic file (type pdf)
<use Resources/meen-357/meen-357-phase-2.pdf, page 1>
Package pdftex.def Info: Resources/meen-357/meen-357-phase-2.pdf , page1 used o
n input line 94.
(pdftex.def)             Requested size: 597.78697pt x 773.60669pt.
File: Resources/meen-357/meen-357-phase-2.pdf Graphic file (type pdf)
<use Resources/meen-357/meen-357-phase-2.pdf, page 1>
Package pdftex.def Info: Resources/meen-357/meen-357-phase-2.pdf , page1 used o
n input line 94.
(pdftex.def)             Requested size: 597.78697pt x 773.60669pt.
 [83 <./Resources/meen-357/meen-357-phase-2.pdf>]
<Resources/meen-357/meen-357-phase-2.pdf, id=965, page=2, 614.295pt x 794.97pt>

File: Resources/meen-357/meen-357-phase-2.pdf Graphic file (type pdf)
<use Resources/meen-357/meen-357-phase-2.pdf, page 2>
Package pdftex.def Info: Resources/meen-357/meen-357-phase-2.pdf , page2 used o
n input line 94.
(pdftex.def)             Requested size: 597.78697pt x 773.60669pt.
File: Resources/meen-357/meen-357-phase-2.pdf Graphic file (type pdf)
<use Resources/meen-357/meen-357-phase-2.pdf, page 2>
Package pdftex.def Info: Resources/meen-357/meen-357-phase-2.pdf , page2 used o
n input line 94.
(pdftex.def)             Requested size: 597.78697pt x 773.60669pt.
File: Resources/meen-357/meen-357-phase-2.pdf Graphic file (type pdf)
<use Resources/meen-357/meen-357-phase-2.pdf, page 2>
Package pdftex.def Info: Resources/meen-357/meen-357-phase-2.pdf , page2 used o
n input line 94.
(pdftex.def)             Requested size: 597.78697pt x 773.60669pt.
 [84 <./Resources/meen-357/meen-357-phase-2.pdf>]
<Resources/meen-357/meen-357-phase-2.pdf, id=971, page=3, 614.295pt x 794.97pt>

File: Resources/meen-357/meen-357-phase-2.pdf Graphic file (type pdf)
<use Resources/meen-357/meen-357-phase-2.pdf, page 3>
Package pdftex.def Info: Resources/meen-357/meen-357-phase-2.pdf , page3 used o
n input line 94.
(pdftex.def)             Requested size: 597.78697pt x 773.60669pt.
File: Resources/meen-357/meen-357-phase-2.pdf Graphic file (type pdf)
<use Resources/meen-357/meen-357-phase-2.pdf, page 3>
Package pdftex.def Info: Resources/meen-357/meen-357-phase-2.pdf , page3 used o
n input line 94.
(pdftex.def)             Requested size: 597.78697pt x 773.60669pt.
File: Resources/meen-357/meen-357-phase-2.pdf Graphic file (type pdf)
<use Resources/meen-357/meen-357-phase-2.pdf, page 3>
Package pdftex.def Info: Resources/meen-357/meen-357-phase-2.pdf , page3 used o
n input line 94.
(pdftex.def)             Requested size: 597.78697pt x 773.60669pt.
 [85 <./Resources/meen-357/meen-357-phase-2.pdf>]
<Resources/meen-357/meen-357-phase-2.pdf, id=978, page=4, 614.295pt x 794.97pt>

File: Resources/meen-357/meen-357-phase-2.pdf Graphic file (type pdf)
<use Resources/meen-357/meen-357-phase-2.pdf, page 4>
Package pdftex.def Info: Resources/meen-357/meen-357-phase-2.pdf , page4 used o
n input line 94.
(pdftex.def)             Requested size: 597.78697pt x 773.60669pt.
File: Resources/meen-357/meen-357-phase-2.pdf Graphic file (type pdf)
<use Resources/meen-357/meen-357-phase-2.pdf, page 4>
Package pdftex.def Info: Resources/meen-357/meen-357-phase-2.pdf , page4 used o
n input line 94.
(pdftex.def)             Requested size: 597.78697pt x 773.60669pt.
File: Resources/meen-357/meen-357-phase-2.pdf Graphic file (type pdf)
<use Resources/meen-357/meen-357-phase-2.pdf, page 4>
Package pdftex.def Info: Resources/meen-357/meen-357-phase-2.pdf , page4 used o
n input line 94.
(pdftex.def)             Requested size: 597.78697pt x 773.60669pt.
 [86 <./Resources/meen-357/meen-357-phase-2.pdf>]
<Resources/meen-357/meen-357-phase-2.pdf, id=984, page=5, 614.295pt x 794.97pt>

File: Resources/meen-357/meen-357-phase-2.pdf Graphic file (type pdf)
<use Resources/meen-357/meen-357-phase-2.pdf, page 5>
Package pdftex.def Info: Resources/meen-357/meen-357-phase-2.pdf , page5 used o
n input line 94.
(pdftex.def)             Requested size: 597.78697pt x 773.60669pt.
File: Resources/meen-357/meen-357-phase-2.pdf Graphic file (type pdf)
<use Resources/meen-357/meen-357-phase-2.pdf, page 5>
Package pdftex.def Info: Resources/meen-357/meen-357-phase-2.pdf , page5 used o
n input line 94.
(pdftex.def)             Requested size: 597.78697pt x 773.60669pt.
File: Resources/meen-357/meen-357-phase-2.pdf Graphic file (type pdf)
<use Resources/meen-357/meen-357-phase-2.pdf, page 5>
Package pdftex.def Info: Resources/meen-357/meen-357-phase-2.pdf , page5 used o
n input line 94.
(pdftex.def)             Requested size: 597.78697pt x 773.60669pt.
 [87 <./Resources/meen-357/meen-357-phase-2.pdf>]
<Resources/meen-357/meen-357-phase-3.pdf, id=989, 614.295pt x 794.97pt>
File: Resources/meen-357/meen-357-phase-3.pdf Graphic file (type pdf)
<use Resources/meen-357/meen-357-phase-3.pdf>
Package pdftex.def Info: Resources/meen-357/meen-357-phase-3.pdf  used on input
 line 95.
(pdftex.def)             Requested size: 614.29349pt x 794.96806pt.
File: Resources/meen-357/meen-357-phase-3.pdf Graphic file (type pdf)
<use Resources/meen-357/meen-357-phase-3.pdf>
Package pdftex.def Info: Resources/meen-357/meen-357-phase-3.pdf  used on input
 line 95.
(pdftex.def)             Requested size: 614.29349pt x 794.96806pt.
<Resources/meen-357/meen-357-phase-3.pdf, id=992, page=1, 614.295pt x 794.97pt>

File: Resources/meen-357/meen-357-phase-3.pdf Graphic file (type pdf)
<use Resources/meen-357/meen-357-phase-3.pdf, page 1>
Package pdftex.def Info: Resources/meen-357/meen-357-phase-3.pdf , page1 used o
n input line 95.
(pdftex.def)             Requested size: 614.29349pt x 794.96806pt.
File: Resources/meen-357/meen-357-phase-3.pdf Graphic file (type pdf)
<use Resources/meen-357/meen-357-phase-3.pdf, page 1>
Package pdftex.def Info: Resources/meen-357/meen-357-phase-3.pdf , page1 used o
n input line 95.
(pdftex.def)             Requested size: 597.78697pt x 773.60669pt.
File: Resources/meen-357/meen-357-phase-3.pdf Graphic file (type pdf)
<use Resources/meen-357/meen-357-phase-3.pdf, page 1>
Package pdftex.def Info: Resources/meen-357/meen-357-phase-3.pdf , page1 used o
n input line 95.
(pdftex.def)             Requested size: 597.78697pt x 773.60669pt.
File: Resources/meen-357/meen-357-phase-3.pdf Graphic file (type pdf)
<use Resources/meen-357/meen-357-phase-3.pdf, page 1>
Package pdftex.def Info: Resources/meen-357/meen-357-phase-3.pdf , page1 used o
n input line 95.
(pdftex.def)             Requested size: 597.78697pt x 773.60669pt.
File: Resources/meen-357/meen-357-phase-3.pdf Graphic file (type pdf)
<use Resources/meen-357/meen-357-phase-3.pdf, page 1>
Package pdftex.def Info: Resources/meen-357/meen-357-phase-3.pdf , page1 used o
n input line 95.
(pdftex.def)             Requested size: 597.78697pt x 773.60669pt.

[88 <./Resources/meen-357/meen-357-phase-3.pdf>]
<Resources/meen-357/meen-357-phase-3.pdf, id=1020, page=2, 614.295pt x 794.97pt
>
File: Resources/meen-357/meen-357-phase-3.pdf Graphic file (type pdf)
<use Resources/meen-357/meen-357-phase-3.pdf, page 2>
Package pdftex.def Info: Resources/meen-357/meen-357-phase-3.pdf , page2 used o
n input line 95.
(pdftex.def)             Requested size: 597.78697pt x 773.60669pt.
File: Resources/meen-357/meen-357-phase-3.pdf Graphic file (type pdf)
<use Resources/meen-357/meen-357-phase-3.pdf, page 2>
Package pdftex.def Info: Resources/meen-357/meen-357-phase-3.pdf , page2 used o
n input line 95.
(pdftex.def)             Requested size: 597.78697pt x 773.60669pt.
File: Resources/meen-357/meen-357-phase-3.pdf Graphic file (type pdf)
<use Resources/meen-357/meen-357-phase-3.pdf, page 2>
Package pdftex.def Info: Resources/meen-357/meen-357-phase-3.pdf , page2 used o
n input line 95.
(pdftex.def)             Requested size: 597.78697pt x 773.60669pt.
 [89 <./Resources/meen-357/meen-357-phase-3.pdf>]
<Resources/meen-357/meen-357-phase-3.pdf, id=1025, page=3, 614.295pt x 794.97pt
>
File: Resources/meen-357/meen-357-phase-3.pdf Graphic file (type pdf)
<use Resources/meen-357/meen-357-phase-3.pdf, page 3>
Package pdftex.def Info: Resources/meen-357/meen-357-phase-3.pdf , page3 used o
n input line 95.
(pdftex.def)             Requested size: 597.78697pt x 773.60669pt.
File: Resources/meen-357/meen-357-phase-3.pdf Graphic file (type pdf)
<use Resources/meen-357/meen-357-phase-3.pdf, page 3>
Package pdftex.def Info: Resources/meen-357/meen-357-phase-3.pdf , page3 used o
n input line 95.
(pdftex.def)             Requested size: 597.78697pt x 773.60669pt.
File: Resources/meen-357/meen-357-phase-3.pdf Graphic file (type pdf)
<use Resources/meen-357/meen-357-phase-3.pdf, page 3>
Package pdftex.def Info: Resources/meen-357/meen-357-phase-3.pdf , page3 used o
n input line 95.
(pdftex.def)             Requested size: 597.78697pt x 773.60669pt.
 [90 <./Resources/meen-357/meen-357-phase-3.pdf>]
<Resources/meen-357/meen-357-phase-3.pdf, id=1030, page=4, 614.295pt x 794.97pt
>
File: Resources/meen-357/meen-357-phase-3.pdf Graphic file (type pdf)
<use Resources/meen-357/meen-357-phase-3.pdf, page 4>
Package pdftex.def Info: Resources/meen-357/meen-357-phase-3.pdf , page4 used o
n input line 95.
(pdftex.def)             Requested size: 597.78697pt x 773.60669pt.
File: Resources/meen-357/meen-357-phase-3.pdf Graphic file (type pdf)
<use Resources/meen-357/meen-357-phase-3.pdf, page 4>
Package pdftex.def Info: Resources/meen-357/meen-357-phase-3.pdf , page4 used o
n input line 95.
(pdftex.def)             Requested size: 597.78697pt x 773.60669pt.
File: Resources/meen-357/meen-357-phase-3.pdf Graphic file (type pdf)
<use Resources/meen-357/meen-357-phase-3.pdf, page 4>
Package pdftex.def Info: Resources/meen-357/meen-357-phase-3.pdf , page4 used o
n input line 95.
(pdftex.def)             Requested size: 597.78697pt x 773.60669pt.
 [91 <./Resources/meen-357/meen-357-phase-3.pdf>]
<Resources/meen-357/meen-357-phase-3.pdf, id=1036, page=5, 614.295pt x 794.97pt
>
File: Resources/meen-357/meen-357-phase-3.pdf Graphic file (type pdf)
<use Resources/meen-357/meen-357-phase-3.pdf, page 5>
Package pdftex.def Info: Resources/meen-357/meen-357-phase-3.pdf , page5 used o
n input line 95.
(pdftex.def)             Requested size: 597.78697pt x 773.60669pt.
File: Resources/meen-357/meen-357-phase-3.pdf Graphic file (type pdf)
<use Resources/meen-357/meen-357-phase-3.pdf, page 5>
Package pdftex.def Info: Resources/meen-357/meen-357-phase-3.pdf , page5 used o
n input line 95.
(pdftex.def)             Requested size: 597.78697pt x 773.60669pt.
File: Resources/meen-357/meen-357-phase-3.pdf Graphic file (type pdf)
<use Resources/meen-357/meen-357-phase-3.pdf, page 5>
Package pdftex.def Info: Resources/meen-357/meen-357-phase-3.pdf , page5 used o
n input line 95.
(pdftex.def)             Requested size: 597.78697pt x 773.60669pt.
 [92 <./Resources/meen-357/meen-357-phase-3.pdf>]
<Resources/meen-357/meen-357-phase-3.pdf, id=1041, page=6, 614.295pt x 794.97pt
>
File: Resources/meen-357/meen-357-phase-3.pdf Graphic file (type pdf)
<use Resources/meen-357/meen-357-phase-3.pdf, page 6>
Package pdftex.def Info: Resources/meen-357/meen-357-phase-3.pdf , page6 used o
n input line 95.
(pdftex.def)             Requested size: 597.78697pt x 773.60669pt.
File: Resources/meen-357/meen-357-phase-3.pdf Graphic file (type pdf)
<use Resources/meen-357/meen-357-phase-3.pdf, page 6>
Package pdftex.def Info: Resources/meen-357/meen-357-phase-3.pdf , page6 used o
n input line 95.
(pdftex.def)             Requested size: 597.78697pt x 773.60669pt.
File: Resources/meen-357/meen-357-phase-3.pdf Graphic file (type pdf)
<use Resources/meen-357/meen-357-phase-3.pdf, page 6>
Package pdftex.def Info: Resources/meen-357/meen-357-phase-3.pdf , page6 used o
n input line 95.
(pdftex.def)             Requested size: 597.78697pt x 773.60669pt.
 [93 <./Resources/meen-357/meen-357-phase-3.pdf>]
<Resources/meen-357/meen-357-phase-3.pdf, id=1046, page=7, 614.295pt x 794.97pt
>
File: Resources/meen-357/meen-357-phase-3.pdf Graphic file (type pdf)
<use Resources/meen-357/meen-357-phase-3.pdf, page 7>
Package pdftex.def Info: Resources/meen-357/meen-357-phase-3.pdf , page7 used o
n input line 95.
(pdftex.def)             Requested size: 597.78697pt x 773.60669pt.
File: Resources/meen-357/meen-357-phase-3.pdf Graphic file (type pdf)
<use Resources/meen-357/meen-357-phase-3.pdf, page 7>
Package pdftex.def Info: Resources/meen-357/meen-357-phase-3.pdf , page7 used o
n input line 95.
(pdftex.def)             Requested size: 597.78697pt x 773.60669pt.
File: Resources/meen-357/meen-357-phase-3.pdf Graphic file (type pdf)
<use Resources/meen-357/meen-357-phase-3.pdf, page 7>
Package pdftex.def Info: Resources/meen-357/meen-357-phase-3.pdf , page7 used o
n input line 95.
(pdftex.def)             Requested size: 597.78697pt x 773.60669pt.
 [94 <./Resources/meen-357/meen-357-phase-3.pdf>]
<Resources/meen-357/meen-357-phase-3.pdf, id=1051, page=8, 614.295pt x 794.97pt
>
File: Resources/meen-357/meen-357-phase-3.pdf Graphic file (type pdf)
<use Resources/meen-357/meen-357-phase-3.pdf, page 8>
Package pdftex.def Info: Resources/meen-357/meen-357-phase-3.pdf , page8 used o
n input line 95.
(pdftex.def)             Requested size: 597.78697pt x 773.60669pt.
File: Resources/meen-357/meen-357-phase-3.pdf Graphic file (type pdf)
<use Resources/meen-357/meen-357-phase-3.pdf, page 8>
Package pdftex.def Info: Resources/meen-357/meen-357-phase-3.pdf , page8 used o
n input line 95.
(pdftex.def)             Requested size: 597.78697pt x 773.60669pt.
File: Resources/meen-357/meen-357-phase-3.pdf Graphic file (type pdf)
<use Resources/meen-357/meen-357-phase-3.pdf, page 8>
Package pdftex.def Info: Resources/meen-357/meen-357-phase-3.pdf , page8 used o
n input line 95.
(pdftex.def)             Requested size: 597.78697pt x 773.60669pt.
 [95 <./Resources/meen-357/meen-357-phase-3.pdf>]
<Resources/meen-357/meen-357-phase-3.pdf, id=1056, page=9, 614.295pt x 794.97pt
>
File: Resources/meen-357/meen-357-phase-3.pdf Graphic file (type pdf)
<use Resources/meen-357/meen-357-phase-3.pdf, page 9>
Package pdftex.def Info: Resources/meen-357/meen-357-phase-3.pdf , page9 used o
n input line 95.
(pdftex.def)             Requested size: 597.78697pt x 773.60669pt.
File: Resources/meen-357/meen-357-phase-3.pdf Graphic file (type pdf)
<use Resources/meen-357/meen-357-phase-3.pdf, page 9>
Package pdftex.def Info: Resources/meen-357/meen-357-phase-3.pdf , page9 used o
n input line 95.
(pdftex.def)             Requested size: 597.78697pt x 773.60669pt.
File: Resources/meen-357/meen-357-phase-3.pdf Graphic file (type pdf)
<use Resources/meen-357/meen-357-phase-3.pdf, page 9>
Package pdftex.def Info: Resources/meen-357/meen-357-phase-3.pdf , page9 used o
n input line 95.
(pdftex.def)             Requested size: 597.78697pt x 773.60669pt.

[96 <./Resources/meen-357/meen-357-phase-3.pdf>]
<Resources/meen-357/meen-357-phase-3.pdf, id=1062, page=10, 614.295pt x 794.97p
t>
File: Resources/meen-357/meen-357-phase-3.pdf Graphic file (type pdf)
<use Resources/meen-357/meen-357-phase-3.pdf, page 10>
Package pdftex.def Info: Resources/meen-357/meen-357-phase-3.pdf , page10 used 
on input line 95.
(pdftex.def)             Requested size: 597.78697pt x 773.60669pt.
File: Resources/meen-357/meen-357-phase-3.pdf Graphic file (type pdf)
<use Resources/meen-357/meen-357-phase-3.pdf, page 10>
Package pdftex.def Info: Resources/meen-357/meen-357-phase-3.pdf , page10 used 
on input line 95.
(pdftex.def)             Requested size: 597.78697pt x 773.60669pt.
File: Resources/meen-357/meen-357-phase-3.pdf Graphic file (type pdf)
<use Resources/meen-357/meen-357-phase-3.pdf, page 10>
Package pdftex.def Info: Resources/meen-357/meen-357-phase-3.pdf , page10 used 
on input line 95.
(pdftex.def)             Requested size: 597.78697pt x 773.60669pt.
 [97 <./Resources/meen-357/meen-357-phase-3.pdf>]
<Resources/meen-357/meen-357-phase-3.pdf, id=1068, page=11, 614.295pt x 794.97p
t>
File: Resources/meen-357/meen-357-phase-3.pdf Graphic file (type pdf)
<use Resources/meen-357/meen-357-phase-3.pdf, page 11>
Package pdftex.def Info: Resources/meen-357/meen-357-phase-3.pdf , page11 used 
on input line 95.
(pdftex.def)             Requested size: 597.78697pt x 773.60669pt.
File: Resources/meen-357/meen-357-phase-3.pdf Graphic file (type pdf)
<use Resources/meen-357/meen-357-phase-3.pdf, page 11>
Package pdftex.def Info: Resources/meen-357/meen-357-phase-3.pdf , page11 used 
on input line 95.
(pdftex.def)             Requested size: 597.78697pt x 773.60669pt.
File: Resources/meen-357/meen-357-phase-3.pdf Graphic file (type pdf)
<use Resources/meen-357/meen-357-phase-3.pdf, page 11>
Package pdftex.def Info: Resources/meen-357/meen-357-phase-3.pdf , page11 used 
on input line 95.
(pdftex.def)             Requested size: 597.78697pt x 773.60669pt.
 [98 <./Resources/meen-357/meen-357-phase-3.pdf>]
<Resources/meen-357/meen-357-phase-3.pdf, id=1073, page=12, 614.295pt x 794.97p
t>
File: Resources/meen-357/meen-357-phase-3.pdf Graphic file (type pdf)
<use Resources/meen-357/meen-357-phase-3.pdf, page 12>
Package pdftex.def Info: Resources/meen-357/meen-357-phase-3.pdf , page12 used 
on input line 95.
(pdftex.def)             Requested size: 597.78697pt x 773.60669pt.
File: Resources/meen-357/meen-357-phase-3.pdf Graphic file (type pdf)
<use Resources/meen-357/meen-357-phase-3.pdf, page 12>
Package pdftex.def Info: Resources/meen-357/meen-357-phase-3.pdf , page12 used 
on input line 95.
(pdftex.def)             Requested size: 597.78697pt x 773.60669pt.
File: Resources/meen-357/meen-357-phase-3.pdf Graphic file (type pdf)
<use Resources/meen-357/meen-357-phase-3.pdf, page 12>
Package pdftex.def Info: Resources/meen-357/meen-357-phase-3.pdf , page12 used 
on input line 95.
(pdftex.def)             Requested size: 597.78697pt x 773.60669pt.
 [99 <./Resources/meen-357/meen-357-phase-3.pdf>]
<Resources/meen-357/meen-357-phase-3.pdf, id=1078, page=13, 614.295pt x 794.97p
t>
File: Resources/meen-357/meen-357-phase-3.pdf Graphic file (type pdf)
<use Resources/meen-357/meen-357-phase-3.pdf, page 13>
Package pdftex.def Info: Resources/meen-357/meen-357-phase-3.pdf , page13 used 
on input line 95.
(pdftex.def)             Requested size: 597.78697pt x 773.60669pt.
File: Resources/meen-357/meen-357-phase-3.pdf Graphic file (type pdf)
<use Resources/meen-357/meen-357-phase-3.pdf, page 13>
Package pdftex.def Info: Resources/meen-357/meen-357-phase-3.pdf , page13 used 
on input line 95.
(pdftex.def)             Requested size: 597.78697pt x 773.60669pt.
File: Resources/meen-357/meen-357-phase-3.pdf Graphic file (type pdf)
<use Resources/meen-357/meen-357-phase-3.pdf, page 13>
Package pdftex.def Info: Resources/meen-357/meen-357-phase-3.pdf , page13 used 
on input line 95.
(pdftex.def)             Requested size: 597.78697pt x 773.60669pt.
 [100 <./Resources/meen-357/meen-357-phase-3.pdf>]
<Resources/meen-357/meen-357-phase-3.pdf, id=1083, page=14, 614.295pt x 794.97p
t>
File: Resources/meen-357/meen-357-phase-3.pdf Graphic file (type pdf)
<use Resources/meen-357/meen-357-phase-3.pdf, page 14>
Package pdftex.def Info: Resources/meen-357/meen-357-phase-3.pdf , page14 used 
on input line 95.
(pdftex.def)             Requested size: 597.78697pt x 773.60669pt.
File: Resources/meen-357/meen-357-phase-3.pdf Graphic file (type pdf)
<use Resources/meen-357/meen-357-phase-3.pdf, page 14>
Package pdftex.def Info: Resources/meen-357/meen-357-phase-3.pdf , page14 used 
on input line 95.
(pdftex.def)             Requested size: 597.78697pt x 773.60669pt.
File: Resources/meen-357/meen-357-phase-3.pdf Graphic file (type pdf)
<use Resources/meen-357/meen-357-phase-3.pdf, page 14>
Package pdftex.def Info: Resources/meen-357/meen-357-phase-3.pdf , page14 used 
on input line 95.
(pdftex.def)             Requested size: 597.78697pt x 773.60669pt.
 [101 <./Resources/meen-357/meen-357-phase-3.pdf>]
<Resources/meen-357/meen-357-phase-3.pdf, id=1088, page=15, 614.295pt x 794.97p
t>
File: Resources/meen-357/meen-357-phase-3.pdf Graphic file (type pdf)
<use Resources/meen-357/meen-357-phase-3.pdf, page 15>
Package pdftex.def Info: Resources/meen-357/meen-357-phase-3.pdf , page15 used 
on input line 95.
(pdftex.def)             Requested size: 597.78697pt x 773.60669pt.
File: Resources/meen-357/meen-357-phase-3.pdf Graphic file (type pdf)
<use Resources/meen-357/meen-357-phase-3.pdf, page 15>
Package pdftex.def Info: Resources/meen-357/meen-357-phase-3.pdf , page15 used 
on input line 95.
(pdftex.def)             Requested size: 597.78697pt x 773.60669pt.
File: Resources/meen-357/meen-357-phase-3.pdf Graphic file (type pdf)
<use Resources/meen-357/meen-357-phase-3.pdf, page 15>
Package pdftex.def Info: Resources/meen-357/meen-357-phase-3.pdf , page15 used 
on input line 95.
(pdftex.def)             Requested size: 597.78697pt x 773.60669pt.
 [102 <./Resources/meen-357/meen-357-phase-3.pdf>]
<Resources/meen-357/meen-357-phase-3.pdf, id=1093, page=16, 614.295pt x 794.97p
t>
File: Resources/meen-357/meen-357-phase-3.pdf Graphic file (type pdf)
<use Resources/meen-357/meen-357-phase-3.pdf, page 16>
Package pdftex.def Info: Resources/meen-357/meen-357-phase-3.pdf , page16 used 
on input line 95.
(pdftex.def)             Requested size: 597.78697pt x 773.60669pt.
File: Resources/meen-357/meen-357-phase-3.pdf Graphic file (type pdf)
<use Resources/meen-357/meen-357-phase-3.pdf, page 16>
Package pdftex.def Info: Resources/meen-357/meen-357-phase-3.pdf , page16 used 
on input line 95.
(pdftex.def)             Requested size: 597.78697pt x 773.60669pt.
File: Resources/meen-357/meen-357-phase-3.pdf Graphic file (type pdf)
<use Resources/meen-357/meen-357-phase-3.pdf, page 16>
Package pdftex.def Info: Resources/meen-357/meen-357-phase-3.pdf , page16 used 
on input line 95.
(pdftex.def)             Requested size: 597.78697pt x 773.60669pt.
 [103 <./Resources/meen-357/meen-357-phase-3.pdf>]
<Resources/meen-357/meen-357-phase-3.pdf, id=1099, page=17, 614.295pt x 794.97p
t>
File: Resources/meen-357/meen-357-phase-3.pdf Graphic file (type pdf)
<use Resources/meen-357/meen-357-phase-3.pdf, page 17>
Package pdftex.def Info: Resources/meen-357/meen-357-phase-3.pdf , page17 used 
on input line 95.
(pdftex.def)             Requested size: 597.78697pt x 773.60669pt.
File: Resources/meen-357/meen-357-phase-3.pdf Graphic file (type pdf)
<use Resources/meen-357/meen-357-phase-3.pdf, page 17>
Package pdftex.def Info: Resources/meen-357/meen-357-phase-3.pdf , page17 used 
on input line 95.
(pdftex.def)             Requested size: 597.78697pt x 773.60669pt.
File: Resources/meen-357/meen-357-phase-3.pdf Graphic file (type pdf)
<use Resources/meen-357/meen-357-phase-3.pdf, page 17>
Package pdftex.def Info: Resources/meen-357/meen-357-phase-3.pdf , page17 used 
on input line 95.
(pdftex.def)             Requested size: 597.78697pt x 773.60669pt.
[104 <./Resources/meen-357/meen-357-phase-3.pdf>]
<Resources/meen-357/meen-357-phase-3.pdf, id=1107, page=18, 614.295pt x 794.97p
t>
File: Resources/meen-357/meen-357-phase-3.pdf Graphic file (type pdf)
<use Resources/meen-357/meen-357-phase-3.pdf, page 18>
Package pdftex.def Info: Resources/meen-357/meen-357-phase-3.pdf , page18 used 
on input line 95.
(pdftex.def)             Requested size: 597.78697pt x 773.60669pt.
File: Resources/meen-357/meen-357-phase-3.pdf Graphic file (type pdf)
<use Resources/meen-357/meen-357-phase-3.pdf, page 18>
Package pdftex.def Info: Resources/meen-357/meen-357-phase-3.pdf , page18 used 
on input line 95.
(pdftex.def)             Requested size: 597.78697pt x 773.60669pt.
File: Resources/meen-357/meen-357-phase-3.pdf Graphic file (type pdf)
<use Resources/meen-357/meen-357-phase-3.pdf, page 18>
Package pdftex.def Info: Resources/meen-357/meen-357-phase-3.pdf , page18 used 
on input line 95.
(pdftex.def)             Requested size: 597.78697pt x 773.60669pt.
 [105 <./Resources/meen-357/meen-357-phase-3.pdf>]
<Resources/meen-357/meen-357-phase-3.pdf, id=1113, page=19, 614.295pt x 794.97p
t>
File: Resources/meen-357/meen-357-phase-3.pdf Graphic file (type pdf)
<use Resources/meen-357/meen-357-phase-3.pdf, page 19>
Package pdftex.def Info: Resources/meen-357/meen-357-phase-3.pdf , page19 used 
on input line 95.
(pdftex.def)             Requested size: 597.78697pt x 773.60669pt.
File: Resources/meen-357/meen-357-phase-3.pdf Graphic file (type pdf)
<use Resources/meen-357/meen-357-phase-3.pdf, page 19>
Package pdftex.def Info: Resources/meen-357/meen-357-phase-3.pdf , page19 used 
on input line 95.
(pdftex.def)             Requested size: 597.78697pt x 773.60669pt.
File: Resources/meen-357/meen-357-phase-3.pdf Graphic file (type pdf)
<use Resources/meen-357/meen-357-phase-3.pdf, page 19>
Package pdftex.def Info: Resources/meen-357/meen-357-phase-3.pdf , page19 used 
on input line 95.
(pdftex.def)             Requested size: 597.78697pt x 773.60669pt.
 [106 <./Resources/meen-357/meen-357-phase-3.pdf>]
<Resources/meen-357/meen-357-phase-3.pdf, id=1119, page=20, 614.295pt x 794.97p
t>
File: Resources/meen-357/meen-357-phase-3.pdf Graphic file (type pdf)
<use Resources/meen-357/meen-357-phase-3.pdf, page 20>
Package pdftex.def Info: Resources/meen-357/meen-357-phase-3.pdf , page20 used 
on input line 95.
(pdftex.def)             Requested size: 597.78697pt x 773.60669pt.
File: Resources/meen-357/meen-357-phase-3.pdf Graphic file (type pdf)
<use Resources/meen-357/meen-357-phase-3.pdf, page 20>
Package pdftex.def Info: Resources/meen-357/meen-357-phase-3.pdf , page20 used 
on input line 95.
(pdftex.def)             Requested size: 597.78697pt x 773.60669pt.
File: Resources/meen-357/meen-357-phase-3.pdf Graphic file (type pdf)
<use Resources/meen-357/meen-357-phase-3.pdf, page 20>
Package pdftex.def Info: Resources/meen-357/meen-357-phase-3.pdf , page20 used 
on input line 95.
(pdftex.def)             Requested size: 597.78697pt x 773.60669pt.
 [107 <./Resources/meen-357/meen-357-phase-3.pdf>]
<Resources/meen-357/meen-357-phase-4.pdf, id=1125, 614.295pt x 794.97pt>
File: Resources/meen-357/meen-357-phase-4.pdf Graphic file (type pdf)
<use Resources/meen-357/meen-357-phase-4.pdf>
Package pdftex.def Info: Resources/meen-357/meen-357-phase-4.pdf  used on input
 line 96.
(pdftex.def)             Requested size: 614.29349pt x 794.96806pt.
File: Resources/meen-357/meen-357-phase-4.pdf Graphic file (type pdf)
<use Resources/meen-357/meen-357-phase-4.pdf>
Package pdftex.def Info: Resources/meen-357/meen-357-phase-4.pdf  used on input
 line 96.
(pdftex.def)             Requested size: 614.29349pt x 794.96806pt.
<Resources/meen-357/meen-357-phase-4.pdf, id=1128, page=1, 614.295pt x 794.97pt
>
File: Resources/meen-357/meen-357-phase-4.pdf Graphic file (type pdf)
<use Resources/meen-357/meen-357-phase-4.pdf, page 1>
Package pdftex.def Info: Resources/meen-357/meen-357-phase-4.pdf , page1 used o
n input line 96.
(pdftex.def)             Requested size: 614.29349pt x 794.96806pt.
File: Resources/meen-357/meen-357-phase-4.pdf Graphic file (type pdf)
<use Resources/meen-357/meen-357-phase-4.pdf, page 1>
Package pdftex.def Info: Resources/meen-357/meen-357-phase-4.pdf , page1 used o
n input line 96.
(pdftex.def)             Requested size: 597.78697pt x 773.60669pt.
File: Resources/meen-357/meen-357-phase-4.pdf Graphic file (type pdf)
<use Resources/meen-357/meen-357-phase-4.pdf, page 1>
Package pdftex.def Info: Resources/meen-357/meen-357-phase-4.pdf , page1 used o
n input line 96.
(pdftex.def)             Requested size: 597.78697pt x 773.60669pt.
File: Resources/meen-357/meen-357-phase-4.pdf Graphic file (type pdf)
<use Resources/meen-357/meen-357-phase-4.pdf, page 1>
Package pdftex.def Info: Resources/meen-357/meen-357-phase-4.pdf , page1 used o
n input line 96.
(pdftex.def)             Requested size: 597.78697pt x 773.60669pt.
File: Resources/meen-357/meen-357-phase-4.pdf Graphic file (type pdf)
<use Resources/meen-357/meen-357-phase-4.pdf, page 1>
Package pdftex.def Info: Resources/meen-357/meen-357-phase-4.pdf , page1 used o
n input line 96.
(pdftex.def)             Requested size: 597.78697pt x 773.60669pt.
 [108 <./Resources/meen-357/meen-357-phase-4.pdf>]
<Resources/meen-357/meen-357-phase-4.pdf, id=1155, page=2, 614.295pt x 794.97pt
>
File: Resources/meen-357/meen-357-phase-4.pdf Graphic file (type pdf)
<use Resources/meen-357/meen-357-phase-4.pdf, page 2>
Package pdftex.def Info: Resources/meen-357/meen-357-phase-4.pdf , page2 used o
n input line 96.
(pdftex.def)             Requested size: 597.78697pt x 773.60669pt.
File: Resources/meen-357/meen-357-phase-4.pdf Graphic file (type pdf)
<use Resources/meen-357/meen-357-phase-4.pdf, page 2>
Package pdftex.def Info: Resources/meen-357/meen-357-phase-4.pdf , page2 used o
n input line 96.
(pdftex.def)             Requested size: 597.78697pt x 773.60669pt.
File: Resources/meen-357/meen-357-phase-4.pdf Graphic file (type pdf)
<use Resources/meen-357/meen-357-phase-4.pdf, page 2>
Package pdftex.def Info: Resources/meen-357/meen-357-phase-4.pdf , page2 used o
n input line 96.
(pdftex.def)             Requested size: 597.78697pt x 773.60669pt.
 [109 <./Resources/meen-357/meen-357-phase-4.pdf>]
<Resources/meen-357/meen-357-phase-4.pdf, id=1166, page=3, 614.295pt x 794.97pt
>
File: Resources/meen-357/meen-357-phase-4.pdf Graphic file (type pdf)
<use Resources/meen-357/meen-357-phase-4.pdf, page 3>
Package pdftex.def Info: Resources/meen-357/meen-357-phase-4.pdf , page3 used o
n input line 96.
(pdftex.def)             Requested size: 597.78697pt x 773.60669pt.
File: Resources/meen-357/meen-357-phase-4.pdf Graphic file (type pdf)
<use Resources/meen-357/meen-357-phase-4.pdf, page 3>
Package pdftex.def Info: Resources/meen-357/meen-357-phase-4.pdf , page3 used o
n input line 96.
(pdftex.def)             Requested size: 597.78697pt x 773.60669pt.
File: Resources/meen-357/meen-357-phase-4.pdf Graphic file (type pdf)
<use Resources/meen-357/meen-357-phase-4.pdf, page 3>
Package pdftex.def Info: Resources/meen-357/meen-357-phase-4.pdf , page3 used o
n input line 96.
(pdftex.def)             Requested size: 597.78697pt x 773.60669pt.
 [110 <./Resources/meen-357/meen-357-phase-4.pdf>]
<Resources/meen-357/meen-357-phase-4.pdf, id=1171, page=4, 614.295pt x 794.97pt
>
File: Resources/meen-357/meen-357-phase-4.pdf Graphic file (type pdf)
<use Resources/meen-357/meen-357-phase-4.pdf, page 4>
Package pdftex.def Info: Resources/meen-357/meen-357-phase-4.pdf , page4 used o
n input line 96.
(pdftex.def)             Requested size: 597.78697pt x 773.60669pt.
File: Resources/meen-357/meen-357-phase-4.pdf Graphic file (type pdf)
<use Resources/meen-357/meen-357-phase-4.pdf, page 4>
Package pdftex.def Info: Resources/meen-357/meen-357-phase-4.pdf , page4 used o
n input line 96.
(pdftex.def)             Requested size: 597.78697pt x 773.60669pt.
File: Resources/meen-357/meen-357-phase-4.pdf Graphic file (type pdf)
<use Resources/meen-357/meen-357-phase-4.pdf, page 4>
Package pdftex.def Info: Resources/meen-357/meen-357-phase-4.pdf , page4 used o
n input line 96.
(pdftex.def)             Requested size: 597.78697pt x 773.60669pt.
 [111 <./Resources/meen-357/meen-357-phase-4.pdf>]
<Resources/meen-357/meen-357-phase-4.pdf, id=1176, page=5, 614.295pt x 794.97pt
>
File: Resources/meen-357/meen-357-phase-4.pdf Graphic file (type pdf)
<use Resources/meen-357/meen-357-phase-4.pdf, page 5>
Package pdftex.def Info: Resources/meen-357/meen-357-phase-4.pdf , page5 used o
n input line 96.
(pdftex.def)             Requested size: 597.78697pt x 773.60669pt.
File: Resources/meen-357/meen-357-phase-4.pdf Graphic file (type pdf)
<use Resources/meen-357/meen-357-phase-4.pdf, page 5>
Package pdftex.def Info: Resources/meen-357/meen-357-phase-4.pdf , page5 used o
n input line 96.
(pdftex.def)             Requested size: 597.78697pt x 773.60669pt.
File: Resources/meen-357/meen-357-phase-4.pdf Graphic file (type pdf)
<use Resources/meen-357/meen-357-phase-4.pdf, page 5>
Package pdftex.def Info: Resources/meen-357/meen-357-phase-4.pdf , page5 used o
n input line 96.
(pdftex.def)             Requested size: 597.78697pt x 773.60669pt.
 [112 <./Resources/meen-357/meen-357-phase-4.pdf>]
<Resources/meen-357/meen-357-phase-4.pdf, id=1181, page=6, 614.295pt x 794.97pt
>
File: Resources/meen-357/meen-357-phase-4.pdf Graphic file (type pdf)
<use Resources/meen-357/meen-357-phase-4.pdf, page 6>
Package pdftex.def Info: Resources/meen-357/meen-357-phase-4.pdf , page6 used o
n input line 96.
(pdftex.def)             Requested size: 597.78697pt x 773.60669pt.
File: Resources/meen-357/meen-357-phase-4.pdf Graphic file (type pdf)
<use Resources/meen-357/meen-357-phase-4.pdf, page 6>
Package pdftex.def Info: Resources/meen-357/meen-357-phase-4.pdf , page6 used o
n input line 96.
(pdftex.def)             Requested size: 597.78697pt x 773.60669pt.
File: Resources/meen-357/meen-357-phase-4.pdf Graphic file (type pdf)
<use Resources/meen-357/meen-357-phase-4.pdf, page 6>
Package pdftex.def Info: Resources/meen-357/meen-357-phase-4.pdf , page6 used o
n input line 96.
(pdftex.def)             Requested size: 597.78697pt x 773.60669pt.
 [113 <./Resources/meen-357/meen-357-phase-4.pdf>]
<Resources/meen-357/meen-357-phase-4.pdf, id=1187, page=7, 614.295pt x 794.97pt
>
File: Resources/meen-357/meen-357-phase-4.pdf Graphic file (type pdf)
<use Resources/meen-357/meen-357-phase-4.pdf, page 7>
Package pdftex.def Info: Resources/meen-357/meen-357-phase-4.pdf , page7 used o
n input line 96.
(pdftex.def)             Requested size: 597.78697pt x 773.60669pt.
File: Resources/meen-357/meen-357-phase-4.pdf Graphic file (type pdf)
<use Resources/meen-357/meen-357-phase-4.pdf, page 7>
Package pdftex.def Info: Resources/meen-357/meen-357-phase-4.pdf , page7 used o
n input line 96.
(pdftex.def)             Requested size: 597.78697pt x 773.60669pt.
File: Resources/meen-357/meen-357-phase-4.pdf Graphic file (type pdf)
<use Resources/meen-357/meen-357-phase-4.pdf, page 7>
Package pdftex.def Info: Resources/meen-357/meen-357-phase-4.pdf , page7 used o
n input line 96.
(pdftex.def)             Requested size: 597.78697pt x 773.60669pt.
 [114 <./Resources/meen-357/meen-357-phase-4.pdf>]
<Resources/sec-ignite/AM5_2024.pdf, id=1196, 614.295pt x 794.97pt>
File: Resources/sec-ignite/AM5_2024.pdf Graphic file (type pdf)
<use Resources/sec-ignite/AM5_2024.pdf>
Package pdftex.def Info: Resources/sec-ignite/AM5_2024.pdf  used on input line 
109.
(pdftex.def)             Requested size: 614.29349pt x 794.96806pt.
File: Resources/sec-ignite/AM5_2024.pdf Graphic file (type pdf)
<use Resources/sec-ignite/AM5_2024.pdf>
Package pdftex.def Info: Resources/sec-ignite/AM5_2024.pdf  used on input line 
109.
(pdftex.def)             Requested size: 614.29349pt x 794.96806pt.
<Resources/sec-ignite/AM5_2024.pdf, id=1199, page=1, 614.295pt x 794.97pt>
File: Resources/sec-ignite/AM5_2024.pdf Graphic file (type pdf)
<use Resources/sec-ignite/AM5_2024.pdf, page 1>
Package pdftex.def Info: Resources/sec-ignite/AM5_2024.pdf , page1 used on inpu
t line 109.
(pdftex.def)             Requested size: 614.29349pt x 794.96806pt.
File: Resources/sec-ignite/AM5_2024.pdf Graphic file (type pdf)
<use Resources/sec-ignite/AM5_2024.pdf, page 1>
Package pdftex.def Info: Resources/sec-ignite/AM5_2024.pdf , page1 used on inpu
t line 109.
(pdftex.def)             Requested size: 597.78697pt x 773.60669pt.

[115]
File: Resources/sec-ignite/AM5_2024.pdf Graphic file (type pdf)
<use Resources/sec-ignite/AM5_2024.pdf, page 1>
Package pdftex.def Info: Resources/sec-ignite/AM5_2024.pdf , page1 used on inpu
t line 109.
(pdftex.def)             Requested size: 597.78697pt x 773.60669pt.
File: Resources/sec-ignite/AM5_2024.pdf Graphic file (type pdf)
<use Resources/sec-ignite/AM5_2024.pdf, page 1>
Package pdftex.def Info: Resources/sec-ignite/AM5_2024.pdf , page1 used on inpu
t line 109.
(pdftex.def)             Requested size: 597.78697pt x 773.60669pt.
File: Resources/sec-ignite/AM5_2024.pdf Graphic file (type pdf)
<use Resources/sec-ignite/AM5_2024.pdf, page 1>
Package pdftex.def Info: Resources/sec-ignite/AM5_2024.pdf , page1 used on inpu
t line 109.
(pdftex.def)             Requested size: 597.78697pt x 773.60669pt.
 [116 <./Resources/sec-ignite/AM5_2024.pdf>]
<Resources/sec-ignite/AM5_2024.pdf, id=1223, page=2, 614.295pt x 794.97pt>
File: Resources/sec-ignite/AM5_2024.pdf Graphic file (type pdf)
<use Resources/sec-ignite/AM5_2024.pdf, page 2>
Package pdftex.def Info: Resources/sec-ignite/AM5_2024.pdf , page2 used on inpu
t line 109.
(pdftex.def)             Requested size: 597.78697pt x 773.60669pt.
File: Resources/sec-ignite/AM5_2024.pdf Graphic file (type pdf)
<use Resources/sec-ignite/AM5_2024.pdf, page 2>
Package pdftex.def Info: Resources/sec-ignite/AM5_2024.pdf , page2 used on inpu
t line 109.
(pdftex.def)             Requested size: 597.78697pt x 773.60669pt.
File: Resources/sec-ignite/AM5_2024.pdf Graphic file (type pdf)
<use Resources/sec-ignite/AM5_2024.pdf, page 2>
Package pdftex.def Info: Resources/sec-ignite/AM5_2024.pdf , page2 used on inpu
t line 109.
(pdftex.def)             Requested size: 597.78697pt x 773.60669pt.
 [117 <./Resources/sec-ignite/AM5_2024.pdf>]
<Resources/sec-ignite/AM5_2024.pdf, id=1230, page=3, 614.295pt x 794.97pt>
File: Resources/sec-ignite/AM5_2024.pdf Graphic file (type pdf)
<use Resources/sec-ignite/AM5_2024.pdf, page 3>
Package pdftex.def Info: Resources/sec-ignite/AM5_2024.pdf , page3 used on inpu
t line 109.
(pdftex.def)             Requested size: 597.78697pt x 773.60669pt.
File: Resources/sec-ignite/AM5_2024.pdf Graphic file (type pdf)
<use Resources/sec-ignite/AM5_2024.pdf, page 3>
Package pdftex.def Info: Resources/sec-ignite/AM5_2024.pdf , page3 used on inpu
t line 109.
(pdftex.def)             Requested size: 597.78697pt x 773.60669pt.
File: Resources/sec-ignite/AM5_2024.pdf Graphic file (type pdf)
<use Resources/sec-ignite/AM5_2024.pdf, page 3>
Package pdftex.def Info: Resources/sec-ignite/AM5_2024.pdf , page3 used on inpu
t line 109.
(pdftex.def)             Requested size: 597.78697pt x 773.60669pt.
 [118 <./Resources/sec-ignite/AM5_2024.pdf>]
<Resources/sec-ignite/AM5_2024.pdf, id=1237, page=4, 614.295pt x 794.97pt>
File: Resources/sec-ignite/AM5_2024.pdf Graphic file (type pdf)
<use Resources/sec-ignite/AM5_2024.pdf, page 4>
Package pdftex.def Info: Resources/sec-ignite/AM5_2024.pdf , page4 used on inpu
t line 109.
(pdftex.def)             Requested size: 597.78697pt x 773.60669pt.
File: Resources/sec-ignite/AM5_2024.pdf Graphic file (type pdf)
<use Resources/sec-ignite/AM5_2024.pdf, page 4>
Package pdftex.def Info: Resources/sec-ignite/AM5_2024.pdf , page4 used on inpu
t line 109.
(pdftex.def)             Requested size: 597.78697pt x 773.60669pt.
File: Resources/sec-ignite/AM5_2024.pdf Graphic file (type pdf)
<use Resources/sec-ignite/AM5_2024.pdf, page 4>
Package pdftex.def Info: Resources/sec-ignite/AM5_2024.pdf , page4 used on inpu
t line 109.
(pdftex.def)             Requested size: 597.78697pt x 773.60669pt.
 [119 <./Resources/sec-ignite/AM5_2024.pdf>]
<Resources/sec-ignite/AM5_2024.pdf, id=1251, page=5, 614.295pt x 794.97pt>
File: Resources/sec-ignite/AM5_2024.pdf Graphic file (type pdf)
<use Resources/sec-ignite/AM5_2024.pdf, page 5>
Package pdftex.def Info: Resources/sec-ignite/AM5_2024.pdf , page5 used on inpu
t line 109.
(pdftex.def)             Requested size: 597.78697pt x 773.60669pt.
File: Resources/sec-ignite/AM5_2024.pdf Graphic file (type pdf)
<use Resources/sec-ignite/AM5_2024.pdf, page 5>
Package pdftex.def Info: Resources/sec-ignite/AM5_2024.pdf , page5 used on inpu
t line 109.
(pdftex.def)             Requested size: 597.78697pt x 773.60669pt.
File: Resources/sec-ignite/AM5_2024.pdf Graphic file (type pdf)
<use Resources/sec-ignite/AM5_2024.pdf, page 5>
Package pdftex.def Info: Resources/sec-ignite/AM5_2024.pdf , page5 used on inpu
t line 109.
(pdftex.def)             Requested size: 597.78697pt x 773.60669pt.
 [120 <./Resources/sec-ignite/AM5_2024.pdf>]
<Resources/sec-ignite/AM5_2024.pdf, id=1258, page=6, 614.295pt x 794.97pt>
File: Resources/sec-ignite/AM5_2024.pdf Graphic file (type pdf)
<use Resources/sec-ignite/AM5_2024.pdf, page 6>
Package pdftex.def Info: Resources/sec-ignite/AM5_2024.pdf , page6 used on inpu
t line 109.
(pdftex.def)             Requested size: 597.78697pt x 773.60669pt.
File: Resources/sec-ignite/AM5_2024.pdf Graphic file (type pdf)
<use Resources/sec-ignite/AM5_2024.pdf, page 6>
Package pdftex.def Info: Resources/sec-ignite/AM5_2024.pdf , page6 used on inpu
t line 109.
(pdftex.def)             Requested size: 597.78697pt x 773.60669pt.
File: Resources/sec-ignite/AM5_2024.pdf Graphic file (type pdf)
<use Resources/sec-ignite/AM5_2024.pdf, page 6>
Package pdftex.def Info: Resources/sec-ignite/AM5_2024.pdf , page6 used on inpu
t line 109.
(pdftex.def)             Requested size: 597.78697pt x 773.60669pt.
 [121 <./Resources/sec-ignite/AM5_2024.pdf>]
<Resources/sec-ignite/AM5_2024.pdf, id=1268, page=7, 614.295pt x 794.97pt>
File: Resources/sec-ignite/AM5_2024.pdf Graphic file (type pdf)
<use Resources/sec-ignite/AM5_2024.pdf, page 7>
Package pdftex.def Info: Resources/sec-ignite/AM5_2024.pdf , page7 used on inpu
t line 109.
(pdftex.def)             Requested size: 597.78697pt x 773.60669pt.
File: Resources/sec-ignite/AM5_2024.pdf Graphic file (type pdf)
<use Resources/sec-ignite/AM5_2024.pdf, page 7>
Package pdftex.def Info: Resources/sec-ignite/AM5_2024.pdf , page7 used on inpu
t line 109.
(pdftex.def)             Requested size: 597.78697pt x 773.60669pt.
File: Resources/sec-ignite/AM5_2024.pdf Graphic file (type pdf)
<use Resources/sec-ignite/AM5_2024.pdf, page 7>
Package pdftex.def Info: Resources/sec-ignite/AM5_2024.pdf , page7 used on inpu
t line 109.
(pdftex.def)             Requested size: 597.78697pt x 773.60669pt.
 [122 <./Resources/sec-ignite/AM5_2024.pdf>]
<Resources/sec-ignite/AM5_2024.pdf, id=1277, page=8, 614.295pt x 794.97pt>
File: Resources/sec-ignite/AM5_2024.pdf Graphic file (type pdf)
<use Resources/sec-ignite/AM5_2024.pdf, page 8>
Package pdftex.def Info: Resources/sec-ignite/AM5_2024.pdf , page8 used on inpu
t line 109.
(pdftex.def)             Requested size: 597.78697pt x 773.60669pt.
File: Resources/sec-ignite/AM5_2024.pdf Graphic file (type pdf)
<use Resources/sec-ignite/AM5_2024.pdf, page 8>
Package pdftex.def Info: Resources/sec-ignite/AM5_2024.pdf , page8 used on inpu
t line 109.
(pdftex.def)             Requested size: 597.78697pt x 773.60669pt.
File: Resources/sec-ignite/AM5_2024.pdf Graphic file (type pdf)
<use Resources/sec-ignite/AM5_2024.pdf, page 8>
Package pdftex.def Info: Resources/sec-ignite/AM5_2024.pdf , page8 used on inpu
t line 109.
(pdftex.def)             Requested size: 597.78697pt x 773.60669pt.

[123 <./Resources/sec-ignite/AM5_2024.pdf>]
<Resources/sec-ignite/AM5_2024.pdf, id=1286, page=9, 614.295pt x 794.97pt>
File: Resources/sec-ignite/AM5_2024.pdf Graphic file (type pdf)
<use Resources/sec-ignite/AM5_2024.pdf, page 9>
Package pdftex.def Info: Resources/sec-ignite/AM5_2024.pdf , page9 used on inpu
t line 109.
(pdftex.def)             Requested size: 597.78697pt x 773.60669pt.
File: Resources/sec-ignite/AM5_2024.pdf Graphic file (type pdf)
<use Resources/sec-ignite/AM5_2024.pdf, page 9>
Package pdftex.def Info: Resources/sec-ignite/AM5_2024.pdf , page9 used on inpu
t line 109.
(pdftex.def)             Requested size: 597.78697pt x 773.60669pt.
File: Resources/sec-ignite/AM5_2024.pdf Graphic file (type pdf)
<use Resources/sec-ignite/AM5_2024.pdf, page 9>
Package pdftex.def Info: Resources/sec-ignite/AM5_2024.pdf , page9 used on inpu
t line 109.
(pdftex.def)             Requested size: 597.78697pt x 773.60669pt.
 [124 <./Resources/sec-ignite/AM5_2024.pdf>]
<Resources/sec-ignite/AM5_2024.pdf, id=1296, page=10, 614.295pt x 794.97pt>
File: Resources/sec-ignite/AM5_2024.pdf Graphic file (type pdf)
<use Resources/sec-ignite/AM5_2024.pdf, page 10>
Package pdftex.def Info: Resources/sec-ignite/AM5_2024.pdf , page10 used on inp
ut line 109.
(pdftex.def)             Requested size: 597.78697pt x 773.60669pt.
File: Resources/sec-ignite/AM5_2024.pdf Graphic file (type pdf)
<use Resources/sec-ignite/AM5_2024.pdf, page 10>
Package pdftex.def Info: Resources/sec-ignite/AM5_2024.pdf , page10 used on inp
ut line 109.
(pdftex.def)             Requested size: 597.78697pt x 773.60669pt.
File: Resources/sec-ignite/AM5_2024.pdf Graphic file (type pdf)
<use Resources/sec-ignite/AM5_2024.pdf, page 10>
Package pdftex.def Info: Resources/sec-ignite/AM5_2024.pdf , page10 used on inp
ut line 109.
(pdftex.def)             Requested size: 597.78697pt x 773.60669pt.
 [125 <./Resources/sec-ignite/AM5_2024.pdf>]
<Resources/sec-ignite/AM5_2024.pdf, id=1306, page=11, 614.295pt x 794.97pt>
File: Resources/sec-ignite/AM5_2024.pdf Graphic file (type pdf)
<use Resources/sec-ignite/AM5_2024.pdf, page 11>
Package pdftex.def Info: Resources/sec-ignite/AM5_2024.pdf , page11 used on inp
ut line 109.
(pdftex.def)             Requested size: 597.78697pt x 773.60669pt.
File: Resources/sec-ignite/AM5_2024.pdf Graphic file (type pdf)
<use Resources/sec-ignite/AM5_2024.pdf, page 11>
Package pdftex.def Info: Resources/sec-ignite/AM5_2024.pdf , page11 used on inp
ut line 109.
(pdftex.def)             Requested size: 597.78697pt x 773.60669pt.
File: Resources/sec-ignite/AM5_2024.pdf Graphic file (type pdf)
<use Resources/sec-ignite/AM5_2024.pdf, page 11>
Package pdftex.def Info: Resources/sec-ignite/AM5_2024.pdf , page11 used on inp
ut line 109.
(pdftex.def)             Requested size: 597.78697pt x 773.60669pt.
 [126 <./Resources/sec-ignite/AM5_2024.pdf>]
<Resources/sec-ignite/AM5_2024.pdf, id=1315, page=12, 614.295pt x 794.97pt>
File: Resources/sec-ignite/AM5_2024.pdf Graphic file (type pdf)
<use Resources/sec-ignite/AM5_2024.pdf, page 12>
Package pdftex.def Info: Resources/sec-ignite/AM5_2024.pdf , page12 used on inp
ut line 109.
(pdftex.def)             Requested size: 597.78697pt x 773.60669pt.
File: Resources/sec-ignite/AM5_2024.pdf Graphic file (type pdf)
<use Resources/sec-ignite/AM5_2024.pdf, page 12>
Package pdftex.def Info: Resources/sec-ignite/AM5_2024.pdf , page12 used on inp
ut line 109.
(pdftex.def)             Requested size: 597.78697pt x 773.60669pt.
File: Resources/sec-ignite/AM5_2024.pdf Graphic file (type pdf)
<use Resources/sec-ignite/AM5_2024.pdf, page 12>
Package pdftex.def Info: Resources/sec-ignite/AM5_2024.pdf , page12 used on inp
ut line 109.
(pdftex.def)             Requested size: 597.78697pt x 773.60669pt.
 [127 <./Resources/sec-ignite/AM5_2024.pdf>]
<Resources/sec-ignite/AM5_2024.pdf, id=1324, page=13, 614.295pt x 794.97pt>
File: Resources/sec-ignite/AM5_2024.pdf Graphic file (type pdf)
<use Resources/sec-ignite/AM5_2024.pdf, page 13>
Package pdftex.def Info: Resources/sec-ignite/AM5_2024.pdf , page13 used on inp
ut line 109.
(pdftex.def)             Requested size: 597.78697pt x 773.60669pt.
File: Resources/sec-ignite/AM5_2024.pdf Graphic file (type pdf)
<use Resources/sec-ignite/AM5_2024.pdf, page 13>
Package pdftex.def Info: Resources/sec-ignite/AM5_2024.pdf , page13 used on inp
ut line 109.
(pdftex.def)             Requested size: 597.78697pt x 773.60669pt.
File: Resources/sec-ignite/AM5_2024.pdf Graphic file (type pdf)
<use Resources/sec-ignite/AM5_2024.pdf, page 13>
Package pdftex.def Info: Resources/sec-ignite/AM5_2024.pdf , page13 used on inp
ut line 109.
(pdftex.def)             Requested size: 597.78697pt x 773.60669pt.
 [128 <./Resources/sec-ignite/AM5_2024.pdf>]
<Resources/sec-ignite/AM5_2024.pdf, id=1331, page=14, 614.295pt x 794.97pt>
File: Resources/sec-ignite/AM5_2024.pdf Graphic file (type pdf)
<use Resources/sec-ignite/AM5_2024.pdf, page 14>
Package pdftex.def Info: Resources/sec-ignite/AM5_2024.pdf , page14 used on inp
ut line 109.
(pdftex.def)             Requested size: 597.78697pt x 773.60669pt.
File: Resources/sec-ignite/AM5_2024.pdf Graphic file (type pdf)
<use Resources/sec-ignite/AM5_2024.pdf, page 14>
Package pdftex.def Info: Resources/sec-ignite/AM5_2024.pdf , page14 used on inp
ut line 109.
(pdftex.def)             Requested size: 597.78697pt x 773.60669pt.
File: Resources/sec-ignite/AM5_2024.pdf Graphic file (type pdf)
<use Resources/sec-ignite/AM5_2024.pdf, page 14>
Package pdftex.def Info: Resources/sec-ignite/AM5_2024.pdf , page14 used on inp
ut line 109.
(pdftex.def)             Requested size: 597.78697pt x 773.60669pt.
 [129 <./Resources/sec-ignite/AM5_2024.pdf>]
<Resources/sec-ignite/AM5_2024.pdf, id=1343, page=15, 614.295pt x 794.97pt>
File: Resources/sec-ignite/AM5_2024.pdf Graphic file (type pdf)
<use Resources/sec-ignite/AM5_2024.pdf, page 15>
Package pdftex.def Info: Resources/sec-ignite/AM5_2024.pdf , page15 used on inp
ut line 109.
(pdftex.def)             Requested size: 597.78697pt x 773.60669pt.
File: Resources/sec-ignite/AM5_2024.pdf Graphic file (type pdf)
<use Resources/sec-ignite/AM5_2024.pdf, page 15>
Package pdftex.def Info: Resources/sec-ignite/AM5_2024.pdf , page15 used on inp
ut line 109.
(pdftex.def)             Requested size: 597.78697pt x 773.60669pt.
File: Resources/sec-ignite/AM5_2024.pdf Graphic file (type pdf)
<use Resources/sec-ignite/AM5_2024.pdf, page 15>
Package pdftex.def Info: Resources/sec-ignite/AM5_2024.pdf , page15 used on inp
ut line 109.
(pdftex.def)             Requested size: 597.78697pt x 773.60669pt.
 [130 <./Resources/sec-ignite/AM5_2024.pdf>]
<Resources/sec-ignite/AM5_2024.pdf, id=1350, page=16, 614.295pt x 794.97pt>
File: Resources/sec-ignite/AM5_2024.pdf Graphic file (type pdf)
<use Resources/sec-ignite/AM5_2024.pdf, page 16>
Package pdftex.def Info: Resources/sec-ignite/AM5_2024.pdf , page16 used on inp
ut line 109.
(pdftex.def)             Requested size: 597.78697pt x 773.60669pt.
File: Resources/sec-ignite/AM5_2024.pdf Graphic file (type pdf)
<use Resources/sec-ignite/AM5_2024.pdf, page 16>
Package pdftex.def Info: Resources/sec-ignite/AM5_2024.pdf , page16 used on inp
ut line 109.
(pdftex.def)             Requested size: 597.78697pt x 773.60669pt.
File: Resources/sec-ignite/AM5_2024.pdf Graphic file (type pdf)
<use Resources/sec-ignite/AM5_2024.pdf, page 16>
Package pdftex.def Info: Resources/sec-ignite/AM5_2024.pdf , page16 used on inp
ut line 109.
(pdftex.def)             Requested size: 597.78697pt x 773.60669pt.
 [131 <./Resources/sec-ignite/AM5_2024.pdf>]
Underfull \hbox (badness 1371) in paragraph at lines 112--112
|[]\OT1/cmr/bx/n/17.28 Mechanical Mod-el-ing (Best Pro-to-type
 []

<Resources/meen-210/meen-210-Final_Project.pdf, id=1358, 722.7pt x 406.51875pt>

File: Resources/meen-210/meen-210-Final_Project.pdf Graphic file (type pdf)
<use Resources/meen-210/meen-210-Final_Project.pdf>
Package pdftex.def Info: Resources/meen-210/meen-210-Final_Project.pdf  used on
 input line 124.
(pdftex.def)             Requested size: 722.69823pt x 406.51775pt.
File: Resources/meen-210/meen-210-Final_Project.pdf Graphic file (type pdf)
<use Resources/meen-210/meen-210-Final_Project.pdf>
Package pdftex.def Info: Resources/meen-210/meen-210-Final_Project.pdf  used on
 input line 124.
(pdftex.def)             Requested size: 722.69823pt x 406.51775pt.
<Resources/meen-210/meen-210-Final_Project.pdf, id=1361, page=1, 722.7pt x 406.
51875pt>
File: Resources/meen-210/meen-210-Final_Project.pdf Graphic file (type pdf)
<use Resources/meen-210/meen-210-Final_Project.pdf, page 1>
Package pdftex.def Info: Resources/meen-210/meen-210-Final_Project.pdf , page1 
used on input line 124.
(pdftex.def)             Requested size: 722.69823pt x 406.51775pt.
File: Resources/meen-210/meen-210-Final_Project.pdf Graphic file (type pdf)
<use Resources/meen-210/meen-210-Final_Project.pdf, page 1>
Package pdftex.def Info: Resources/meen-210/meen-210-Final_Project.pdf , page1 
used on input line 124.
(pdftex.def)             Requested size: 845.85333pt x 475.7925pt.
[132]
File: Resources/meen-210/meen-210-Final_Project.pdf Graphic file (type pdf)
<use Resources/meen-210/meen-210-Final_Project.pdf, page 1>
Package pdftex.def Info: Resources/meen-210/meen-210-Final_Project.pdf , page1 
used on input line 124.
(pdftex.def)             Requested size: 845.85333pt x 475.7925pt.
File: Resources/meen-210/meen-210-Final_Project.pdf Graphic file (type pdf)
<use Resources/meen-210/meen-210-Final_Project.pdf, page 1>
Package pdftex.def Info: Resources/meen-210/meen-210-Final_Project.pdf , page1 
used on input line 124.
(pdftex.def)             Requested size: 845.85333pt x 475.7925pt.
File: Resources/meen-210/meen-210-Final_Project.pdf Graphic file (type pdf)
<use Resources/meen-210/meen-210-Final_Project.pdf, page 1>
Package pdftex.def Info: Resources/meen-210/meen-210-Final_Project.pdf , page1 
used on input line 124.
(pdftex.def)             Requested size: 845.85333pt x 475.7925pt.
 [133 <./Resources/meen-210/meen-210-Final_Project.pdf>]
<Resources/meen-210/meen-210-Final_Project.pdf, id=1403, page=2, 722.7pt x 406.
51875pt>
File: Resources/meen-210/meen-210-Final_Project.pdf Graphic file (type pdf)
<use Resources/meen-210/meen-210-Final_Project.pdf, page 2>
Package pdftex.def Info: Resources/meen-210/meen-210-Final_Project.pdf , page2 
used on input line 124.
(pdftex.def)             Requested size: 845.85333pt x 475.7925pt.
File: Resources/meen-210/meen-210-Final_Project.pdf Graphic file (type pdf)
<use Resources/meen-210/meen-210-Final_Project.pdf, page 2>
Package pdftex.def Info: Resources/meen-210/meen-210-Final_Project.pdf , page2 
used on input line 124.
(pdftex.def)             Requested size: 845.85333pt x 475.7925pt.
File: Resources/meen-210/meen-210-Final_Project.pdf Graphic file (type pdf)
<use Resources/meen-210/meen-210-Final_Project.pdf, page 2>
Package pdftex.def Info: Resources/meen-210/meen-210-Final_Project.pdf , page2 
used on input line 124.
(pdftex.def)             Requested size: 845.85333pt x 475.7925pt.
 [134 <./Resources/meen-210/meen-210-Final_Project.pdf>]
<Resources/meen-210/meen-210-Final_Project.pdf, id=1429, page=3, 722.7pt x 406.
51875pt>
File: Resources/meen-210/meen-210-Final_Project.pdf Graphic file (type pdf)
<use Resources/meen-210/meen-210-Final_Project.pdf, page 3>
Package pdftex.def Info: Resources/meen-210/meen-210-Final_Project.pdf , page3 
used on input line 124.
(pdftex.def)             Requested size: 845.85333pt x 475.7925pt.
File: Resources/meen-210/meen-210-Final_Project.pdf Graphic file (type pdf)
<use Resources/meen-210/meen-210-Final_Project.pdf, page 3>
Package pdftex.def Info: Resources/meen-210/meen-210-Final_Project.pdf , page3 
used on input line 124.
(pdftex.def)             Requested size: 845.85333pt x 475.7925pt.
File: Resources/meen-210/meen-210-Final_Project.pdf Graphic file (type pdf)
<use Resources/meen-210/meen-210-Final_Project.pdf, page 3>
Package pdftex.def Info: Resources/meen-210/meen-210-Final_Project.pdf , page3 
used on input line 124.
(pdftex.def)             Requested size: 845.85333pt x 475.7925pt.
 [135 <./Resources/meen-210/meen-210-Final_Project.pdf>]
<Resources/meen-210/meen-210-Final_Project.pdf, id=1442, page=4, 722.7pt x 406.
51875pt>
File: Resources/meen-210/meen-210-Final_Project.pdf Graphic file (type pdf)
<use Resources/meen-210/meen-210-Final_Project.pdf, page 4>
Package pdftex.def Info: Resources/meen-210/meen-210-Final_Project.pdf , page4 
used on input line 124.
(pdftex.def)             Requested size: 845.85333pt x 475.7925pt.
File: Resources/meen-210/meen-210-Final_Project.pdf Graphic file (type pdf)
<use Resources/meen-210/meen-210-Final_Project.pdf, page 4>
Package pdftex.def Info: Resources/meen-210/meen-210-Final_Project.pdf , page4 
used on input line 124.
(pdftex.def)             Requested size: 845.85333pt x 475.7925pt.
File: Resources/meen-210/meen-210-Final_Project.pdf Graphic file (type pdf)
<use Resources/meen-210/meen-210-Final_Project.pdf, page 4>
Package pdftex.def Info: Resources/meen-210/meen-210-Final_Project.pdf , page4 
used on input line 124.
(pdftex.def)             Requested size: 845.85333pt x 475.7925pt.
 [136 <./Resources/meen-210/meen-210-Final_Project.pdf>]
<Resources/meen-210/meen-210-Final_Project.pdf, id=1461, page=5, 722.7pt x 406.
51875pt>
File: Resources/meen-210/meen-210-Final_Project.pdf Graphic file (type pdf)
<use Resources/meen-210/meen-210-Final_Project.pdf, page 5>
Package pdftex.def Info: Resources/meen-210/meen-210-Final_Project.pdf , page5 
used on input line 124.
(pdftex.def)             Requested size: 845.85333pt x 475.7925pt.
File: Resources/meen-210/meen-210-Final_Project.pdf Graphic file (type pdf)
<use Resources/meen-210/meen-210-Final_Project.pdf, page 5>
Package pdftex.def Info: Resources/meen-210/meen-210-Final_Project.pdf , page5 
used on input line 124.
(pdftex.def)             Requested size: 845.85333pt x 475.7925pt.
File: Resources/meen-210/meen-210-Final_Project.pdf Graphic file (type pdf)
<use Resources/meen-210/meen-210-Final_Project.pdf, page 5>
Package pdftex.def Info: Resources/meen-210/meen-210-Final_Project.pdf , page5 
used on input line 124.
(pdftex.def)             Requested size: 845.85333pt x 475.7925pt.

[137 <./Resources/meen-210/meen-210-Final_Project.pdf>]
<Resources/meen-210/meen-210-Final_Project.pdf, id=1477, page=6, 722.7pt x 406.
51875pt>
File: Resources/meen-210/meen-210-Final_Project.pdf Graphic file (type pdf)
<use Resources/meen-210/meen-210-Final_Project.pdf, page 6>
Package pdftex.def Info: Resources/meen-210/meen-210-Final_Project.pdf , page6 
used on input line 124.
(pdftex.def)             Requested size: 845.85333pt x 475.7925pt.
File: Resources/meen-210/meen-210-Final_Project.pdf Graphic file (type pdf)
<use Resources/meen-210/meen-210-Final_Project.pdf, page 6>
Package pdftex.def Info: Resources/meen-210/meen-210-Final_Project.pdf , page6 
used on input line 124.
(pdftex.def)             Requested size: 845.85333pt x 475.7925pt.
File: Resources/meen-210/meen-210-Final_Project.pdf Graphic file (type pdf)
<use Resources/meen-210/meen-210-Final_Project.pdf, page 6>
Package pdftex.def Info: Resources/meen-210/meen-210-Final_Project.pdf , page6 
used on input line 124.
(pdftex.def)             Requested size: 845.85333pt x 475.7925pt.
 [138 <./Resources/meen-210/meen-210-Final_Project.pdf>]
<Resources/meen-210/meen-210-Final_Project.pdf, id=1499, page=7, 722.7pt x 406.
51875pt>
File: Resources/meen-210/meen-210-Final_Project.pdf Graphic file (type pdf)
<use Resources/meen-210/meen-210-Final_Project.pdf, page 7>
Package pdftex.def Info: Resources/meen-210/meen-210-Final_Project.pdf , page7 
used on input line 124.
(pdftex.def)             Requested size: 845.85333pt x 475.7925pt.
File: Resources/meen-210/meen-210-Final_Project.pdf Graphic file (type pdf)
<use Resources/meen-210/meen-210-Final_Project.pdf, page 7>
Package pdftex.def Info: Resources/meen-210/meen-210-Final_Project.pdf , page7 
used on input line 124.
(pdftex.def)             Requested size: 845.85333pt x 475.7925pt.
File: Resources/meen-210/meen-210-Final_Project.pdf Graphic file (type pdf)
<use Resources/meen-210/meen-210-Final_Project.pdf, page 7>
Package pdftex.def Info: Resources/meen-210/meen-210-Final_Project.pdf , page7 
used on input line 124.
(pdftex.def)             Requested size: 845.85333pt x 475.7925pt.
 [139 <./Resources/meen-210/meen-210-Final_Project.pdf>]
<Resources/meen-210/meen-210-Final_Project.pdf, id=1523, page=8, 722.7pt x 406.
51875pt>
File: Resources/meen-210/meen-210-Final_Project.pdf Graphic file (type pdf)
<use Resources/meen-210/meen-210-Final_Project.pdf, page 8>
Package pdftex.def Info: Resources/meen-210/meen-210-Final_Project.pdf , page8 
used on input line 124.
(pdftex.def)             Requested size: 845.85333pt x 475.7925pt.
File: Resources/meen-210/meen-210-Final_Project.pdf Graphic file (type pdf)
<use Resources/meen-210/meen-210-Final_Project.pdf, page 8>
Package pdftex.def Info: Resources/meen-210/meen-210-Final_Project.pdf , page8 
used on input line 124.
(pdftex.def)             Requested size: 845.85333pt x 475.7925pt.
File: Resources/meen-210/meen-210-Final_Project.pdf Graphic file (type pdf)
<use Resources/meen-210/meen-210-Final_Project.pdf, page 8>
Package pdftex.def Info: Resources/meen-210/meen-210-Final_Project.pdf , page8 
used on input line 124.
(pdftex.def)             Requested size: 845.85333pt x 475.7925pt.
 [140 <./Resources/meen-210/meen-210-Final_Project.pdf>]
<Resources/meen-210/meen-210-Final_Project.pdf, id=1543, page=9, 722.7pt x 406.
51875pt>
File: Resources/meen-210/meen-210-Final_Project.pdf Graphic file (type pdf)
<use Resources/meen-210/meen-210-Final_Project.pdf, page 9>
Package pdftex.def Info: Resources/meen-210/meen-210-Final_Project.pdf , page9 
used on input line 124.
(pdftex.def)             Requested size: 845.85333pt x 475.7925pt.
File: Resources/meen-210/meen-210-Final_Project.pdf Graphic file (type pdf)
<use Resources/meen-210/meen-210-Final_Project.pdf, page 9>
Package pdftex.def Info: Resources/meen-210/meen-210-Final_Project.pdf , page9 
used on input line 124.
(pdftex.def)             Requested size: 845.85333pt x 475.7925pt.
File: Resources/meen-210/meen-210-Final_Project.pdf Graphic file (type pdf)
<use Resources/meen-210/meen-210-Final_Project.pdf, page 9>
Package pdftex.def Info: Resources/meen-210/meen-210-Final_Project.pdf , page9 
used on input line 124.
(pdftex.def)             Requested size: 845.85333pt x 475.7925pt.
 [141 <./Resources/meen-210/meen-210-Final_Project.pdf>]
<Resources/meen-210/meen-210-Final_Project.pdf, id=1563, page=10, 722.7pt x 406
.51875pt>
File: Resources/meen-210/meen-210-Final_Project.pdf Graphic file (type pdf)
<use Resources/meen-210/meen-210-Final_Project.pdf, page 10>
Package pdftex.def Info: Resources/meen-210/meen-210-Final_Project.pdf , page10
 used on input line 124.
(pdftex.def)             Requested size: 845.85333pt x 475.7925pt.
File: Resources/meen-210/meen-210-Final_Project.pdf Graphic file (type pdf)
<use Resources/meen-210/meen-210-Final_Project.pdf, page 10>
Package pdftex.def Info: Resources/meen-210/meen-210-Final_Project.pdf , page10
 used on input line 124.
(pdftex.def)             Requested size: 845.85333pt x 475.7925pt.
File: Resources/meen-210/meen-210-Final_Project.pdf Graphic file (type pdf)
<use Resources/meen-210/meen-210-Final_Project.pdf, page 10>
Package pdftex.def Info: Resources/meen-210/meen-210-Final_Project.pdf , page10
 used on input line 124.
(pdftex.def)             Requested size: 845.85333pt x 475.7925pt.
 [142 <./Resources/meen-210/meen-210-Final_Project.pdf>]
<Resources/meen-210/meen-210-Final_Project.pdf, id=1578, page=11, 722.7pt x 406
.51875pt>
File: Resources/meen-210/meen-210-Final_Project.pdf Graphic file (type pdf)
<use Resources/meen-210/meen-210-Final_Project.pdf, page 11>
Package pdftex.def Info: Resources/meen-210/meen-210-Final_Project.pdf , page11
 used on input line 124.
(pdftex.def)             Requested size: 845.85333pt x 475.7925pt.
File: Resources/meen-210/meen-210-Final_Project.pdf Graphic file (type pdf)
<use Resources/meen-210/meen-210-Final_Project.pdf, page 11>
Package pdftex.def Info: Resources/meen-210/meen-210-Final_Project.pdf , page11
 used on input line 124.
(pdftex.def)             Requested size: 845.85333pt x 475.7925pt.
File: Resources/meen-210/meen-210-Final_Project.pdf Graphic file (type pdf)
<use Resources/meen-210/meen-210-Final_Project.pdf, page 11>
Package pdftex.def Info: Resources/meen-210/meen-210-Final_Project.pdf , page11
 used on input line 124.
(pdftex.def)             Requested size: 845.85333pt x 475.7925pt.
 [143 <./Resources/meen-210/meen-210-Final_Project.pdf>]
<Resources/meen-210/meen-210-Final_Project.pdf, id=1592, page=12, 722.7pt x 406
.51875pt>
File: Resources/meen-210/meen-210-Final_Project.pdf Graphic file (type pdf)
<use Resources/meen-210/meen-210-Final_Project.pdf, page 12>
Package pdftex.def Info: Resources/meen-210/meen-210-Final_Project.pdf , page12
 used on input line 124.
(pdftex.def)             Requested size: 845.85333pt x 475.7925pt.
File: Resources/meen-210/meen-210-Final_Project.pdf Graphic file (type pdf)
<use Resources/meen-210/meen-210-Final_Project.pdf, page 12>
Package pdftex.def Info: Resources/meen-210/meen-210-Final_Project.pdf , page12
 used on input line 124.
(pdftex.def)             Requested size: 845.85333pt x 475.7925pt.
File: Resources/meen-210/meen-210-Final_Project.pdf Graphic file (type pdf)
<use Resources/meen-210/meen-210-Final_Project.pdf, page 12>
Package pdftex.def Info: Resources/meen-210/meen-210-Final_Project.pdf , page12
 used on input line 124.
(pdftex.def)             Requested size: 845.85333pt x 475.7925pt.

[144 <./Resources/meen-210/meen-210-Final_Project.pdf>]
<Resources/meen-260/meen-260-memo.pdf, id=1606, 614.295pt x 794.97pt>
File: Resources/meen-260/meen-260-memo.pdf Graphic file (type pdf)
<use Resources/meen-260/meen-260-memo.pdf>
Package pdftex.def Info: Resources/meen-260/meen-260-memo.pdf  used on input li
ne 139.
(pdftex.def)             Requested size: 614.29349pt x 794.96806pt.
File: Resources/meen-260/meen-260-memo.pdf Graphic file (type pdf)
<use Resources/meen-260/meen-260-memo.pdf>
Package pdftex.def Info: Resources/meen-260/meen-260-memo.pdf  used on input li
ne 139.
(pdftex.def)             Requested size: 614.29349pt x 794.96806pt.
<Resources/meen-260/meen-260-memo.pdf, id=1609, page=1, 614.295pt x 794.97pt>
File: Resources/meen-260/meen-260-memo.pdf Graphic file (type pdf)
<use Resources/meen-260/meen-260-memo.pdf, page 1>
Package pdftex.def Info: Resources/meen-260/meen-260-memo.pdf , page1 used on i
nput line 139.
(pdftex.def)             Requested size: 614.29349pt x 794.96806pt.
File: Resources/meen-260/meen-260-memo.pdf Graphic file (type pdf)
<use Resources/meen-260/meen-260-memo.pdf, page 1>
Package pdftex.def Info: Resources/meen-260/meen-260-memo.pdf , page1 used on i
nput line 139.
(pdftex.def)             Requested size: 597.78697pt x 773.60669pt.
 [145]
File: Resources/meen-260/meen-260-memo.pdf Graphic file (type pdf)
<use Resources/meen-260/meen-260-memo.pdf, page 1>
Package pdftex.def Info: Resources/meen-260/meen-260-memo.pdf , page1 used on i
nput line 139.
(pdftex.def)             Requested size: 597.78697pt x 773.60669pt.
File: Resources/meen-260/meen-260-memo.pdf Graphic file (type pdf)
<use Resources/meen-260/meen-260-memo.pdf, page 1>
Package pdftex.def Info: Resources/meen-260/meen-260-memo.pdf , page1 used on i
nput line 139.
(pdftex.def)             Requested size: 597.78697pt x 773.60669pt.
File: Resources/meen-260/meen-260-memo.pdf Graphic file (type pdf)
<use Resources/meen-260/meen-260-memo.pdf, page 1>
Package pdftex.def Info: Resources/meen-260/meen-260-memo.pdf , page1 used on i
nput line 139.
(pdftex.def)             Requested size: 597.78697pt x 773.60669pt.
 [146 <./Resources/meen-260/meen-260-memo.pdf>]
<Resources/meen-260/meen-260-memo.pdf, id=1652, page=2, 614.295pt x 794.97pt>
File: Resources/meen-260/meen-260-memo.pdf Graphic file (type pdf)
<use Resources/meen-260/meen-260-memo.pdf, page 2>
Package pdftex.def Info: Resources/meen-260/meen-260-memo.pdf , page2 used on i
nput line 139.
(pdftex.def)             Requested size: 597.78697pt x 773.60669pt.
File: Resources/meen-260/meen-260-memo.pdf Graphic file (type pdf)
<use Resources/meen-260/meen-260-memo.pdf, page 2>
Package pdftex.def Info: Resources/meen-260/meen-260-memo.pdf , page2 used on i
nput line 139.
(pdftex.def)             Requested size: 597.78697pt x 773.60669pt.
File: Resources/meen-260/meen-260-memo.pdf Graphic file (type pdf)
<use Resources/meen-260/meen-260-memo.pdf, page 2>
Package pdftex.def Info: Resources/meen-260/meen-260-memo.pdf , page2 used on i
nput line 139.
(pdftex.def)             Requested size: 597.78697pt x 773.60669pt.
 [147 <./Resources/meen-260/meen-260-memo.pdf>]
<Resources/meen-260/meen-260-memo.pdf, id=1666, page=3, 614.295pt x 794.97pt>
File: Resources/meen-260/meen-260-memo.pdf Graphic file (type pdf)
<use Resources/meen-260/meen-260-memo.pdf, page 3>
Package pdftex.def Info: Resources/meen-260/meen-260-memo.pdf , page3 used on i
nput line 139.
(pdftex.def)             Requested size: 597.78697pt x 773.60669pt.
File: Resources/meen-260/meen-260-memo.pdf Graphic file (type pdf)
<use Resources/meen-260/meen-260-memo.pdf, page 3>
Package pdftex.def Info: Resources/meen-260/meen-260-memo.pdf , page3 used on i
nput line 139.
(pdftex.def)             Requested size: 597.78697pt x 773.60669pt.
File: Resources/meen-260/meen-260-memo.pdf Graphic file (type pdf)
<use Resources/meen-260/meen-260-memo.pdf, page 3>
Package pdftex.def Info: Resources/meen-260/meen-260-memo.pdf , page3 used on i
nput line 139.
(pdftex.def)             Requested size: 597.78697pt x 773.60669pt.

[148 <./Resources/meen-260/meen-260-memo.pdf>]
<Resources/meen-260/meen-260-memo.pdf, id=1671, page=4, 614.295pt x 794.97pt>
File: Resources/meen-260/meen-260-memo.pdf Graphic file (type pdf)
<use Resources/meen-260/meen-260-memo.pdf, page 4>
Package pdftex.def Info: Resources/meen-260/meen-260-memo.pdf , page4 used on i
nput line 139.
(pdftex.def)             Requested size: 597.78697pt x 773.60669pt.
File: Resources/meen-260/meen-260-memo.pdf Graphic file (type pdf)
<use Resources/meen-260/meen-260-memo.pdf, page 4>
Package pdftex.def Info: Resources/meen-260/meen-260-memo.pdf , page4 used on i
nput line 139.
(pdftex.def)             Requested size: 597.78697pt x 773.60669pt.
File: Resources/meen-260/meen-260-memo.pdf Graphic file (type pdf)
<use Resources/meen-260/meen-260-memo.pdf, page 4>
Package pdftex.def Info: Resources/meen-260/meen-260-memo.pdf , page4 used on i
nput line 139.
(pdftex.def)             Requested size: 597.78697pt x 773.60669pt.
 [149 <./Resources/meen-260/meen-260-memo.pdf>]
<Resources/meen-260/meen-260-memo.pdf, id=1676, page=5, 614.295pt x 794.97pt>
File: Resources/meen-260/meen-260-memo.pdf Graphic file (type pdf)
<use Resources/meen-260/meen-260-memo.pdf, page 5>
Package pdftex.def Info: Resources/meen-260/meen-260-memo.pdf , page5 used on i
nput line 139.
(pdftex.def)             Requested size: 597.78697pt x 773.60669pt.
File: Resources/meen-260/meen-260-memo.pdf Graphic file (type pdf)
<use Resources/meen-260/meen-260-memo.pdf, page 5>
Package pdftex.def Info: Resources/meen-260/meen-260-memo.pdf , page5 used on i
nput line 139.
(pdftex.def)             Requested size: 597.78697pt x 773.60669pt.
File: Resources/meen-260/meen-260-memo.pdf Graphic file (type pdf)
<use Resources/meen-260/meen-260-memo.pdf, page 5>
Package pdftex.def Info: Resources/meen-260/meen-260-memo.pdf , page5 used on i
nput line 139.
(pdftex.def)             Requested size: 597.78697pt x 773.60669pt.
 [150 <./Resources/meen-260/meen-260-memo.pdf>]
<Resources/meen-260/meen-260-memo.pdf, id=1683, page=6, 614.295pt x 794.97pt>
File: Resources/meen-260/meen-260-memo.pdf Graphic file (type pdf)
<use Resources/meen-260/meen-260-memo.pdf, page 6>
Package pdftex.def Info: Resources/meen-260/meen-260-memo.pdf , page6 used on i
nput line 139.
(pdftex.def)             Requested size: 597.78697pt x 773.60669pt.
File: Resources/meen-260/meen-260-memo.pdf Graphic file (type pdf)
<use Resources/meen-260/meen-260-memo.pdf, page 6>
Package pdftex.def Info: Resources/meen-260/meen-260-memo.pdf , page6 used on i
nput line 139.
(pdftex.def)             Requested size: 597.78697pt x 773.60669pt.
File: Resources/meen-260/meen-260-memo.pdf Graphic file (type pdf)
<use Resources/meen-260/meen-260-memo.pdf, page 6>
Package pdftex.def Info: Resources/meen-260/meen-260-memo.pdf , page6 used on i
nput line 139.
(pdftex.def)             Requested size: 597.78697pt x 773.60669pt.
 [151 <./Resources/meen-260/meen-260-memo.pdf>]
<Resources/meen-260/meen-260-memo.pdf, id=1706, page=7, 614.295pt x 794.97pt>
File: Resources/meen-260/meen-260-memo.pdf Graphic file (type pdf)
<use Resources/meen-260/meen-260-memo.pdf, page 7>
Package pdftex.def Info: Resources/meen-260/meen-260-memo.pdf , page7 used on i
nput line 139.
(pdftex.def)             Requested size: 597.78697pt x 773.60669pt.
File: Resources/meen-260/meen-260-memo.pdf Graphic file (type pdf)
<use Resources/meen-260/meen-260-memo.pdf, page 7>
Package pdftex.def Info: Resources/meen-260/meen-260-memo.pdf , page7 used on i
nput line 139.
(pdftex.def)             Requested size: 597.78697pt x 773.60669pt.
File: Resources/meen-260/meen-260-memo.pdf Graphic file (type pdf)
<use Resources/meen-260/meen-260-memo.pdf, page 7>
Package pdftex.def Info: Resources/meen-260/meen-260-memo.pdf , page7 used on i
nput line 139.
(pdftex.def)             Requested size: 597.78697pt x 773.60669pt.
 [152 <./Resources/meen-260/meen-260-memo.pdf>]
<Resources/meen-260/meen-260-memo.pdf, id=1711, page=8, 614.295pt x 794.97pt>
File: Resources/meen-260/meen-260-memo.pdf Graphic file (type pdf)
<use Resources/meen-260/meen-260-memo.pdf, page 8>
Package pdftex.def Info: Resources/meen-260/meen-260-memo.pdf , page8 used on i
nput line 139.
(pdftex.def)             Requested size: 597.78697pt x 773.60669pt.
File: Resources/meen-260/meen-260-memo.pdf Graphic file (type pdf)
<use Resources/meen-260/meen-260-memo.pdf, page 8>
Package pdftex.def Info: Resources/meen-260/meen-260-memo.pdf , page8 used on i
nput line 139.
(pdftex.def)             Requested size: 597.78697pt x 773.60669pt.
File: Resources/meen-260/meen-260-memo.pdf Graphic file (type pdf)
<use Resources/meen-260/meen-260-memo.pdf, page 8>
Package pdftex.def Info: Resources/meen-260/meen-260-memo.pdf , page8 used on i
nput line 139.
(pdftex.def)             Requested size: 597.78697pt x 773.60669pt.

[153 <./Resources/meen-260/meen-260-memo.pdf>]
<Resources/meen-260/meen-260-memo.pdf, id=1716, page=9, 614.295pt x 794.97pt>
File: Resources/meen-260/meen-260-memo.pdf Graphic file (type pdf)
<use Resources/meen-260/meen-260-memo.pdf, page 9>
Package pdftex.def Info: Resources/meen-260/meen-260-memo.pdf , page9 used on i
nput line 139.
(pdftex.def)             Requested size: 597.78697pt x 773.60669pt.
File: Resources/meen-260/meen-260-memo.pdf Graphic file (type pdf)
<use Resources/meen-260/meen-260-memo.pdf, page 9>
Package pdftex.def Info: Resources/meen-260/meen-260-memo.pdf , page9 used on i
nput line 139.
(pdftex.def)             Requested size: 597.78697pt x 773.60669pt.
File: Resources/meen-260/meen-260-memo.pdf Graphic file (type pdf)
<use Resources/meen-260/meen-260-memo.pdf, page 9>
Package pdftex.def Info: Resources/meen-260/meen-260-memo.pdf , page9 used on i
nput line 139.
(pdftex.def)             Requested size: 597.78697pt x 773.60669pt.
 [154 <./Resources/meen-260/meen-260-memo.pdf>]
<Resources/meen-305/meen-305-Project_1.pdf, id=1722, 614.295pt x 794.97pt>
File: Resources/meen-305/meen-305-Project_1.pdf Graphic file (type pdf)
<use Resources/meen-305/meen-305-Project_1.pdf>
Package pdftex.def Info: Resources/meen-305/meen-305-Project_1.pdf  used on inp
ut line 155.
(pdftex.def)             Requested size: 614.29349pt x 794.96806pt.
File: Resources/meen-305/meen-305-Project_1.pdf Graphic file (type pdf)
<use Resources/meen-305/meen-305-Project_1.pdf>
Package pdftex.def Info: Resources/meen-305/meen-305-Project_1.pdf  used on inp
ut line 155.
(pdftex.def)             Requested size: 614.29349pt x 794.96806pt.
<Resources/meen-305/meen-305-Project_1.pdf, id=1725, page=1, 614.295pt x 794.97
pt>
File: Resources/meen-305/meen-305-Project_1.pdf Graphic file (type pdf)
<use Resources/meen-305/meen-305-Project_1.pdf, page 1>
Package pdftex.def Info: Resources/meen-305/meen-305-Project_1.pdf , page1 used
 on input line 155.
(pdftex.def)             Requested size: 614.29349pt x 794.96806pt.
File: Resources/meen-305/meen-305-Project_1.pdf Graphic file (type pdf)
<use Resources/meen-305/meen-305-Project_1.pdf, page 1>
Package pdftex.def Info: Resources/meen-305/meen-305-Project_1.pdf , page1 used
 on input line 155.
(pdftex.def)             Requested size: 597.78697pt x 773.60669pt.
 [155]
File: Resources/meen-305/meen-305-Project_1.pdf Graphic file (type pdf)
<use Resources/meen-305/meen-305-Project_1.pdf, page 1>
Package pdftex.def Info: Resources/meen-305/meen-305-Project_1.pdf , page1 used
 on input line 155.
(pdftex.def)             Requested size: 597.78697pt x 773.60669pt.
File: Resources/meen-305/meen-305-Project_1.pdf Graphic file (type pdf)
<use Resources/meen-305/meen-305-Project_1.pdf, page 1>
Package pdftex.def Info: Resources/meen-305/meen-305-Project_1.pdf , page1 used
 on input line 155.
(pdftex.def)             Requested size: 597.78697pt x 773.60669pt.
File: Resources/meen-305/meen-305-Project_1.pdf Graphic file (type pdf)
<use Resources/meen-305/meen-305-Project_1.pdf, page 1>
Package pdftex.def Info: Resources/meen-305/meen-305-Project_1.pdf , page1 used
 on input line 155.
(pdftex.def)             Requested size: 597.78697pt x 773.60669pt.
 [156 <./Resources/meen-305/meen-305-Project_1.pdf>]
<Resources/meen-305/meen-305-Project_1.pdf, id=1757, page=2, 614.295pt x 794.97
pt>
File: Resources/meen-305/meen-305-Project_1.pdf Graphic file (type pdf)
<use Resources/meen-305/meen-305-Project_1.pdf, page 2>
Package pdftex.def Info: Resources/meen-305/meen-305-Project_1.pdf , page2 used
 on input line 155.
(pdftex.def)             Requested size: 597.78697pt x 773.60669pt.
File: Resources/meen-305/meen-305-Project_1.pdf Graphic file (type pdf)
<use Resources/meen-305/meen-305-Project_1.pdf, page 2>
Package pdftex.def Info: Resources/meen-305/meen-305-Project_1.pdf , page2 used
 on input line 155.
(pdftex.def)             Requested size: 597.78697pt x 773.60669pt.
File: Resources/meen-305/meen-305-Project_1.pdf Graphic file (type pdf)
<use Resources/meen-305/meen-305-Project_1.pdf, page 2>
Package pdftex.def Info: Resources/meen-305/meen-305-Project_1.pdf , page2 used
 on input line 155.
(pdftex.def)             Requested size: 597.78697pt x 773.60669pt.

[157 <./Resources/meen-305/meen-305-Project_1.pdf>]
<Resources/meen-305/meen-305-Project_1.pdf, id=1766, page=3, 614.295pt x 794.97
pt>
File: Resources/meen-305/meen-305-Project_1.pdf Graphic file (type pdf)
<use Resources/meen-305/meen-305-Project_1.pdf, page 3>
Package pdftex.def Info: Resources/meen-305/meen-305-Project_1.pdf , page3 used
 on input line 155.
(pdftex.def)             Requested size: 597.78697pt x 773.60669pt.
File: Resources/meen-305/meen-305-Project_1.pdf Graphic file (type pdf)
<use Resources/meen-305/meen-305-Project_1.pdf, page 3>
Package pdftex.def Info: Resources/meen-305/meen-305-Project_1.pdf , page3 used
 on input line 155.
(pdftex.def)             Requested size: 597.78697pt x 773.60669pt.
File: Resources/meen-305/meen-305-Project_1.pdf Graphic file (type pdf)
<use Resources/meen-305/meen-305-Project_1.pdf, page 3>
Package pdftex.def Info: Resources/meen-305/meen-305-Project_1.pdf , page3 used
 on input line 155.
(pdftex.def)             Requested size: 597.78697pt x 773.60669pt.
 [158 <./Resources/meen-305/meen-305-Project_1.pdf>]
<Resources/meen-305/meen-305-Project_1.pdf, id=1773, page=4, 614.295pt x 794.97
pt>
File: Resources/meen-305/meen-305-Project_1.pdf Graphic file (type pdf)
<use Resources/meen-305/meen-305-Project_1.pdf, page 4>
Package pdftex.def Info: Resources/meen-305/meen-305-Project_1.pdf , page4 used
 on input line 155.
(pdftex.def)             Requested size: 597.78697pt x 773.60669pt.
File: Resources/meen-305/meen-305-Project_1.pdf Graphic file (type pdf)
<use Resources/meen-305/meen-305-Project_1.pdf, page 4>
Package pdftex.def Info: Resources/meen-305/meen-305-Project_1.pdf , page4 used
 on input line 155.
(pdftex.def)             Requested size: 597.78697pt x 773.60669pt.
File: Resources/meen-305/meen-305-Project_1.pdf Graphic file (type pdf)
<use Resources/meen-305/meen-305-Project_1.pdf, page 4>
Package pdftex.def Info: Resources/meen-305/meen-305-Project_1.pdf , page4 used
 on input line 155.
(pdftex.def)             Requested size: 597.78697pt x 773.60669pt.
 [159 <./Resources/meen-305/meen-305-Project_1.pdf>]
<Resources/meen-305/meen-305-Project_1.pdf, id=1779, page=5, 614.295pt x 794.97
pt>
File: Resources/meen-305/meen-305-Project_1.pdf Graphic file (type pdf)
<use Resources/meen-305/meen-305-Project_1.pdf, page 5>
Package pdftex.def Info: Resources/meen-305/meen-305-Project_1.pdf , page5 used
 on input line 155.
(pdftex.def)             Requested size: 597.78697pt x 773.60669pt.
File: Resources/meen-305/meen-305-Project_1.pdf Graphic file (type pdf)
<use Resources/meen-305/meen-305-Project_1.pdf, page 5>
Package pdftex.def Info: Resources/meen-305/meen-305-Project_1.pdf , page5 used
 on input line 155.
(pdftex.def)             Requested size: 597.78697pt x 773.60669pt.
File: Resources/meen-305/meen-305-Project_1.pdf Graphic file (type pdf)
<use Resources/meen-305/meen-305-Project_1.pdf, page 5>
Package pdftex.def Info: Resources/meen-305/meen-305-Project_1.pdf , page5 used
 on input line 155.
(pdftex.def)             Requested size: 597.78697pt x 773.60669pt.

[160 <./Resources/meen-305/meen-305-Project_1.pdf>]
<Resources/meen-305/meen-305-Project_1.pdf, id=1784, page=6, 614.295pt x 794.97
pt>
File: Resources/meen-305/meen-305-Project_1.pdf Graphic file (type pdf)
<use Resources/meen-305/meen-305-Project_1.pdf, page 6>
Package pdftex.def Info: Resources/meen-305/meen-305-Project_1.pdf , page6 used
 on input line 155.
(pdftex.def)             Requested size: 597.78697pt x 773.60669pt.
File: Resources/meen-305/meen-305-Project_1.pdf Graphic file (type pdf)
<use Resources/meen-305/meen-305-Project_1.pdf, page 6>
Package pdftex.def Info: Resources/meen-305/meen-305-Project_1.pdf , page6 used
 on input line 155.
(pdftex.def)             Requested size: 597.78697pt x 773.60669pt.
File: Resources/meen-305/meen-305-Project_1.pdf Graphic file (type pdf)
<use Resources/meen-305/meen-305-Project_1.pdf, page 6>
Package pdftex.def Info: Resources/meen-305/meen-305-Project_1.pdf , page6 used
 on input line 155.
(pdftex.def)             Requested size: 597.78697pt x 773.60669pt.
 [161 <./Resources/meen-305/meen-305-Project_1.pdf>]
<Resources/meen-305/meen-305-Project_1.pdf, id=1804, page=7, 614.295pt x 794.97
pt>
File: Resources/meen-305/meen-305-Project_1.pdf Graphic file (type pdf)
<use Resources/meen-305/meen-305-Project_1.pdf, page 7>
Package pdftex.def Info: Resources/meen-305/meen-305-Project_1.pdf , page7 used
 on input line 155.
(pdftex.def)             Requested size: 597.78697pt x 773.60669pt.
File: Resources/meen-305/meen-305-Project_1.pdf Graphic file (type pdf)
<use Resources/meen-305/meen-305-Project_1.pdf, page 7>
Package pdftex.def Info: Resources/meen-305/meen-305-Project_1.pdf , page7 used
 on input line 155.
(pdftex.def)             Requested size: 597.78697pt x 773.60669pt.
File: Resources/meen-305/meen-305-Project_1.pdf Graphic file (type pdf)
<use Resources/meen-305/meen-305-Project_1.pdf, page 7>
Package pdftex.def Info: Resources/meen-305/meen-305-Project_1.pdf , page7 used
 on input line 155.
(pdftex.def)             Requested size: 597.78697pt x 773.60669pt.
 [162 <./Resources/meen-305/meen-305-Project_1.pdf>]
<Resources/meen-305/meen-305-Project_1.pdf, id=1829, page=8, 614.295pt x 794.97
pt>
File: Resources/meen-305/meen-305-Project_1.pdf Graphic file (type pdf)
<use Resources/meen-305/meen-305-Project_1.pdf, page 8>
Package pdftex.def Info: Resources/meen-305/meen-305-Project_1.pdf , page8 used
 on input line 155.
(pdftex.def)             Requested size: 597.78697pt x 773.60669pt.
File: Resources/meen-305/meen-305-Project_1.pdf Graphic file (type pdf)
<use Resources/meen-305/meen-305-Project_1.pdf, page 8>
Package pdftex.def Info: Resources/meen-305/meen-305-Project_1.pdf , page8 used
 on input line 155.
(pdftex.def)             Requested size: 597.78697pt x 773.60669pt.
File: Resources/meen-305/meen-305-Project_1.pdf Graphic file (type pdf)
<use Resources/meen-305/meen-305-Project_1.pdf, page 8>
Package pdftex.def Info: Resources/meen-305/meen-305-Project_1.pdf , page8 used
 on input line 155.
(pdftex.def)             Requested size: 597.78697pt x 773.60669pt.

[163 <./Resources/meen-305/meen-305-Project_1.pdf>]
<Resources/meen-305/meen-305-Project_1.pdf, id=1846, page=9, 614.295pt x 794.97
pt>
File: Resources/meen-305/meen-305-Project_1.pdf Graphic file (type pdf)
<use Resources/meen-305/meen-305-Project_1.pdf, page 9>
Package pdftex.def Info: Resources/meen-305/meen-305-Project_1.pdf , page9 used
 on input line 155.
(pdftex.def)             Requested size: 597.78697pt x 773.60669pt.
File: Resources/meen-305/meen-305-Project_1.pdf Graphic file (type pdf)
<use Resources/meen-305/meen-305-Project_1.pdf, page 9>
Package pdftex.def Info: Resources/meen-305/meen-305-Project_1.pdf , page9 used
 on input line 155.
(pdftex.def)             Requested size: 597.78697pt x 773.60669pt.
File: Resources/meen-305/meen-305-Project_1.pdf Graphic file (type pdf)
<use Resources/meen-305/meen-305-Project_1.pdf, page 9>
Package pdftex.def Info: Resources/meen-305/meen-305-Project_1.pdf , page9 used
 on input line 155.
(pdftex.def)             Requested size: 597.78697pt x 773.60669pt.
 [164 <./Resources/meen-305/meen-305-Project_1.pdf>]
<Resources/meen-305/meen-305-Project_1.pdf, id=1858, page=10, 614.295pt x 794.9
7pt>
File: Resources/meen-305/meen-305-Project_1.pdf Graphic file (type pdf)
<use Resources/meen-305/meen-305-Project_1.pdf, page 10>
Package pdftex.def Info: Resources/meen-305/meen-305-Project_1.pdf , page10 use
d on input line 155.
(pdftex.def)             Requested size: 597.78697pt x 773.60669pt.
File: Resources/meen-305/meen-305-Project_1.pdf Graphic file (type pdf)
<use Resources/meen-305/meen-305-Project_1.pdf, page 10>
Package pdftex.def Info: Resources/meen-305/meen-305-Project_1.pdf , page10 use
d on input line 155.
(pdftex.def)             Requested size: 597.78697pt x 773.60669pt.
File: Resources/meen-305/meen-305-Project_1.pdf Graphic file (type pdf)
<use Resources/meen-305/meen-305-Project_1.pdf, page 10>
Package pdftex.def Info: Resources/meen-305/meen-305-Project_1.pdf , page10 use
d on input line 155.
(pdftex.def)             Requested size: 597.78697pt x 773.60669pt.
 [165 <./Resources/meen-305/meen-305-Project_1.pdf>]
<Resources/meen-305/meen-305-Project_2.pdf, id=1893, 614.295pt x 794.97pt>
File: Resources/meen-305/meen-305-Project_2.pdf Graphic file (type pdf)
<use Resources/meen-305/meen-305-Project_2.pdf>
Package pdftex.def Info: Resources/meen-305/meen-305-Project_2.pdf  used on inp
ut line 156.
(pdftex.def)             Requested size: 614.29349pt x 794.96806pt.
File: Resources/meen-305/meen-305-Project_2.pdf Graphic file (type pdf)
<use Resources/meen-305/meen-305-Project_2.pdf>
Package pdftex.def Info: Resources/meen-305/meen-305-Project_2.pdf  used on inp
ut line 156.
(pdftex.def)             Requested size: 614.29349pt x 794.96806pt.
<Resources/meen-305/meen-305-Project_2.pdf, id=1896, page=1, 614.295pt x 794.97
pt>
File: Resources/meen-305/meen-305-Project_2.pdf Graphic file (type pdf)
<use Resources/meen-305/meen-305-Project_2.pdf, page 1>
Package pdftex.def Info: Resources/meen-305/meen-305-Project_2.pdf , page1 used
 on input line 156.
(pdftex.def)             Requested size: 614.29349pt x 794.96806pt.
File: Resources/meen-305/meen-305-Project_2.pdf Graphic file (type pdf)
<use Resources/meen-305/meen-305-Project_2.pdf, page 1>
Package pdftex.def Info: Resources/meen-305/meen-305-Project_2.pdf , page1 used
 on input line 156.
(pdftex.def)             Requested size: 597.78697pt x 773.60669pt.
File: Resources/meen-305/meen-305-Project_2.pdf Graphic file (type pdf)
<use Resources/meen-305/meen-305-Project_2.pdf, page 1>
Package pdftex.def Info: Resources/meen-305/meen-305-Project_2.pdf , page1 used
 on input line 156.
(pdftex.def)             Requested size: 597.78697pt x 773.60669pt.
File: Resources/meen-305/meen-305-Project_2.pdf Graphic file (type pdf)
<use Resources/meen-305/meen-305-Project_2.pdf, page 1>
Package pdftex.def Info: Resources/meen-305/meen-305-Project_2.pdf , page1 used
 on input line 156.
(pdftex.def)             Requested size: 597.78697pt x 773.60669pt.
File: Resources/meen-305/meen-305-Project_2.pdf Graphic file (type pdf)
<use Resources/meen-305/meen-305-Project_2.pdf, page 1>
Package pdftex.def Info: Resources/meen-305/meen-305-Project_2.pdf , page1 used
 on input line 156.
(pdftex.def)             Requested size: 597.78697pt x 773.60669pt.

[166 <./Resources/meen-305/meen-305-Project_2.pdf>]
<Resources/meen-305/meen-305-Project_2.pdf, id=1918, page=2, 614.295pt x 794.97
pt>
File: Resources/meen-305/meen-305-Project_2.pdf Graphic file (type pdf)
<use Resources/meen-305/meen-305-Project_2.pdf, page 2>
Package pdftex.def Info: Resources/meen-305/meen-305-Project_2.pdf , page2 used
 on input line 156.
(pdftex.def)             Requested size: 597.78697pt x 773.60669pt.
File: Resources/meen-305/meen-305-Project_2.pdf Graphic file (type pdf)
<use Resources/meen-305/meen-305-Project_2.pdf, page 2>
Package pdftex.def Info: Resources/meen-305/meen-305-Project_2.pdf , page2 used
 on input line 156.
(pdftex.def)             Requested size: 597.78697pt x 773.60669pt.
File: Resources/meen-305/meen-305-Project_2.pdf Graphic file (type pdf)
<use Resources/meen-305/meen-305-Project_2.pdf, page 2>
Package pdftex.def Info: Resources/meen-305/meen-305-Project_2.pdf , page2 used
 on input line 156.
(pdftex.def)             Requested size: 597.78697pt x 773.60669pt.
 [167 <./Resources/meen-305/meen-305-Project_2.pdf>]
<Resources/meen-305/meen-305-Project_2.pdf, id=1931, page=3, 614.295pt x 794.97
pt>
File: Resources/meen-305/meen-305-Project_2.pdf Graphic file (type pdf)
<use Resources/meen-305/meen-305-Project_2.pdf, page 3>
Package pdftex.def Info: Resources/meen-305/meen-305-Project_2.pdf , page3 used
 on input line 156.
(pdftex.def)             Requested size: 597.78697pt x 773.60669pt.
File: Resources/meen-305/meen-305-Project_2.pdf Graphic file (type pdf)
<use Resources/meen-305/meen-305-Project_2.pdf, page 3>
Package pdftex.def Info: Resources/meen-305/meen-305-Project_2.pdf , page3 used
 on input line 156.
(pdftex.def)             Requested size: 597.78697pt x 773.60669pt.
File: Resources/meen-305/meen-305-Project_2.pdf Graphic file (type pdf)
<use Resources/meen-305/meen-305-Project_2.pdf, page 3>
Package pdftex.def Info: Resources/meen-305/meen-305-Project_2.pdf , page3 used
 on input line 156.
(pdftex.def)             Requested size: 597.78697pt x 773.60669pt.
 [168 <./Resources/meen-305/meen-305-Project_2.pdf>]
<Resources/meen-305/meen-305-Project_2.pdf, id=1937, page=4, 614.295pt x 794.97
pt>
File: Resources/meen-305/meen-305-Project_2.pdf Graphic file (type pdf)
<use Resources/meen-305/meen-305-Project_2.pdf, page 4>
Package pdftex.def Info: Resources/meen-305/meen-305-Project_2.pdf , page4 used
 on input line 156.
(pdftex.def)             Requested size: 597.78697pt x 773.60669pt.
File: Resources/meen-305/meen-305-Project_2.pdf Graphic file (type pdf)
<use Resources/meen-305/meen-305-Project_2.pdf, page 4>
Package pdftex.def Info: Resources/meen-305/meen-305-Project_2.pdf , page4 used
 on input line 156.
(pdftex.def)             Requested size: 597.78697pt x 773.60669pt.
File: Resources/meen-305/meen-305-Project_2.pdf Graphic file (type pdf)
<use Resources/meen-305/meen-305-Project_2.pdf, page 4>
Package pdftex.def Info: Resources/meen-305/meen-305-Project_2.pdf , page4 used
 on input line 156.
(pdftex.def)             Requested size: 597.78697pt x 773.60669pt.

[169 <./Resources/meen-305/meen-305-Project_2.pdf>]
<Resources/meen-305/meen-305-Project_2.pdf, id=1947, page=5, 614.295pt x 794.97
pt>
File: Resources/meen-305/meen-305-Project_2.pdf Graphic file (type pdf)
<use Resources/meen-305/meen-305-Project_2.pdf, page 5>
Package pdftex.def Info: Resources/meen-305/meen-305-Project_2.pdf , page5 used
 on input line 156.
(pdftex.def)             Requested size: 597.78697pt x 773.60669pt.
File: Resources/meen-305/meen-305-Project_2.pdf Graphic file (type pdf)
<use Resources/meen-305/meen-305-Project_2.pdf, page 5>
Package pdftex.def Info: Resources/meen-305/meen-305-Project_2.pdf , page5 used
 on input line 156.
(pdftex.def)             Requested size: 597.78697pt x 773.60669pt.
File: Resources/meen-305/meen-305-Project_2.pdf Graphic file (type pdf)
<use Resources/meen-305/meen-305-Project_2.pdf, page 5>
Package pdftex.def Info: Resources/meen-305/meen-305-Project_2.pdf , page5 used
 on input line 156.
(pdftex.def)             Requested size: 597.78697pt x 773.60669pt.
 [170 <./Resources/meen-305/meen-305-Project_2.pdf>]
<Resources/meen-305/meen-305-Project_2.pdf, id=1954, page=6, 614.295pt x 794.97
pt>
File: Resources/meen-305/meen-305-Project_2.pdf Graphic file (type pdf)
<use Resources/meen-305/meen-305-Project_2.pdf, page 6>
Package pdftex.def Info: Resources/meen-305/meen-305-Project_2.pdf , page6 used
 on input line 156.
(pdftex.def)             Requested size: 597.78697pt x 773.60669pt.
File: Resources/meen-305/meen-305-Project_2.pdf Graphic file (type pdf)
<use Resources/meen-305/meen-305-Project_2.pdf, page 6>
Package pdftex.def Info: Resources/meen-305/meen-305-Project_2.pdf , page6 used
 on input line 156.
(pdftex.def)             Requested size: 597.78697pt x 773.60669pt.
File: Resources/meen-305/meen-305-Project_2.pdf Graphic file (type pdf)
<use Resources/meen-305/meen-305-Project_2.pdf, page 6>
Package pdftex.def Info: Resources/meen-305/meen-305-Project_2.pdf , page6 used
 on input line 156.
(pdftex.def)             Requested size: 597.78697pt x 773.60669pt.
 [171 <./Resources/meen-305/meen-305-Project_2.pdf>]
<Resources/meen-305/meen-305-Project_2.pdf, id=1966, page=7, 614.295pt x 794.97
pt>
File: Resources/meen-305/meen-305-Project_2.pdf Graphic file (type pdf)
<use Resources/meen-305/meen-305-Project_2.pdf, page 7>
Package pdftex.def Info: Resources/meen-305/meen-305-Project_2.pdf , page7 used
 on input line 156.
(pdftex.def)             Requested size: 597.78697pt x 773.60669pt.
File: Resources/meen-305/meen-305-Project_2.pdf Graphic file (type pdf)
<use Resources/meen-305/meen-305-Project_2.pdf, page 7>
Package pdftex.def Info: Resources/meen-305/meen-305-Project_2.pdf , page7 used
 on input line 156.
(pdftex.def)             Requested size: 597.78697pt x 773.60669pt.
File: Resources/meen-305/meen-305-Project_2.pdf Graphic file (type pdf)
<use Resources/meen-305/meen-305-Project_2.pdf, page 7>
Package pdftex.def Info: Resources/meen-305/meen-305-Project_2.pdf , page7 used
 on input line 156.
(pdftex.def)             Requested size: 597.78697pt x 773.60669pt.

[172 <./Resources/meen-305/meen-305-Project_2.pdf>]
<Resources/meen-305/meen-305-Project_2.pdf, id=1987, page=8, 614.295pt x 794.97
pt>
File: Resources/meen-305/meen-305-Project_2.pdf Graphic file (type pdf)
<use Resources/meen-305/meen-305-Project_2.pdf, page 8>
Package pdftex.def Info: Resources/meen-305/meen-305-Project_2.pdf , page8 used
 on input line 156.
(pdftex.def)             Requested size: 597.78697pt x 773.60669pt.
File: Resources/meen-305/meen-305-Project_2.pdf Graphic file (type pdf)
<use Resources/meen-305/meen-305-Project_2.pdf, page 8>
Package pdftex.def Info: Resources/meen-305/meen-305-Project_2.pdf , page8 used
 on input line 156.
(pdftex.def)             Requested size: 597.78697pt x 773.60669pt.
File: Resources/meen-305/meen-305-Project_2.pdf Graphic file (type pdf)
<use Resources/meen-305/meen-305-Project_2.pdf, page 8>
Package pdftex.def Info: Resources/meen-305/meen-305-Project_2.pdf , page8 used
 on input line 156.
(pdftex.def)             Requested size: 597.78697pt x 773.60669pt.
 [173 <./Resources/meen-305/meen-305-Project_2.pdf>]
<Resources/meen-305/meen-305-Project_2.pdf, id=1992, page=9, 614.295pt x 794.97
pt>
File: Resources/meen-305/meen-305-Project_2.pdf Graphic file (type pdf)
<use Resources/meen-305/meen-305-Project_2.pdf, page 9>
Package pdftex.def Info: Resources/meen-305/meen-305-Project_2.pdf , page9 used
 on input line 156.
(pdftex.def)             Requested size: 597.78697pt x 773.60669pt.
File: Resources/meen-305/meen-305-Project_2.pdf Graphic file (type pdf)
<use Resources/meen-305/meen-305-Project_2.pdf, page 9>
Package pdftex.def Info: Resources/meen-305/meen-305-Project_2.pdf , page9 used
 on input line 156.
(pdftex.def)             Requested size: 597.78697pt x 773.60669pt.
File: Resources/meen-305/meen-305-Project_2.pdf Graphic file (type pdf)
<use Resources/meen-305/meen-305-Project_2.pdf, page 9>
Package pdftex.def Info: Resources/meen-305/meen-305-Project_2.pdf , page9 used
 on input line 156.
(pdftex.def)             Requested size: 597.78697pt x 773.60669pt.
 [174 <./Resources/meen-305/meen-305-Project_2.pdf>]
<Resources/meen-305/meen-305-Project_2.pdf, id=1997, page=10, 614.295pt x 794.9
7pt>
File: Resources/meen-305/meen-305-Project_2.pdf Graphic file (type pdf)
<use Resources/meen-305/meen-305-Project_2.pdf, page 10>
Package pdftex.def Info: Resources/meen-305/meen-305-Project_2.pdf , page10 use
d on input line 156.
(pdftex.def)             Requested size: 597.78697pt x 773.60669pt.
File: Resources/meen-305/meen-305-Project_2.pdf Graphic file (type pdf)
<use Resources/meen-305/meen-305-Project_2.pdf, page 10>
Package pdftex.def Info: Resources/meen-305/meen-305-Project_2.pdf , page10 use
d on input line 156.
(pdftex.def)             Requested size: 597.78697pt x 773.60669pt.
File: Resources/meen-305/meen-305-Project_2.pdf Graphic file (type pdf)
<use Resources/meen-305/meen-305-Project_2.pdf, page 10>
Package pdftex.def Info: Resources/meen-305/meen-305-Project_2.pdf , page10 use
d on input line 156.
(pdftex.def)             Requested size: 597.78697pt x 773.60669pt.

[175 <./Resources/meen-305/meen-305-Project_2.pdf>]
<Resources/meen-305/meen-305-Project_2.pdf, id=2010, page=11, 614.295pt x 794.9
7pt>
File: Resources/meen-305/meen-305-Project_2.pdf Graphic file (type pdf)
<use Resources/meen-305/meen-305-Project_2.pdf, page 11>
Package pdftex.def Info: Resources/meen-305/meen-305-Project_2.pdf , page11 use
d on input line 156.
(pdftex.def)             Requested size: 597.78697pt x 773.60669pt.
File: Resources/meen-305/meen-305-Project_2.pdf Graphic file (type pdf)
<use Resources/meen-305/meen-305-Project_2.pdf, page 11>
Package pdftex.def Info: Resources/meen-305/meen-305-Project_2.pdf , page11 use
d on input line 156.
(pdftex.def)             Requested size: 597.78697pt x 773.60669pt.
File: Resources/meen-305/meen-305-Project_2.pdf Graphic file (type pdf)
<use Resources/meen-305/meen-305-Project_2.pdf, page 11>
Package pdftex.def Info: Resources/meen-305/meen-305-Project_2.pdf , page11 use
d on input line 156.
(pdftex.def)             Requested size: 597.78697pt x 773.60669pt.
 [176 <./Resources/meen-305/meen-305-Project_2.pdf>]
<Resources/meen-305/meen-305-Project_2.pdf, id=2015, page=12, 614.295pt x 794.9
7pt>
File: Resources/meen-305/meen-305-Project_2.pdf Graphic file (type pdf)
<use Resources/meen-305/meen-305-Project_2.pdf, page 12>
Package pdftex.def Info: Resources/meen-305/meen-305-Project_2.pdf , page12 use
d on input line 156.
(pdftex.def)             Requested size: 597.78697pt x 773.60669pt.
File: Resources/meen-305/meen-305-Project_2.pdf Graphic file (type pdf)
<use Resources/meen-305/meen-305-Project_2.pdf, page 12>
Package pdftex.def Info: Resources/meen-305/meen-305-Project_2.pdf , page12 use
d on input line 156.
(pdftex.def)             Requested size: 597.78697pt x 773.60669pt.
File: Resources/meen-305/meen-305-Project_2.pdf Graphic file (type pdf)
<use Resources/meen-305/meen-305-Project_2.pdf, page 12>
Package pdftex.def Info: Resources/meen-305/meen-305-Project_2.pdf , page12 use
d on input line 156.
(pdftex.def)             Requested size: 597.78697pt x 773.60669pt.
 [177 <./Resources/meen-305/meen-305-Project_2.pdf>]
<Resources/meen-305/meen-305-Project_2.pdf, id=2021, page=13, 614.295pt x 794.9
7pt>
File: Resources/meen-305/meen-305-Project_2.pdf Graphic file (type pdf)
<use Resources/meen-305/meen-305-Project_2.pdf, page 13>
Package pdftex.def Info: Resources/meen-305/meen-305-Project_2.pdf , page13 use
d on input line 156.
(pdftex.def)             Requested size: 597.78697pt x 773.60669pt.
File: Resources/meen-305/meen-305-Project_2.pdf Graphic file (type pdf)
<use Resources/meen-305/meen-305-Project_2.pdf, page 13>
Package pdftex.def Info: Resources/meen-305/meen-305-Project_2.pdf , page13 use
d on input line 156.
(pdftex.def)             Requested size: 597.78697pt x 773.60669pt.
File: Resources/meen-305/meen-305-Project_2.pdf Graphic file (type pdf)
<use Resources/meen-305/meen-305-Project_2.pdf, page 13>
Package pdftex.def Info: Resources/meen-305/meen-305-Project_2.pdf , page13 use
d on input line 156.
(pdftex.def)             Requested size: 597.78697pt x 773.60669pt.

[178 <./Resources/meen-305/meen-305-Project_2.pdf>]
<Resources/meen-305/meen-305-Project_2.pdf, id=2029, page=14, 614.295pt x 794.9
7pt>
File: Resources/meen-305/meen-305-Project_2.pdf Graphic file (type pdf)
<use Resources/meen-305/meen-305-Project_2.pdf, page 14>
Package pdftex.def Info: Resources/meen-305/meen-305-Project_2.pdf , page14 use
d on input line 156.
(pdftex.def)             Requested size: 597.78697pt x 773.60669pt.
File: Resources/meen-305/meen-305-Project_2.pdf Graphic file (type pdf)
<use Resources/meen-305/meen-305-Project_2.pdf, page 14>
Package pdftex.def Info: Resources/meen-305/meen-305-Project_2.pdf , page14 use
d on input line 156.
(pdftex.def)             Requested size: 597.78697pt x 773.60669pt.
File: Resources/meen-305/meen-305-Project_2.pdf Graphic file (type pdf)
<use Resources/meen-305/meen-305-Project_2.pdf, page 14>
Package pdftex.def Info: Resources/meen-305/meen-305-Project_2.pdf , page14 use
d on input line 156.
(pdftex.def)             Requested size: 597.78697pt x 773.60669pt.
 [179 <./Resources/meen-305/meen-305-Project_2.pdf>]
<Resources/meen-305/meen-305-Project_2.pdf, id=2036, page=15, 614.295pt x 794.9
7pt>
File: Resources/meen-305/meen-305-Project_2.pdf Graphic file (type pdf)
<use Resources/meen-305/meen-305-Project_2.pdf, page 15>
Package pdftex.def Info: Resources/meen-305/meen-305-Project_2.pdf , page15 use
d on input line 156.
(pdftex.def)             Requested size: 597.78697pt x 773.60669pt.
File: Resources/meen-305/meen-305-Project_2.pdf Graphic file (type pdf)
<use Resources/meen-305/meen-305-Project_2.pdf, page 15>
Package pdftex.def Info: Resources/meen-305/meen-305-Project_2.pdf , page15 use
d on input line 156.
(pdftex.def)             Requested size: 597.78697pt x 773.60669pt.
File: Resources/meen-305/meen-305-Project_2.pdf Graphic file (type pdf)
<use Resources/meen-305/meen-305-Project_2.pdf, page 15>
Package pdftex.def Info: Resources/meen-305/meen-305-Project_2.pdf , page15 use
d on input line 156.
(pdftex.def)             Requested size: 597.78697pt x 773.60669pt.
 [180 <./Resources/meen-305/meen-305-Project_2.pdf>]
<Resources/meen-305/meen-305-Project_2.pdf, id=2042, page=16, 614.295pt x 794.9
7pt>
File: Resources/meen-305/meen-305-Project_2.pdf Graphic file (type pdf)
<use Resources/meen-305/meen-305-Project_2.pdf, page 16>
Package pdftex.def Info: Resources/meen-305/meen-305-Project_2.pdf , page16 use
d on input line 156.
(pdftex.def)             Requested size: 597.78697pt x 773.60669pt.
File: Resources/meen-305/meen-305-Project_2.pdf Graphic file (type pdf)
<use Resources/meen-305/meen-305-Project_2.pdf, page 16>
Package pdftex.def Info: Resources/meen-305/meen-305-Project_2.pdf , page16 use
d on input line 156.
(pdftex.def)             Requested size: 597.78697pt x 773.60669pt.
File: Resources/meen-305/meen-305-Project_2.pdf Graphic file (type pdf)
<use Resources/meen-305/meen-305-Project_2.pdf, page 16>
Package pdftex.def Info: Resources/meen-305/meen-305-Project_2.pdf , page16 use
d on input line 156.
(pdftex.def)             Requested size: 597.78697pt x 773.60669pt.

[181 <./Resources/meen-305/meen-305-Project_2.pdf>]
<Resources/meen-305/meen-305-Project_2.pdf, id=2050, page=17, 614.295pt x 794.9
7pt>
File: Resources/meen-305/meen-305-Project_2.pdf Graphic file (type pdf)
<use Resources/meen-305/meen-305-Project_2.pdf, page 17>
Package pdftex.def Info: Resources/meen-305/meen-305-Project_2.pdf , page17 use
d on input line 156.
(pdftex.def)             Requested size: 597.78697pt x 773.60669pt.
File: Resources/meen-305/meen-305-Project_2.pdf Graphic file (type pdf)
<use Resources/meen-305/meen-305-Project_2.pdf, page 17>
Package pdftex.def Info: Resources/meen-305/meen-305-Project_2.pdf , page17 use
d on input line 156.
(pdftex.def)             Requested size: 597.78697pt x 773.60669pt.
File: Resources/meen-305/meen-305-Project_2.pdf Graphic file (type pdf)
<use Resources/meen-305/meen-305-Project_2.pdf, page 17>
Package pdftex.def Info: Resources/meen-305/meen-305-Project_2.pdf , page17 use
d on input line 156.
(pdftex.def)             Requested size: 597.78697pt x 773.60669pt.
 [182 <./Resources/meen-305/meen-305-Project_2.pdf>]
<Resources/itde-201/itde-201-PS.pdf, id=2056, 614.295pt x 794.97pt>
File: Resources/itde-201/itde-201-PS.pdf Graphic file (type pdf)
<use Resources/itde-201/itde-201-PS.pdf>
Package pdftex.def Info: Resources/itde-201/itde-201-PS.pdf  used on input line
 174.
(pdftex.def)             Requested size: 614.29349pt x 794.96806pt.
File: Resources/itde-201/itde-201-PS.pdf Graphic file (type pdf)
<use Resources/itde-201/itde-201-PS.pdf>
Package pdftex.def Info: Resources/itde-201/itde-201-PS.pdf  used on input line
 174.
(pdftex.def)             Requested size: 614.29349pt x 794.96806pt.
<Resources/itde-201/itde-201-PS.pdf, id=2059, page=1, 614.295pt x 794.97pt>
File: Resources/itde-201/itde-201-PS.pdf Graphic file (type pdf)
<use Resources/itde-201/itde-201-PS.pdf, page 1>
Package pdftex.def Info: Resources/itde-201/itde-201-PS.pdf , page1 used on inp
ut line 174.
(pdftex.def)             Requested size: 614.29349pt x 794.96806pt.
File: Resources/itde-201/itde-201-PS.pdf Graphic file (type pdf)
<use Resources/itde-201/itde-201-PS.pdf, page 1>
Package pdftex.def Info: Resources/itde-201/itde-201-PS.pdf , page1 used on inp
ut line 174.
(pdftex.def)             Requested size: 597.78697pt x 773.60669pt.
 [183]
File: Resources/itde-201/itde-201-PS.pdf Graphic file (type pdf)
<use Resources/itde-201/itde-201-PS.pdf, page 1>
Package pdftex.def Info: Resources/itde-201/itde-201-PS.pdf , page1 used on inp
ut line 174.
(pdftex.def)             Requested size: 597.78697pt x 773.60669pt.
File: Resources/itde-201/itde-201-PS.pdf Graphic file (type pdf)
<use Resources/itde-201/itde-201-PS.pdf, page 1>
Package pdftex.def Info: Resources/itde-201/itde-201-PS.pdf , page1 used on inp
ut line 174.
(pdftex.def)             Requested size: 597.78697pt x 773.60669pt.
File: Resources/itde-201/itde-201-PS.pdf Graphic file (type pdf)
<use Resources/itde-201/itde-201-PS.pdf, page 1>
Package pdftex.def Info: Resources/itde-201/itde-201-PS.pdf , page1 used on inp
ut line 174.
(pdftex.def)             Requested size: 597.78697pt x 773.60669pt.
 [184 <./Resources/itde-201/itde-201-PS.pdf>]
<Resources/itde-201/itde-201-DP.pdf, id=2099, 794.97pt x 614.295pt>
File: Resources/itde-201/itde-201-DP.pdf Graphic file (type pdf)
<use Resources/itde-201/itde-201-DP.pdf>
Package pdftex.def Info: Resources/itde-201/itde-201-DP.pdf  used on input line
 175.
(pdftex.def)             Requested size: 794.96806pt x 614.29349pt.
File: Resources/itde-201/itde-201-DP.pdf Graphic file (type pdf)
<use Resources/itde-201/itde-201-DP.pdf>
Package pdftex.def Info: Resources/itde-201/itde-201-DP.pdf  used on input line
 175.
(pdftex.def)             Requested size: 794.96806pt x 614.29349pt.
<Resources/itde-201/itde-201-DP.pdf, id=2102, page=1, 794.97pt x 614.295pt>
File: Resources/itde-201/itde-201-DP.pdf Graphic file (type pdf)
<use Resources/itde-201/itde-201-DP.pdf, page 1>
Package pdftex.def Info: Resources/itde-201/itde-201-DP.pdf , page1 used on inp
ut line 175.
(pdftex.def)             Requested size: 794.96806pt x 614.29349pt.
File: Resources/itde-201/itde-201-DP.pdf Graphic file (type pdf)
<use Resources/itde-201/itde-201-DP.pdf, page 1>
Package pdftex.def Info: Resources/itde-201/itde-201-DP.pdf , page1 used on inp
ut line 175.
(pdftex.def)             Requested size: 773.60669pt x 597.78697pt.
File: Resources/itde-201/itde-201-DP.pdf Graphic file (type pdf)
<use Resources/itde-201/itde-201-DP.pdf, page 1>
Package pdftex.def Info: Resources/itde-201/itde-201-DP.pdf , page1 used on inp
ut line 175.
(pdftex.def)             Requested size: 773.60669pt x 597.78697pt.
File: Resources/itde-201/itde-201-DP.pdf Graphic file (type pdf)
<use Resources/itde-201/itde-201-DP.pdf, page 1>
Package pdftex.def Info: Resources/itde-201/itde-201-DP.pdf , page1 used on inp
ut line 175.
(pdftex.def)             Requested size: 773.60669pt x 597.78697pt.
File: Resources/itde-201/itde-201-DP.pdf Graphic file (type pdf)
<use Resources/itde-201/itde-201-DP.pdf, page 1>
Package pdftex.def Info: Resources/itde-201/itde-201-DP.pdf , page1 used on inp
ut line 175.
(pdftex.def)             Requested size: 773.60669pt x 597.78697pt.

[185 <./Resources/itde-201/itde-201-DP.pdf>]
<Resources/itde-201/itde-201-DP.pdf, id=2131, page=2, 794.97pt x 614.295pt>
File: Resources/itde-201/itde-201-DP.pdf Graphic file (type pdf)
<use Resources/itde-201/itde-201-DP.pdf, page 2>
Package pdftex.def Info: Resources/itde-201/itde-201-DP.pdf , page2 used on inp
ut line 175.
(pdftex.def)             Requested size: 773.60669pt x 597.78697pt.
File: Resources/itde-201/itde-201-DP.pdf Graphic file (type pdf)
<use Resources/itde-201/itde-201-DP.pdf, page 2>
Package pdftex.def Info: Resources/itde-201/itde-201-DP.pdf , page2 used on inp
ut line 175.
(pdftex.def)             Requested size: 773.60669pt x 597.78697pt.
File: Resources/itde-201/itde-201-DP.pdf Graphic file (type pdf)
<use Resources/itde-201/itde-201-DP.pdf, page 2>
Package pdftex.def Info: Resources/itde-201/itde-201-DP.pdf , page2 used on inp
ut line 175.
(pdftex.def)             Requested size: 773.60669pt x 597.78697pt.
 [186 <./Resources/itde-201/itde-201-DP.pdf>]
<Resources/itde-201/itde-201-DP.pdf, id=2137, page=3, 794.97pt x 614.295pt>
File: Resources/itde-201/itde-201-DP.pdf Graphic file (type pdf)
<use Resources/itde-201/itde-201-DP.pdf, page 3>
Package pdftex.def Info: Resources/itde-201/itde-201-DP.pdf , page3 used on inp
ut line 175.
(pdftex.def)             Requested size: 773.60669pt x 597.78697pt.
File: Resources/itde-201/itde-201-DP.pdf Graphic file (type pdf)
<use Resources/itde-201/itde-201-DP.pdf, page 3>
Package pdftex.def Info: Resources/itde-201/itde-201-DP.pdf , page3 used on inp
ut line 175.
(pdftex.def)             Requested size: 773.60669pt x 597.78697pt.
File: Resources/itde-201/itde-201-DP.pdf Graphic file (type pdf)
<use Resources/itde-201/itde-201-DP.pdf, page 3>
Package pdftex.def Info: Resources/itde-201/itde-201-DP.pdf , page3 used on inp
ut line 175.
(pdftex.def)             Requested size: 773.60669pt x 597.78697pt.
 [187 <./Resources/itde-201/itde-201-DP.pdf>]
<Resources/itde-201/itde-201-DP.pdf, id=2144, page=4, 794.97pt x 614.295pt>
File: Resources/itde-201/itde-201-DP.pdf Graphic file (type pdf)
<use Resources/itde-201/itde-201-DP.pdf, page 4>
Package pdftex.def Info: Resources/itde-201/itde-201-DP.pdf , page4 used on inp
ut line 175.
(pdftex.def)             Requested size: 773.60669pt x 597.78697pt.
File: Resources/itde-201/itde-201-DP.pdf Graphic file (type pdf)
<use Resources/itde-201/itde-201-DP.pdf, page 4>
Package pdftex.def Info: Resources/itde-201/itde-201-DP.pdf , page4 used on inp
ut line 175.
(pdftex.def)             Requested size: 773.60669pt x 597.78697pt.
File: Resources/itde-201/itde-201-DP.pdf Graphic file (type pdf)
<use Resources/itde-201/itde-201-DP.pdf, page 4>
Package pdftex.def Info: Resources/itde-201/itde-201-DP.pdf , page4 used on inp
ut line 175.
(pdftex.def)             Requested size: 773.60669pt x 597.78697pt.
 [188 <./Resources/itde-201/itde-201-DP.pdf>]
<Resources/itde-201/itde-201-DP.pdf, id=2157, page=5, 794.97pt x 614.295pt>
File: Resources/itde-201/itde-201-DP.pdf Graphic file (type pdf)
<use Resources/itde-201/itde-201-DP.pdf, page 5>
Package pdftex.def Info: Resources/itde-201/itde-201-DP.pdf , page5 used on inp
ut line 175.
(pdftex.def)             Requested size: 773.60669pt x 597.78697pt.
File: Resources/itde-201/itde-201-DP.pdf Graphic file (type pdf)
<use Resources/itde-201/itde-201-DP.pdf, page 5>
Package pdftex.def Info: Resources/itde-201/itde-201-DP.pdf , page5 used on inp
ut line 175.
(pdftex.def)             Requested size: 773.60669pt x 597.78697pt.
File: Resources/itde-201/itde-201-DP.pdf Graphic file (type pdf)
<use Resources/itde-201/itde-201-DP.pdf, page 5>
Package pdftex.def Info: Resources/itde-201/itde-201-DP.pdf , page5 used on inp
ut line 175.
(pdftex.def)             Requested size: 773.60669pt x 597.78697pt.
 [189 <./Resources/itde-201/itde-201-DP.pdf>]
<Resources/itde-201/itde-201-DP.pdf, id=2163, page=6, 794.97pt x 614.295pt>
File: Resources/itde-201/itde-201-DP.pdf Graphic file (type pdf)
<use Resources/itde-201/itde-201-DP.pdf, page 6>
Package pdftex.def Info: Resources/itde-201/itde-201-DP.pdf , page6 used on inp
ut line 175.
(pdftex.def)             Requested size: 773.60669pt x 597.78697pt.
File: Resources/itde-201/itde-201-DP.pdf Graphic file (type pdf)
<use Resources/itde-201/itde-201-DP.pdf, page 6>
Package pdftex.def Info: Resources/itde-201/itde-201-DP.pdf , page6 used on inp
ut line 175.
(pdftex.def)             Requested size: 773.60669pt x 597.78697pt.
File: Resources/itde-201/itde-201-DP.pdf Graphic file (type pdf)
<use Resources/itde-201/itde-201-DP.pdf, page 6>
Package pdftex.def Info: Resources/itde-201/itde-201-DP.pdf , page6 used on inp
ut line 175.
(pdftex.def)             Requested size: 773.60669pt x 597.78697pt.
 [190 <./Resources/itde-201/itde-201-DP.pdf>]
<Resources/itde-201/itde-201-DP.pdf, id=2169, page=7, 794.97pt x 614.295pt>
File: Resources/itde-201/itde-201-DP.pdf Graphic file (type pdf)
<use Resources/itde-201/itde-201-DP.pdf, page 7>
Package pdftex.def Info: Resources/itde-201/itde-201-DP.pdf , page7 used on inp
ut line 175.
(pdftex.def)             Requested size: 773.60669pt x 597.78697pt.
File: Resources/itde-201/itde-201-DP.pdf Graphic file (type pdf)
<use Resources/itde-201/itde-201-DP.pdf, page 7>
Package pdftex.def Info: Resources/itde-201/itde-201-DP.pdf , page7 used on inp
ut line 175.
(pdftex.def)             Requested size: 773.60669pt x 597.78697pt.
File: Resources/itde-201/itde-201-DP.pdf Graphic file (type pdf)
<use Resources/itde-201/itde-201-DP.pdf, page 7>
Package pdftex.def Info: Resources/itde-201/itde-201-DP.pdf , page7 used on inp
ut line 175.
(pdftex.def)             Requested size: 773.60669pt x 597.78697pt.
 [191 <./Resources/itde-201/itde-201-DP.pdf>]
<Resources/itde-201/itde-201-DP.pdf, id=2175, page=8, 794.97pt x 614.295pt>
File: Resources/itde-201/itde-201-DP.pdf Graphic file (type pdf)
<use Resources/itde-201/itde-201-DP.pdf, page 8>
Package pdftex.def Info: Resources/itde-201/itde-201-DP.pdf , page8 used on inp
ut line 175.
(pdftex.def)             Requested size: 773.60669pt x 597.78697pt.
File: Resources/itde-201/itde-201-DP.pdf Graphic file (type pdf)
<use Resources/itde-201/itde-201-DP.pdf, page 8>
Package pdftex.def Info: Resources/itde-201/itde-201-DP.pdf , page8 used on inp
ut line 175.
(pdftex.def)             Requested size: 773.60669pt x 597.78697pt.
File: Resources/itde-201/itde-201-DP.pdf Graphic file (type pdf)
<use Resources/itde-201/itde-201-DP.pdf, page 8>
Package pdftex.def Info: Resources/itde-201/itde-201-DP.pdf , page8 used on inp
ut line 175.
(pdftex.def)             Requested size: 773.60669pt x 597.78697pt.

[192 <./Resources/itde-201/itde-201-DP.pdf>]
<Resources/itde-201/itde-201-DP.pdf, id=2182, page=9, 794.97pt x 614.295pt>
File: Resources/itde-201/itde-201-DP.pdf Graphic file (type pdf)
<use Resources/itde-201/itde-201-DP.pdf, page 9>
Package pdftex.def Info: Resources/itde-201/itde-201-DP.pdf , page9 used on inp
ut line 175.
(pdftex.def)             Requested size: 773.60669pt x 597.78697pt.
File: Resources/itde-201/itde-201-DP.pdf Graphic file (type pdf)
<use Resources/itde-201/itde-201-DP.pdf, page 9>
Package pdftex.def Info: Resources/itde-201/itde-201-DP.pdf , page9 used on inp
ut line 175.
(pdftex.def)             Requested size: 773.60669pt x 597.78697pt.
File: Resources/itde-201/itde-201-DP.pdf Graphic file (type pdf)
<use Resources/itde-201/itde-201-DP.pdf, page 9>
Package pdftex.def Info: Resources/itde-201/itde-201-DP.pdf , page9 used on inp
ut line 175.
(pdftex.def)             Requested size: 773.60669pt x 597.78697pt.
 [193 <./Resources/itde-201/itde-201-DP.pdf>]
<Resources/itde-201/itde-201-DP.pdf, id=2189, page=10, 794.97pt x 614.295pt>
File: Resources/itde-201/itde-201-DP.pdf Graphic file (type pdf)
<use Resources/itde-201/itde-201-DP.pdf, page 10>
Package pdftex.def Info: Resources/itde-201/itde-201-DP.pdf , page10 used on in
put line 175.
(pdftex.def)             Requested size: 773.60669pt x 597.78697pt.
File: Resources/itde-201/itde-201-DP.pdf Graphic file (type pdf)
<use Resources/itde-201/itde-201-DP.pdf, page 10>
Package pdftex.def Info: Resources/itde-201/itde-201-DP.pdf , page10 used on in
put line 175.
(pdftex.def)             Requested size: 773.60669pt x 597.78697pt.
File: Resources/itde-201/itde-201-DP.pdf Graphic file (type pdf)
<use Resources/itde-201/itde-201-DP.pdf, page 10>
Package pdftex.def Info: Resources/itde-201/itde-201-DP.pdf , page10 used on in
put line 175.
(pdftex.def)             Requested size: 773.60669pt x 597.78697pt.
 [194 <./Resources/itde-201/itde-201-DP.pdf>]
<Resources/itde-201/itde-201-PDP.pdf, id=2195, 614.295pt x 794.97pt>
File: Resources/itde-201/itde-201-PDP.pdf Graphic file (type pdf)
<use Resources/itde-201/itde-201-PDP.pdf>
Package pdftex.def Info: Resources/itde-201/itde-201-PDP.pdf  used on input lin
e 176.
(pdftex.def)             Requested size: 614.29349pt x 794.96806pt.
File: Resources/itde-201/itde-201-PDP.pdf Graphic file (type pdf)
<use Resources/itde-201/itde-201-PDP.pdf>
Package pdftex.def Info: Resources/itde-201/itde-201-PDP.pdf  used on input lin
e 176.
(pdftex.def)             Requested size: 614.29349pt x 794.96806pt.
<Resources/itde-201/itde-201-PDP.pdf, id=2198, page=1, 614.295pt x 794.97pt>
File: Resources/itde-201/itde-201-PDP.pdf Graphic file (type pdf)
<use Resources/itde-201/itde-201-PDP.pdf, page 1>
Package pdftex.def Info: Resources/itde-201/itde-201-PDP.pdf , page1 used on in
put line 176.
(pdftex.def)             Requested size: 614.29349pt x 794.96806pt.
File: Resources/itde-201/itde-201-PDP.pdf Graphic file (type pdf)
<use Resources/itde-201/itde-201-PDP.pdf, page 1>
Package pdftex.def Info: Resources/itde-201/itde-201-PDP.pdf , page1 used on in
put line 176.
(pdftex.def)             Requested size: 597.78697pt x 773.60669pt.
File: Resources/itde-201/itde-201-PDP.pdf Graphic file (type pdf)
<use Resources/itde-201/itde-201-PDP.pdf, page 1>
Package pdftex.def Info: Resources/itde-201/itde-201-PDP.pdf , page1 used on in
put line 176.
(pdftex.def)             Requested size: 597.78697pt x 773.60669pt.
File: Resources/itde-201/itde-201-PDP.pdf Graphic file (type pdf)
<use Resources/itde-201/itde-201-PDP.pdf, page 1>
Package pdftex.def Info: Resources/itde-201/itde-201-PDP.pdf , page1 used on in
put line 176.
(pdftex.def)             Requested size: 597.78697pt x 773.60669pt.
File: Resources/itde-201/itde-201-PDP.pdf Graphic file (type pdf)
<use Resources/itde-201/itde-201-PDP.pdf, page 1>
Package pdftex.def Info: Resources/itde-201/itde-201-PDP.pdf , page1 used on in
put line 176.
(pdftex.def)             Requested size: 597.78697pt x 773.60669pt.
 [195 <./Resources/itde-201/itde-201-PDP.pdf>]
<Resources/itde-201/itde-201-PDP.pdf, id=2204, page=2, 614.295pt x 794.97pt>
File: Resources/itde-201/itde-201-PDP.pdf Graphic file (type pdf)
<use Resources/itde-201/itde-201-PDP.pdf, page 2>
Package pdftex.def Info: Resources/itde-201/itde-201-PDP.pdf , page2 used on in
put line 176.
(pdftex.def)             Requested size: 597.78697pt x 773.60669pt.
File: Resources/itde-201/itde-201-PDP.pdf Graphic file (type pdf)
<use Resources/itde-201/itde-201-PDP.pdf, page 2>
Package pdftex.def Info: Resources/itde-201/itde-201-PDP.pdf , page2 used on in
put line 176.
(pdftex.def)             Requested size: 597.78697pt x 773.60669pt.
File: Resources/itde-201/itde-201-PDP.pdf Graphic file (type pdf)
<use Resources/itde-201/itde-201-PDP.pdf, page 2>
Package pdftex.def Info: Resources/itde-201/itde-201-PDP.pdf , page2 used on in
put line 176.
(pdftex.def)             Requested size: 597.78697pt x 773.60669pt.
 [196 <./Resources/itde-201/itde-201-PDP.pdf>]
<Resources/itde-201/itde-201-PDP.pdf, id=2209, page=3, 614.295pt x 794.97pt>
File: Resources/itde-201/itde-201-PDP.pdf Graphic file (type pdf)
<use Resources/itde-201/itde-201-PDP.pdf, page 3>
Package pdftex.def Info: Resources/itde-201/itde-201-PDP.pdf , page3 used on in
put line 176.
(pdftex.def)             Requested size: 597.78697pt x 773.60669pt.
File: Resources/itde-201/itde-201-PDP.pdf Graphic file (type pdf)
<use Resources/itde-201/itde-201-PDP.pdf, page 3>
Package pdftex.def Info: Resources/itde-201/itde-201-PDP.pdf , page3 used on in
put line 176.
(pdftex.def)             Requested size: 597.78697pt x 773.60669pt.
File: Resources/itde-201/itde-201-PDP.pdf Graphic file (type pdf)
<use Resources/itde-201/itde-201-PDP.pdf, page 3>
Package pdftex.def Info: Resources/itde-201/itde-201-PDP.pdf , page3 used on in
put line 176.
(pdftex.def)             Requested size: 597.78697pt x 773.60669pt.
 [197 <./Resources/itde-201/itde-201-PDP.pdf>]
<Resources/itde-201/itde-201-ECS.pdf, id=2214, 614.295pt x 794.97pt>
File: Resources/itde-201/itde-201-ECS.pdf Graphic file (type pdf)
<use Resources/itde-201/itde-201-ECS.pdf>
Package pdftex.def Info: Resources/itde-201/itde-201-ECS.pdf  used on input lin
e 177.
(pdftex.def)             Requested size: 614.29349pt x 794.96806pt.
File: Resources/itde-201/itde-201-ECS.pdf Graphic file (type pdf)
<use Resources/itde-201/itde-201-ECS.pdf>
Package pdftex.def Info: Resources/itde-201/itde-201-ECS.pdf  used on input lin
e 177.
(pdftex.def)             Requested size: 614.29349pt x 794.96806pt.
<Resources/itde-201/itde-201-ECS.pdf, id=2217, page=1, 614.295pt x 794.97pt>
File: Resources/itde-201/itde-201-ECS.pdf Graphic file (type pdf)
<use Resources/itde-201/itde-201-ECS.pdf, page 1>
Package pdftex.def Info: Resources/itde-201/itde-201-ECS.pdf , page1 used on in
put line 177.
(pdftex.def)             Requested size: 614.29349pt x 794.96806pt.
File: Resources/itde-201/itde-201-ECS.pdf Graphic file (type pdf)
<use Resources/itde-201/itde-201-ECS.pdf, page 1>
Package pdftex.def Info: Resources/itde-201/itde-201-ECS.pdf , page1 used on in
put line 177.
(pdftex.def)             Requested size: 597.78697pt x 773.60669pt.
File: Resources/itde-201/itde-201-ECS.pdf Graphic file (type pdf)
<use Resources/itde-201/itde-201-ECS.pdf, page 1>
Package pdftex.def Info: Resources/itde-201/itde-201-ECS.pdf , page1 used on in
put line 177.
(pdftex.def)             Requested size: 597.78697pt x 773.60669pt.
File: Resources/itde-201/itde-201-ECS.pdf Graphic file (type pdf)
<use Resources/itde-201/itde-201-ECS.pdf, page 1>
Package pdftex.def Info: Resources/itde-201/itde-201-ECS.pdf , page1 used on in
put line 177.
(pdftex.def)             Requested size: 597.78697pt x 773.60669pt.
File: Resources/itde-201/itde-201-ECS.pdf Graphic file (type pdf)
<use Resources/itde-201/itde-201-ECS.pdf, page 1>
Package pdftex.def Info: Resources/itde-201/itde-201-ECS.pdf , page1 used on in
put line 177.
(pdftex.def)             Requested size: 597.78697pt x 773.60669pt.
 [198 <./Resources/itde-201/itde-201-ECS.pdf>]
<Resources/itde-201/itde-201-ECS.pdf, id=2223, page=2, 614.295pt x 794.97pt>
File: Resources/itde-201/itde-201-ECS.pdf Graphic file (type pdf)
<use Resources/itde-201/itde-201-ECS.pdf, page 2>
Package pdftex.def Info: Resources/itde-201/itde-201-ECS.pdf , page2 used on in
put line 177.
(pdftex.def)             Requested size: 597.78697pt x 773.60669pt.
File: Resources/itde-201/itde-201-ECS.pdf Graphic file (type pdf)
<use Resources/itde-201/itde-201-ECS.pdf, page 2>
Package pdftex.def Info: Resources/itde-201/itde-201-ECS.pdf , page2 used on in
put line 177.
(pdftex.def)             Requested size: 597.78697pt x 773.60669pt.
File: Resources/itde-201/itde-201-ECS.pdf Graphic file (type pdf)
<use Resources/itde-201/itde-201-ECS.pdf, page 2>
Package pdftex.def Info: Resources/itde-201/itde-201-ECS.pdf , page2 used on in
put line 177.
(pdftex.def)             Requested size: 597.78697pt x 773.60669pt.
 [199 <./Resources/itde-201/itde-201-ECS.pdf>]
Underfull \hbox (badness 10000) in paragraph at lines 196--196
|[]\OT1/cmr/bx/n/17.28 NASA L'SPACE Mis-sion Con-cept
 []

<Resources/LSPACE/LSPACE-MCA_TEAM_01_MCR.pdf, id=2230, 614.295pt x 794.97pt>
File: Resources/LSPACE/LSPACE-MCA_TEAM_01_MCR.pdf Graphic file (type pdf)
<use Resources/LSPACE/LSPACE-MCA_TEAM_01_MCR.pdf>
Package pdftex.def Info: Resources/LSPACE/LSPACE-MCA_TEAM_01_MCR.pdf  used on i
nput line 211.
(pdftex.def)             Requested size: 614.29349pt x 794.96806pt.
File: Resources/LSPACE/LSPACE-MCA_TEAM_01_MCR.pdf Graphic file (type pdf)
<use Resources/LSPACE/LSPACE-MCA_TEAM_01_MCR.pdf>
Package pdftex.def Info: Resources/LSPACE/LSPACE-MCA_TEAM_01_MCR.pdf  used on i
nput line 211.
(pdftex.def)             Requested size: 614.29349pt x 794.96806pt.
<Resources/LSPACE/LSPACE-MCA_TEAM_01_MCR.pdf, id=2233, page=1, 614.295pt x 794.
97pt>
File: Resources/LSPACE/LSPACE-MCA_TEAM_01_MCR.pdf Graphic file (type pdf)
<use Resources/LSPACE/LSPACE-MCA_TEAM_01_MCR.pdf, page 1>
Package pdftex.def Info: Resources/LSPACE/LSPACE-MCA_TEAM_01_MCR.pdf , page1 us
ed on input line 211.
(pdftex.def)             Requested size: 614.29349pt x 794.96806pt.
File: Resources/LSPACE/LSPACE-MCA_TEAM_01_MCR.pdf Graphic file (type pdf)
<use Resources/LSPACE/LSPACE-MCA_TEAM_01_MCR.pdf, page 1>
Package pdftex.def Info: Resources/LSPACE/LSPACE-MCA_TEAM_01_MCR.pdf , page1 us
ed on input line 211.
(pdftex.def)             Requested size: 597.78697pt x 773.60669pt.
[200]
File: Resources/LSPACE/LSPACE-MCA_TEAM_01_MCR.pdf Graphic file (type pdf)
<use Resources/LSPACE/LSPACE-MCA_TEAM_01_MCR.pdf, page 1>
Package pdftex.def Info: Resources/LSPACE/LSPACE-MCA_TEAM_01_MCR.pdf , page1 us
ed on input line 211.
(pdftex.def)             Requested size: 597.78697pt x 773.60669pt.
File: Resources/LSPACE/LSPACE-MCA_TEAM_01_MCR.pdf Graphic file (type pdf)
<use Resources/LSPACE/LSPACE-MCA_TEAM_01_MCR.pdf, page 1>
Package pdftex.def Info: Resources/LSPACE/LSPACE-MCA_TEAM_01_MCR.pdf , page1 us
ed on input line 211.
(pdftex.def)             Requested size: 597.78697pt x 773.60669pt.
File: Resources/LSPACE/LSPACE-MCA_TEAM_01_MCR.pdf Graphic file (type pdf)
<use Resources/LSPACE/LSPACE-MCA_TEAM_01_MCR.pdf, page 1>
Package pdftex.def Info: Resources/LSPACE/LSPACE-MCA_TEAM_01_MCR.pdf , page1 us
ed on input line 211.
(pdftex.def)             Requested size: 597.78697pt x 773.60669pt.
 [201 <./Resources/LSPACE/LSPACE-MCA_TEAM_01_MCR.pdf>]
<Resources/LSPACE/LSPACE-MCA_TEAM_01_MCR.pdf, id=2287, page=2, 614.295pt x 794.
97pt>
File: Resources/LSPACE/LSPACE-MCA_TEAM_01_MCR.pdf Graphic file (type pdf)
<use Resources/LSPACE/LSPACE-MCA_TEAM_01_MCR.pdf, page 2>
Package pdftex.def Info: Resources/LSPACE/LSPACE-MCA_TEAM_01_MCR.pdf , page2 us
ed on input line 211.
(pdftex.def)             Requested size: 597.78697pt x 773.60669pt.
File: Resources/LSPACE/LSPACE-MCA_TEAM_01_MCR.pdf Graphic file (type pdf)
<use Resources/LSPACE/LSPACE-MCA_TEAM_01_MCR.pdf, page 2>
Package pdftex.def Info: Resources/LSPACE/LSPACE-MCA_TEAM_01_MCR.pdf , page2 us
ed on input line 211.
(pdftex.def)             Requested size: 597.78697pt x 773.60669pt.
File: Resources/LSPACE/LSPACE-MCA_TEAM_01_MCR.pdf Graphic file (type pdf)
<use Resources/LSPACE/LSPACE-MCA_TEAM_01_MCR.pdf, page 2>
Package pdftex.def Info: Resources/LSPACE/LSPACE-MCA_TEAM_01_MCR.pdf , page2 us
ed on input line 211.
(pdftex.def)             Requested size: 597.78697pt x 773.60669pt.
 [202 <./Resources/LSPACE/LSPACE-MCA_TEAM_01_MCR.pdf>]
<Resources/LSPACE/LSPACE-MCA_TEAM_01_MCR.pdf, id=2292, page=3, 614.295pt x 794.
97pt>
File: Resources/LSPACE/LSPACE-MCA_TEAM_01_MCR.pdf Graphic file (type pdf)
<use Resources/LSPACE/LSPACE-MCA_TEAM_01_MCR.pdf, page 3>
Package pdftex.def Info: Resources/LSPACE/LSPACE-MCA_TEAM_01_MCR.pdf , page3 us
ed on input line 211.
(pdftex.def)             Requested size: 597.78697pt x 773.60669pt.
File: Resources/LSPACE/LSPACE-MCA_TEAM_01_MCR.pdf Graphic file (type pdf)
<use Resources/LSPACE/LSPACE-MCA_TEAM_01_MCR.pdf, page 3>
Package pdftex.def Info: Resources/LSPACE/LSPACE-MCA_TEAM_01_MCR.pdf , page3 us
ed on input line 211.
(pdftex.def)             Requested size: 597.78697pt x 773.60669pt.
File: Resources/LSPACE/LSPACE-MCA_TEAM_01_MCR.pdf Graphic file (type pdf)
<use Resources/LSPACE/LSPACE-MCA_TEAM_01_MCR.pdf, page 3>
Package pdftex.def Info: Resources/LSPACE/LSPACE-MCA_TEAM_01_MCR.pdf , page3 us
ed on input line 211.
(pdftex.def)             Requested size: 597.78697pt x 773.60669pt.
 [203 <./Resources/LSPACE/LSPACE-MCA_TEAM_01_MCR.pdf>]
<Resources/LSPACE/LSPACE-MCA_TEAM_01_MCR.pdf, id=2297, page=4, 614.295pt x 794.
97pt>
File: Resources/LSPACE/LSPACE-MCA_TEAM_01_MCR.pdf Graphic file (type pdf)
<use Resources/LSPACE/LSPACE-MCA_TEAM_01_MCR.pdf, page 4>
Package pdftex.def Info: Resources/LSPACE/LSPACE-MCA_TEAM_01_MCR.pdf , page4 us
ed on input line 211.
(pdftex.def)             Requested size: 597.78697pt x 773.60669pt.
File: Resources/LSPACE/LSPACE-MCA_TEAM_01_MCR.pdf Graphic file (type pdf)
<use Resources/LSPACE/LSPACE-MCA_TEAM_01_MCR.pdf, page 4>
Package pdftex.def Info: Resources/LSPACE/LSPACE-MCA_TEAM_01_MCR.pdf , page4 us
ed on input line 211.
(pdftex.def)             Requested size: 597.78697pt x 773.60669pt.
File: Resources/LSPACE/LSPACE-MCA_TEAM_01_MCR.pdf Graphic file (type pdf)
<use Resources/LSPACE/LSPACE-MCA_TEAM_01_MCR.pdf, page 4>
Package pdftex.def Info: Resources/LSPACE/LSPACE-MCA_TEAM_01_MCR.pdf , page4 us
ed on input line 211.
(pdftex.def)             Requested size: 597.78697pt x 773.60669pt.
 [204 <./Resources/LSPACE/LSPACE-MCA_TEAM_01_MCR.pdf>]
<Resources/LSPACE/LSPACE-MCA_TEAM_01_MCR.pdf, id=2302, page=5, 614.295pt x 794.
97pt>
File: Resources/LSPACE/LSPACE-MCA_TEAM_01_MCR.pdf Graphic file (type pdf)
<use Resources/LSPACE/LSPACE-MCA_TEAM_01_MCR.pdf, page 5>
Package pdftex.def Info: Resources/LSPACE/LSPACE-MCA_TEAM_01_MCR.pdf , page5 us
ed on input line 211.
(pdftex.def)             Requested size: 597.78697pt x 773.60669pt.
File: Resources/LSPACE/LSPACE-MCA_TEAM_01_MCR.pdf Graphic file (type pdf)
<use Resources/LSPACE/LSPACE-MCA_TEAM_01_MCR.pdf, page 5>
Package pdftex.def Info: Resources/LSPACE/LSPACE-MCA_TEAM_01_MCR.pdf , page5 us
ed on input line 211.
(pdftex.def)             Requested size: 597.78697pt x 773.60669pt.
File: Resources/LSPACE/LSPACE-MCA_TEAM_01_MCR.pdf Graphic file (type pdf)
<use Resources/LSPACE/LSPACE-MCA_TEAM_01_MCR.pdf, page 5>
Package pdftex.def Info: Resources/LSPACE/LSPACE-MCA_TEAM_01_MCR.pdf , page5 us
ed on input line 211.
(pdftex.def)             Requested size: 597.78697pt x 773.60669pt.
 [205 <./Resources/LSPACE/LSPACE-MCA_TEAM_01_MCR.pdf>]
<Resources/LSPACE/LSPACE-MCA_TEAM_01_MCR.pdf, id=2313, page=6, 614.295pt x 794.
97pt>
File: Resources/LSPACE/LSPACE-MCA_TEAM_01_MCR.pdf Graphic file (type pdf)
<use Resources/LSPACE/LSPACE-MCA_TEAM_01_MCR.pdf, page 6>
Package pdftex.def Info: Resources/LSPACE/LSPACE-MCA_TEAM_01_MCR.pdf , page6 us
ed on input line 211.
(pdftex.def)             Requested size: 597.78697pt x 773.60669pt.
File: Resources/LSPACE/LSPACE-MCA_TEAM_01_MCR.pdf Graphic file (type pdf)
<use Resources/LSPACE/LSPACE-MCA_TEAM_01_MCR.pdf, page 6>
Package pdftex.def Info: Resources/LSPACE/LSPACE-MCA_TEAM_01_MCR.pdf , page6 us
ed on input line 211.
(pdftex.def)             Requested size: 597.78697pt x 773.60669pt.
File: Resources/LSPACE/LSPACE-MCA_TEAM_01_MCR.pdf Graphic file (type pdf)
<use Resources/LSPACE/LSPACE-MCA_TEAM_01_MCR.pdf, page 6>
Package pdftex.def Info: Resources/LSPACE/LSPACE-MCA_TEAM_01_MCR.pdf , page6 us
ed on input line 211.
(pdftex.def)             Requested size: 597.78697pt x 773.60669pt.
 [206 <./Resources/LSPACE/LSPACE-MCA_TEAM_01_MCR.pdf>]
<Resources/LSPACE/LSPACE-MCA_TEAM_01_MCR.pdf, id=2318, page=7, 614.295pt x 794.
97pt>
File: Resources/LSPACE/LSPACE-MCA_TEAM_01_MCR.pdf Graphic file (type pdf)
<use Resources/LSPACE/LSPACE-MCA_TEAM_01_MCR.pdf, page 7>
Package pdftex.def Info: Resources/LSPACE/LSPACE-MCA_TEAM_01_MCR.pdf , page7 us
ed on input line 211.
(pdftex.def)             Requested size: 597.78697pt x 773.60669pt.
File: Resources/LSPACE/LSPACE-MCA_TEAM_01_MCR.pdf Graphic file (type pdf)
<use Resources/LSPACE/LSPACE-MCA_TEAM_01_MCR.pdf, page 7>
Package pdftex.def Info: Resources/LSPACE/LSPACE-MCA_TEAM_01_MCR.pdf , page7 us
ed on input line 211.
(pdftex.def)             Requested size: 597.78697pt x 773.60669pt.
File: Resources/LSPACE/LSPACE-MCA_TEAM_01_MCR.pdf Graphic file (type pdf)
<use Resources/LSPACE/LSPACE-MCA_TEAM_01_MCR.pdf, page 7>
Package pdftex.def Info: Resources/LSPACE/LSPACE-MCA_TEAM_01_MCR.pdf , page7 us
ed on input line 211.
(pdftex.def)             Requested size: 597.78697pt x 773.60669pt.
 [207 <./Resources/LSPACE/LSPACE-MCA_TEAM_01_MCR.pdf>]
<Resources/LSPACE/LSPACE-MCA_TEAM_01_MCR.pdf, id=2323, page=8, 794.97pt x 614.2
95pt>
File: Resources/LSPACE/LSPACE-MCA_TEAM_01_MCR.pdf Graphic file (type pdf)
<use Resources/LSPACE/LSPACE-MCA_TEAM_01_MCR.pdf, page 8>
Package pdftex.def Info: Resources/LSPACE/LSPACE-MCA_TEAM_01_MCR.pdf , page8 us
ed on input line 211.
(pdftex.def)             Requested size: 773.60669pt x 597.78697pt.
File: Resources/LSPACE/LSPACE-MCA_TEAM_01_MCR.pdf Graphic file (type pdf)
<use Resources/LSPACE/LSPACE-MCA_TEAM_01_MCR.pdf, page 8>
Package pdftex.def Info: Resources/LSPACE/LSPACE-MCA_TEAM_01_MCR.pdf , page8 us
ed on input line 211.
(pdftex.def)             Requested size: 773.60669pt x 597.78697pt.
File: Resources/LSPACE/LSPACE-MCA_TEAM_01_MCR.pdf Graphic file (type pdf)
<use Resources/LSPACE/LSPACE-MCA_TEAM_01_MCR.pdf, page 8>
Package pdftex.def Info: Resources/LSPACE/LSPACE-MCA_TEAM_01_MCR.pdf , page8 us
ed on input line 211.
(pdftex.def)             Requested size: 773.60669pt x 597.78697pt.
 [208 <./Resources/LSPACE/LSPACE-MCA_TEAM_01_MCR.pdf>]
<Resources/LSPACE/LSPACE-MCA_TEAM_01_MCR.pdf, id=2334, page=9, 794.97pt x 614.2
95pt>
File: Resources/LSPACE/LSPACE-MCA_TEAM_01_MCR.pdf Graphic file (type pdf)
<use Resources/LSPACE/LSPACE-MCA_TEAM_01_MCR.pdf, page 9>
Package pdftex.def Info: Resources/LSPACE/LSPACE-MCA_TEAM_01_MCR.pdf , page9 us
ed on input line 211.
(pdftex.def)             Requested size: 773.60669pt x 597.78697pt.
File: Resources/LSPACE/LSPACE-MCA_TEAM_01_MCR.pdf Graphic file (type pdf)
<use Resources/LSPACE/LSPACE-MCA_TEAM_01_MCR.pdf, page 9>
Package pdftex.def Info: Resources/LSPACE/LSPACE-MCA_TEAM_01_MCR.pdf , page9 us
ed on input line 211.
(pdftex.def)             Requested size: 773.60669pt x 597.78697pt.
File: Resources/LSPACE/LSPACE-MCA_TEAM_01_MCR.pdf Graphic file (type pdf)
<use Resources/LSPACE/LSPACE-MCA_TEAM_01_MCR.pdf, page 9>
Package pdftex.def Info: Resources/LSPACE/LSPACE-MCA_TEAM_01_MCR.pdf , page9 us
ed on input line 211.
(pdftex.def)             Requested size: 773.60669pt x 597.78697pt.
 [209 <./Resources/LSPACE/LSPACE-MCA_TEAM_01_MCR.pdf>]
<Resources/LSPACE/LSPACE-MCA_TEAM_01_MCR.pdf, id=2339, page=10, 614.295pt x 794
.97pt>
File: Resources/LSPACE/LSPACE-MCA_TEAM_01_MCR.pdf Graphic file (type pdf)
<use Resources/LSPACE/LSPACE-MCA_TEAM_01_MCR.pdf, page 10>
Package pdftex.def Info: Resources/LSPACE/LSPACE-MCA_TEAM_01_MCR.pdf , page10 u
sed on input line 211.
(pdftex.def)             Requested size: 597.78697pt x 773.60669pt.
File: Resources/LSPACE/LSPACE-MCA_TEAM_01_MCR.pdf Graphic file (type pdf)
<use Resources/LSPACE/LSPACE-MCA_TEAM_01_MCR.pdf, page 10>
Package pdftex.def Info: Resources/LSPACE/LSPACE-MCA_TEAM_01_MCR.pdf , page10 u
sed on input line 211.
(pdftex.def)             Requested size: 597.78697pt x 773.60669pt.
File: Resources/LSPACE/LSPACE-MCA_TEAM_01_MCR.pdf Graphic file (type pdf)
<use Resources/LSPACE/LSPACE-MCA_TEAM_01_MCR.pdf, page 10>
Package pdftex.def Info: Resources/LSPACE/LSPACE-MCA_TEAM_01_MCR.pdf , page10 u
sed on input line 211.
(pdftex.def)             Requested size: 597.78697pt x 773.60669pt.
 [210 <./Resources/LSPACE/LSPACE-MCA_TEAM_01_MCR.pdf>]
<Resources/LSPACE/LSPACE-MCA_TEAM_01_MCR.pdf, id=2344, page=11, 614.295pt x 794
.97pt>
File: Resources/LSPACE/LSPACE-MCA_TEAM_01_MCR.pdf Graphic file (type pdf)
<use Resources/LSPACE/LSPACE-MCA_TEAM_01_MCR.pdf, page 11>
Package pdftex.def Info: Resources/LSPACE/LSPACE-MCA_TEAM_01_MCR.pdf , page11 u
sed on input line 211.
(pdftex.def)             Requested size: 597.78697pt x 773.60669pt.
File: Resources/LSPACE/LSPACE-MCA_TEAM_01_MCR.pdf Graphic file (type pdf)
<use Resources/LSPACE/LSPACE-MCA_TEAM_01_MCR.pdf, page 11>
Package pdftex.def Info: Resources/LSPACE/LSPACE-MCA_TEAM_01_MCR.pdf , page11 u
sed on input line 211.
(pdftex.def)             Requested size: 597.78697pt x 773.60669pt.
File: Resources/LSPACE/LSPACE-MCA_TEAM_01_MCR.pdf Graphic file (type pdf)
<use Resources/LSPACE/LSPACE-MCA_TEAM_01_MCR.pdf, page 11>
Package pdftex.def Info: Resources/LSPACE/LSPACE-MCA_TEAM_01_MCR.pdf , page11 u
sed on input line 211.
(pdftex.def)             Requested size: 597.78697pt x 773.60669pt.

[211 <./Resources/LSPACE/LSPACE-MCA_TEAM_01_MCR.pdf>]
<Resources/LSPACE/LSPACE-MCA_TEAM_01_MCR.pdf, id=2352, page=12, 614.295pt x 794
.97pt>
File: Resources/LSPACE/LSPACE-MCA_TEAM_01_MCR.pdf Graphic file (type pdf)
<use Resources/LSPACE/LSPACE-MCA_TEAM_01_MCR.pdf, page 12>
Package pdftex.def Info: Resources/LSPACE/LSPACE-MCA_TEAM_01_MCR.pdf , page12 u
sed on input line 211.
(pdftex.def)             Requested size: 597.78697pt x 773.60669pt.
File: Resources/LSPACE/LSPACE-MCA_TEAM_01_MCR.pdf Graphic file (type pdf)
<use Resources/LSPACE/LSPACE-MCA_TEAM_01_MCR.pdf, page 12>
Package pdftex.def Info: Resources/LSPACE/LSPACE-MCA_TEAM_01_MCR.pdf , page12 u
sed on input line 211.
(pdftex.def)             Requested size: 597.78697pt x 773.60669pt.
File: Resources/LSPACE/LSPACE-MCA_TEAM_01_MCR.pdf Graphic file (type pdf)
<use Resources/LSPACE/LSPACE-MCA_TEAM_01_MCR.pdf, page 12>
Package pdftex.def Info: Resources/LSPACE/LSPACE-MCA_TEAM_01_MCR.pdf , page12 u
sed on input line 211.
(pdftex.def)             Requested size: 597.78697pt x 773.60669pt.
 [212 <./Resources/LSPACE/LSPACE-MCA_TEAM_01_MCR.pdf>]
<Resources/LSPACE/LSPACE-MCA_TEAM_01_MCR.pdf, id=2358, page=13, 614.295pt x 794
.97pt>
File: Resources/LSPACE/LSPACE-MCA_TEAM_01_MCR.pdf Graphic file (type pdf)
<use Resources/LSPACE/LSPACE-MCA_TEAM_01_MCR.pdf, page 13>
Package pdftex.def Info: Resources/LSPACE/LSPACE-MCA_TEAM_01_MCR.pdf , page13 u
sed on input line 211.
(pdftex.def)             Requested size: 597.78697pt x 773.60669pt.
File: Resources/LSPACE/LSPACE-MCA_TEAM_01_MCR.pdf Graphic file (type pdf)
<use Resources/LSPACE/LSPACE-MCA_TEAM_01_MCR.pdf, page 13>
Package pdftex.def Info: Resources/LSPACE/LSPACE-MCA_TEAM_01_MCR.pdf , page13 u
sed on input line 211.
(pdftex.def)             Requested size: 597.78697pt x 773.60669pt.
File: Resources/LSPACE/LSPACE-MCA_TEAM_01_MCR.pdf Graphic file (type pdf)
<use Resources/LSPACE/LSPACE-MCA_TEAM_01_MCR.pdf, page 13>
Package pdftex.def Info: Resources/LSPACE/LSPACE-MCA_TEAM_01_MCR.pdf , page13 u
sed on input line 211.
(pdftex.def)             Requested size: 597.78697pt x 773.60669pt.
 [213 <./Resources/LSPACE/LSPACE-MCA_TEAM_01_MCR.pdf>]
<Resources/LSPACE/LSPACE-MCA_TEAM_01_MCR.pdf, id=2368, page=14, 614.295pt x 794
.97pt>
File: Resources/LSPACE/LSPACE-MCA_TEAM_01_MCR.pdf Graphic file (type pdf)
<use Resources/LSPACE/LSPACE-MCA_TEAM_01_MCR.pdf, page 14>
Package pdftex.def Info: Resources/LSPACE/LSPACE-MCA_TEAM_01_MCR.pdf , page14 u
sed on input line 211.
(pdftex.def)             Requested size: 597.78697pt x 773.60669pt.
File: Resources/LSPACE/LSPACE-MCA_TEAM_01_MCR.pdf Graphic file (type pdf)
<use Resources/LSPACE/LSPACE-MCA_TEAM_01_MCR.pdf, page 14>
Package pdftex.def Info: Resources/LSPACE/LSPACE-MCA_TEAM_01_MCR.pdf , page14 u
sed on input line 211.
(pdftex.def)             Requested size: 597.78697pt x 773.60669pt.
File: Resources/LSPACE/LSPACE-MCA_TEAM_01_MCR.pdf Graphic file (type pdf)
<use Resources/LSPACE/LSPACE-MCA_TEAM_01_MCR.pdf, page 14>
Package pdftex.def Info: Resources/LSPACE/LSPACE-MCA_TEAM_01_MCR.pdf , page14 u
sed on input line 211.
(pdftex.def)             Requested size: 597.78697pt x 773.60669pt.
 [214 <./Resources/LSPACE/LSPACE-MCA_TEAM_01_MCR.pdf>]
<Resources/LSPACE/LSPACE-MCA_TEAM_01_MCR.pdf, id=2373, page=15, 614.295pt x 794
.97pt>
File: Resources/LSPACE/LSPACE-MCA_TEAM_01_MCR.pdf Graphic file (type pdf)
<use Resources/LSPACE/LSPACE-MCA_TEAM_01_MCR.pdf, page 15>
Package pdftex.def Info: Resources/LSPACE/LSPACE-MCA_TEAM_01_MCR.pdf , page15 u
sed on input line 211.
(pdftex.def)             Requested size: 597.78697pt x 773.60669pt.
File: Resources/LSPACE/LSPACE-MCA_TEAM_01_MCR.pdf Graphic file (type pdf)
<use Resources/LSPACE/LSPACE-MCA_TEAM_01_MCR.pdf, page 15>
Package pdftex.def Info: Resources/LSPACE/LSPACE-MCA_TEAM_01_MCR.pdf , page15 u
sed on input line 211.
(pdftex.def)             Requested size: 597.78697pt x 773.60669pt.
File: Resources/LSPACE/LSPACE-MCA_TEAM_01_MCR.pdf Graphic file (type pdf)
<use Resources/LSPACE/LSPACE-MCA_TEAM_01_MCR.pdf, page 15>
Package pdftex.def Info: Resources/LSPACE/LSPACE-MCA_TEAM_01_MCR.pdf , page15 u
sed on input line 211.
(pdftex.def)             Requested size: 597.78697pt x 773.60669pt.
 [215 <./Resources/LSPACE/LSPACE-MCA_TEAM_01_MCR.pdf>]
<Resources/LSPACE/LSPACE-MCA_TEAM_01_MCR.pdf, id=2378, page=16, 614.295pt x 794
.97pt>
File: Resources/LSPACE/LSPACE-MCA_TEAM_01_MCR.pdf Graphic file (type pdf)
<use Resources/LSPACE/LSPACE-MCA_TEAM_01_MCR.pdf, page 16>
Package pdftex.def Info: Resources/LSPACE/LSPACE-MCA_TEAM_01_MCR.pdf , page16 u
sed on input line 211.
(pdftex.def)             Requested size: 597.78697pt x 773.60669pt.
File: Resources/LSPACE/LSPACE-MCA_TEAM_01_MCR.pdf Graphic file (type pdf)
<use Resources/LSPACE/LSPACE-MCA_TEAM_01_MCR.pdf, page 16>
Package pdftex.def Info: Resources/LSPACE/LSPACE-MCA_TEAM_01_MCR.pdf , page16 u
sed on input line 211.
(pdftex.def)             Requested size: 597.78697pt x 773.60669pt.
File: Resources/LSPACE/LSPACE-MCA_TEAM_01_MCR.pdf Graphic file (type pdf)
<use Resources/LSPACE/LSPACE-MCA_TEAM_01_MCR.pdf, page 16>
Package pdftex.def Info: Resources/LSPACE/LSPACE-MCA_TEAM_01_MCR.pdf , page16 u
sed on input line 211.
(pdftex.def)             Requested size: 597.78697pt x 773.60669pt.
 [216 <./Resources/LSPACE/LSPACE-MCA_TEAM_01_MCR.pdf>]
<Resources/LSPACE/LSPACE-MCA_TEAM_01_MCR.pdf, id=2383, page=17, 614.295pt x 794
.97pt>
File: Resources/LSPACE/LSPACE-MCA_TEAM_01_MCR.pdf Graphic file (type pdf)
<use Resources/LSPACE/LSPACE-MCA_TEAM_01_MCR.pdf, page 17>
Package pdftex.def Info: Resources/LSPACE/LSPACE-MCA_TEAM_01_MCR.pdf , page17 u
sed on input line 211.
(pdftex.def)             Requested size: 597.78697pt x 773.60669pt.
File: Resources/LSPACE/LSPACE-MCA_TEAM_01_MCR.pdf Graphic file (type pdf)
<use Resources/LSPACE/LSPACE-MCA_TEAM_01_MCR.pdf, page 17>
Package pdftex.def Info: Resources/LSPACE/LSPACE-MCA_TEAM_01_MCR.pdf , page17 u
sed on input line 211.
(pdftex.def)             Requested size: 597.78697pt x 773.60669pt.
File: Resources/LSPACE/LSPACE-MCA_TEAM_01_MCR.pdf Graphic file (type pdf)
<use Resources/LSPACE/LSPACE-MCA_TEAM_01_MCR.pdf, page 17>
Package pdftex.def Info: Resources/LSPACE/LSPACE-MCA_TEAM_01_MCR.pdf , page17 u
sed on input line 211.
(pdftex.def)             Requested size: 597.78697pt x 773.60669pt.
 [217 <./Resources/LSPACE/LSPACE-MCA_TEAM_01_MCR.pdf>]
<Resources/LSPACE/LSPACE-MCA_TEAM_01_MCR.pdf, id=2389, page=18, 614.295pt x 794
.97pt>
File: Resources/LSPACE/LSPACE-MCA_TEAM_01_MCR.pdf Graphic file (type pdf)
<use Resources/LSPACE/LSPACE-MCA_TEAM_01_MCR.pdf, page 18>
Package pdftex.def Info: Resources/LSPACE/LSPACE-MCA_TEAM_01_MCR.pdf , page18 u
sed on input line 211.
(pdftex.def)             Requested size: 597.78697pt x 773.60669pt.
File: Resources/LSPACE/LSPACE-MCA_TEAM_01_MCR.pdf Graphic file (type pdf)
<use Resources/LSPACE/LSPACE-MCA_TEAM_01_MCR.pdf, page 18>
Package pdftex.def Info: Resources/LSPACE/LSPACE-MCA_TEAM_01_MCR.pdf , page18 u
sed on input line 211.
(pdftex.def)             Requested size: 597.78697pt x 773.60669pt.
File: Resources/LSPACE/LSPACE-MCA_TEAM_01_MCR.pdf Graphic file (type pdf)
<use Resources/LSPACE/LSPACE-MCA_TEAM_01_MCR.pdf, page 18>
Package pdftex.def Info: Resources/LSPACE/LSPACE-MCA_TEAM_01_MCR.pdf , page18 u
sed on input line 211.
(pdftex.def)             Requested size: 597.78697pt x 773.60669pt.
 [218 <./Resources/LSPACE/LSPACE-MCA_TEAM_01_MCR.pdf>]
<Resources/LSPACE/LSPACE-MCA_TEAM_01_MCR.pdf, id=2394, page=19, 614.295pt x 794
.97pt>
File: Resources/LSPACE/LSPACE-MCA_TEAM_01_MCR.pdf Graphic file (type pdf)
<use Resources/LSPACE/LSPACE-MCA_TEAM_01_MCR.pdf, page 19>
Package pdftex.def Info: Resources/LSPACE/LSPACE-MCA_TEAM_01_MCR.pdf , page19 u
sed on input line 211.
(pdftex.def)             Requested size: 597.78697pt x 773.60669pt.
File: Resources/LSPACE/LSPACE-MCA_TEAM_01_MCR.pdf Graphic file (type pdf)
<use Resources/LSPACE/LSPACE-MCA_TEAM_01_MCR.pdf, page 19>
Package pdftex.def Info: Resources/LSPACE/LSPACE-MCA_TEAM_01_MCR.pdf , page19 u
sed on input line 211.
(pdftex.def)             Requested size: 597.78697pt x 773.60669pt.
File: Resources/LSPACE/LSPACE-MCA_TEAM_01_MCR.pdf Graphic file (type pdf)
<use Resources/LSPACE/LSPACE-MCA_TEAM_01_MCR.pdf, page 19>
Package pdftex.def Info: Resources/LSPACE/LSPACE-MCA_TEAM_01_MCR.pdf , page19 u
sed on input line 211.
(pdftex.def)             Requested size: 597.78697pt x 773.60669pt.
 [219 <./Resources/LSPACE/LSPACE-MCA_TEAM_01_MCR.pdf>]
<Resources/LSPACE/LSPACE-MCA_TEAM_01_MCR.pdf, id=2399, page=20, 614.295pt x 794
.97pt>
File: Resources/LSPACE/LSPACE-MCA_TEAM_01_MCR.pdf Graphic file (type pdf)
<use Resources/LSPACE/LSPACE-MCA_TEAM_01_MCR.pdf, page 20>
Package pdftex.def Info: Resources/LSPACE/LSPACE-MCA_TEAM_01_MCR.pdf , page20 u
sed on input line 211.
(pdftex.def)             Requested size: 597.78697pt x 773.60669pt.
File: Resources/LSPACE/LSPACE-MCA_TEAM_01_MCR.pdf Graphic file (type pdf)
<use Resources/LSPACE/LSPACE-MCA_TEAM_01_MCR.pdf, page 20>
Package pdftex.def Info: Resources/LSPACE/LSPACE-MCA_TEAM_01_MCR.pdf , page20 u
sed on input line 211.
(pdftex.def)             Requested size: 597.78697pt x 773.60669pt.
File: Resources/LSPACE/LSPACE-MCA_TEAM_01_MCR.pdf Graphic file (type pdf)
<use Resources/LSPACE/LSPACE-MCA_TEAM_01_MCR.pdf, page 20>
Package pdftex.def Info: Resources/LSPACE/LSPACE-MCA_TEAM_01_MCR.pdf , page20 u
sed on input line 211.
(pdftex.def)             Requested size: 597.78697pt x 773.60669pt.
 [220 <./Resources/LSPACE/LSPACE-MCA_TEAM_01_MCR.pdf>]
<Resources/LSPACE/LSPACE-MCA_TEAM_01_MCR.pdf, id=2404, page=21, 614.295pt x 794
.97pt>
File: Resources/LSPACE/LSPACE-MCA_TEAM_01_MCR.pdf Graphic file (type pdf)
<use Resources/LSPACE/LSPACE-MCA_TEAM_01_MCR.pdf, page 21>
Package pdftex.def Info: Resources/LSPACE/LSPACE-MCA_TEAM_01_MCR.pdf , page21 u
sed on input line 211.
(pdftex.def)             Requested size: 597.78697pt x 773.60669pt.
File: Resources/LSPACE/LSPACE-MCA_TEAM_01_MCR.pdf Graphic file (type pdf)
<use Resources/LSPACE/LSPACE-MCA_TEAM_01_MCR.pdf, page 21>
Package pdftex.def Info: Resources/LSPACE/LSPACE-MCA_TEAM_01_MCR.pdf , page21 u
sed on input line 211.
(pdftex.def)             Requested size: 597.78697pt x 773.60669pt.
File: Resources/LSPACE/LSPACE-MCA_TEAM_01_MCR.pdf Graphic file (type pdf)
<use Resources/LSPACE/LSPACE-MCA_TEAM_01_MCR.pdf, page 21>
Package pdftex.def Info: Resources/LSPACE/LSPACE-MCA_TEAM_01_MCR.pdf , page21 u
sed on input line 211.
(pdftex.def)             Requested size: 597.78697pt x 773.60669pt.
 [221 <./Resources/LSPACE/LSPACE-MCA_TEAM_01_MCR.pdf>]
<Resources/LSPACE/LSPACE-MCA_TEAM_01_MCR.pdf, id=2409, page=22, 614.295pt x 794
.97pt>
File: Resources/LSPACE/LSPACE-MCA_TEAM_01_MCR.pdf Graphic file (type pdf)
<use Resources/LSPACE/LSPACE-MCA_TEAM_01_MCR.pdf, page 22>
Package pdftex.def Info: Resources/LSPACE/LSPACE-MCA_TEAM_01_MCR.pdf , page22 u
sed on input line 211.
(pdftex.def)             Requested size: 597.78697pt x 773.60669pt.
File: Resources/LSPACE/LSPACE-MCA_TEAM_01_MCR.pdf Graphic file (type pdf)
<use Resources/LSPACE/LSPACE-MCA_TEAM_01_MCR.pdf, page 22>
Package pdftex.def Info: Resources/LSPACE/LSPACE-MCA_TEAM_01_MCR.pdf , page22 u
sed on input line 211.
(pdftex.def)             Requested size: 597.78697pt x 773.60669pt.
File: Resources/LSPACE/LSPACE-MCA_TEAM_01_MCR.pdf Graphic file (type pdf)
<use Resources/LSPACE/LSPACE-MCA_TEAM_01_MCR.pdf, page 22>
Package pdftex.def Info: Resources/LSPACE/LSPACE-MCA_TEAM_01_MCR.pdf , page22 u
sed on input line 211.
(pdftex.def)             Requested size: 597.78697pt x 773.60669pt.
 [222 <./Resources/LSPACE/LSPACE-MCA_TEAM_01_MCR.pdf>]
<Resources/LSPACE/LSPACE-MCA_TEAM_01_MCR.pdf, id=2414, page=23, 614.295pt x 794
.97pt>
File: Resources/LSPACE/LSPACE-MCA_TEAM_01_MCR.pdf Graphic file (type pdf)
<use Resources/LSPACE/LSPACE-MCA_TEAM_01_MCR.pdf, page 23>
Package pdftex.def Info: Resources/LSPACE/LSPACE-MCA_TEAM_01_MCR.pdf , page23 u
sed on input line 211.
(pdftex.def)             Requested size: 597.78697pt x 773.60669pt.
File: Resources/LSPACE/LSPACE-MCA_TEAM_01_MCR.pdf Graphic file (type pdf)
<use Resources/LSPACE/LSPACE-MCA_TEAM_01_MCR.pdf, page 23>
Package pdftex.def Info: Resources/LSPACE/LSPACE-MCA_TEAM_01_MCR.pdf , page23 u
sed on input line 211.
(pdftex.def)             Requested size: 597.78697pt x 773.60669pt.
File: Resources/LSPACE/LSPACE-MCA_TEAM_01_MCR.pdf Graphic file (type pdf)
<use Resources/LSPACE/LSPACE-MCA_TEAM_01_MCR.pdf, page 23>
Package pdftex.def Info: Resources/LSPACE/LSPACE-MCA_TEAM_01_MCR.pdf , page23 u
sed on input line 211.
(pdftex.def)             Requested size: 597.78697pt x 773.60669pt.
 [223 <./Resources/LSPACE/LSPACE-MCA_TEAM_01_MCR.pdf>]
<Resources/LSPACE/LSPACE-MCA_TEAM_01_MCR.pdf, id=2421, page=24, 614.295pt x 794
.97pt>
File: Resources/LSPACE/LSPACE-MCA_TEAM_01_MCR.pdf Graphic file (type pdf)
<use Resources/LSPACE/LSPACE-MCA_TEAM_01_MCR.pdf, page 24>
Package pdftex.def Info: Resources/LSPACE/LSPACE-MCA_TEAM_01_MCR.pdf , page24 u
sed on input line 211.
(pdftex.def)             Requested size: 597.78697pt x 773.60669pt.
File: Resources/LSPACE/LSPACE-MCA_TEAM_01_MCR.pdf Graphic file (type pdf)
<use Resources/LSPACE/LSPACE-MCA_TEAM_01_MCR.pdf, page 24>
Package pdftex.def Info: Resources/LSPACE/LSPACE-MCA_TEAM_01_MCR.pdf , page24 u
sed on input line 211.
(pdftex.def)             Requested size: 597.78697pt x 773.60669pt.
File: Resources/LSPACE/LSPACE-MCA_TEAM_01_MCR.pdf Graphic file (type pdf)
<use Resources/LSPACE/LSPACE-MCA_TEAM_01_MCR.pdf, page 24>
Package pdftex.def Info: Resources/LSPACE/LSPACE-MCA_TEAM_01_MCR.pdf , page24 u
sed on input line 211.
(pdftex.def)             Requested size: 597.78697pt x 773.60669pt.
 [224 <./Resources/LSPACE/LSPACE-MCA_TEAM_01_MCR.pdf>]
<Resources/LSPACE/LSPACE-MCA_TEAM_01_MCR.pdf, id=2427, page=25, 614.295pt x 794
.97pt>
File: Resources/LSPACE/LSPACE-MCA_TEAM_01_MCR.pdf Graphic file (type pdf)
<use Resources/LSPACE/LSPACE-MCA_TEAM_01_MCR.pdf, page 25>
Package pdftex.def Info: Resources/LSPACE/LSPACE-MCA_TEAM_01_MCR.pdf , page25 u
sed on input line 211.
(pdftex.def)             Requested size: 597.78697pt x 773.60669pt.
File: Resources/LSPACE/LSPACE-MCA_TEAM_01_MCR.pdf Graphic file (type pdf)
<use Resources/LSPACE/LSPACE-MCA_TEAM_01_MCR.pdf, page 25>
Package pdftex.def Info: Resources/LSPACE/LSPACE-MCA_TEAM_01_MCR.pdf , page25 u
sed on input line 211.
(pdftex.def)             Requested size: 597.78697pt x 773.60669pt.
File: Resources/LSPACE/LSPACE-MCA_TEAM_01_MCR.pdf Graphic file (type pdf)
<use Resources/LSPACE/LSPACE-MCA_TEAM_01_MCR.pdf, page 25>
Package pdftex.def Info: Resources/LSPACE/LSPACE-MCA_TEAM_01_MCR.pdf , page25 u
sed on input line 211.
(pdftex.def)             Requested size: 597.78697pt x 773.60669pt.
 [225 <./Resources/LSPACE/LSPACE-MCA_TEAM_01_MCR.pdf>]
<Resources/LSPACE/LSPACE-MCA_TEAM_01_MCR.pdf, id=2435, page=26, 614.295pt x 794
.97pt>
File: Resources/LSPACE/LSPACE-MCA_TEAM_01_MCR.pdf Graphic file (type pdf)
<use Resources/LSPACE/LSPACE-MCA_TEAM_01_MCR.pdf, page 26>
Package pdftex.def Info: Resources/LSPACE/LSPACE-MCA_TEAM_01_MCR.pdf , page26 u
sed on input line 211.
(pdftex.def)             Requested size: 597.78697pt x 773.60669pt.
File: Resources/LSPACE/LSPACE-MCA_TEAM_01_MCR.pdf Graphic file (type pdf)
<use Resources/LSPACE/LSPACE-MCA_TEAM_01_MCR.pdf, page 26>
Package pdftex.def Info: Resources/LSPACE/LSPACE-MCA_TEAM_01_MCR.pdf , page26 u
sed on input line 211.
(pdftex.def)             Requested size: 597.78697pt x 773.60669pt.
File: Resources/LSPACE/LSPACE-MCA_TEAM_01_MCR.pdf Graphic file (type pdf)
<use Resources/LSPACE/LSPACE-MCA_TEAM_01_MCR.pdf, page 26>
Package pdftex.def Info: Resources/LSPACE/LSPACE-MCA_TEAM_01_MCR.pdf , page26 u
sed on input line 211.
(pdftex.def)             Requested size: 597.78697pt x 773.60669pt.
 [226 <./Resources/LSPACE/LSPACE-MCA_TEAM_01_MCR.pdf>]
<Resources/LSPACE/LSPACE-MCA_TEAM_01_MCR.pdf, id=2440, page=27, 614.295pt x 794
.97pt>
File: Resources/LSPACE/LSPACE-MCA_TEAM_01_MCR.pdf Graphic file (type pdf)
<use Resources/LSPACE/LSPACE-MCA_TEAM_01_MCR.pdf, page 27>
Package pdftex.def Info: Resources/LSPACE/LSPACE-MCA_TEAM_01_MCR.pdf , page27 u
sed on input line 211.
(pdftex.def)             Requested size: 597.78697pt x 773.60669pt.
File: Resources/LSPACE/LSPACE-MCA_TEAM_01_MCR.pdf Graphic file (type pdf)
<use Resources/LSPACE/LSPACE-MCA_TEAM_01_MCR.pdf, page 27>
Package pdftex.def Info: Resources/LSPACE/LSPACE-MCA_TEAM_01_MCR.pdf , page27 u
sed on input line 211.
(pdftex.def)             Requested size: 597.78697pt x 773.60669pt.
File: Resources/LSPACE/LSPACE-MCA_TEAM_01_MCR.pdf Graphic file (type pdf)
<use Resources/LSPACE/LSPACE-MCA_TEAM_01_MCR.pdf, page 27>
Package pdftex.def Info: Resources/LSPACE/LSPACE-MCA_TEAM_01_MCR.pdf , page27 u
sed on input line 211.
(pdftex.def)             Requested size: 597.78697pt x 773.60669pt.

[227 <./Resources/LSPACE/LSPACE-MCA_TEAM_01_MCR.pdf>]
<Resources/LSPACE/LSPACE-MCA_TEAM_01_MCR.pdf, id=2445, page=28, 614.295pt x 794
.97pt>
File: Resources/LSPACE/LSPACE-MCA_TEAM_01_MCR.pdf Graphic file (type pdf)
<use Resources/LSPACE/LSPACE-MCA_TEAM_01_MCR.pdf, page 28>
Package pdftex.def Info: Resources/LSPACE/LSPACE-MCA_TEAM_01_MCR.pdf , page28 u
sed on input line 211.
(pdftex.def)             Requested size: 597.78697pt x 773.60669pt.
File: Resources/LSPACE/LSPACE-MCA_TEAM_01_MCR.pdf Graphic file (type pdf)
<use Resources/LSPACE/LSPACE-MCA_TEAM_01_MCR.pdf, page 28>
Package pdftex.def Info: Resources/LSPACE/LSPACE-MCA_TEAM_01_MCR.pdf , page28 u
sed on input line 211.
(pdftex.def)             Requested size: 597.78697pt x 773.60669pt.
File: Resources/LSPACE/LSPACE-MCA_TEAM_01_MCR.pdf Graphic file (type pdf)
<use Resources/LSPACE/LSPACE-MCA_TEAM_01_MCR.pdf, page 28>
Package pdftex.def Info: Resources/LSPACE/LSPACE-MCA_TEAM_01_MCR.pdf , page28 u
sed on input line 211.
(pdftex.def)             Requested size: 597.78697pt x 773.60669pt.
 [228 <./Resources/LSPACE/LSPACE-MCA_TEAM_01_MCR.pdf>]
<Resources/LSPACE/LSPACE-MCA_TEAM_01_MCR.pdf, id=2450, page=29, 614.295pt x 794
.97pt>
File: Resources/LSPACE/LSPACE-MCA_TEAM_01_MCR.pdf Graphic file (type pdf)
<use Resources/LSPACE/LSPACE-MCA_TEAM_01_MCR.pdf, page 29>
Package pdftex.def Info: Resources/LSPACE/LSPACE-MCA_TEAM_01_MCR.pdf , page29 u
sed on input line 211.
(pdftex.def)             Requested size: 597.78697pt x 773.60669pt.
File: Resources/LSPACE/LSPACE-MCA_TEAM_01_MCR.pdf Graphic file (type pdf)
<use Resources/LSPACE/LSPACE-MCA_TEAM_01_MCR.pdf, page 29>
Package pdftex.def Info: Resources/LSPACE/LSPACE-MCA_TEAM_01_MCR.pdf , page29 u
sed on input line 211.
(pdftex.def)             Requested size: 597.78697pt x 773.60669pt.
File: Resources/LSPACE/LSPACE-MCA_TEAM_01_MCR.pdf Graphic file (type pdf)
<use Resources/LSPACE/LSPACE-MCA_TEAM_01_MCR.pdf, page 29>
Package pdftex.def Info: Resources/LSPACE/LSPACE-MCA_TEAM_01_MCR.pdf , page29 u
sed on input line 211.
(pdftex.def)             Requested size: 597.78697pt x 773.60669pt.
 [229 <./Resources/LSPACE/LSPACE-MCA_TEAM_01_MCR.pdf>]
<Resources/LSPACE/LSPACE-MCA_TEAM_01_MCR.pdf, id=2456, page=30, 614.295pt x 794
.97pt>
File: Resources/LSPACE/LSPACE-MCA_TEAM_01_MCR.pdf Graphic file (type pdf)
<use Resources/LSPACE/LSPACE-MCA_TEAM_01_MCR.pdf, page 30>
Package pdftex.def Info: Resources/LSPACE/LSPACE-MCA_TEAM_01_MCR.pdf , page30 u
sed on input line 211.
(pdftex.def)             Requested size: 597.78697pt x 773.60669pt.
File: Resources/LSPACE/LSPACE-MCA_TEAM_01_MCR.pdf Graphic file (type pdf)
<use Resources/LSPACE/LSPACE-MCA_TEAM_01_MCR.pdf, page 30>
Package pdftex.def Info: Resources/LSPACE/LSPACE-MCA_TEAM_01_MCR.pdf , page30 u
sed on input line 211.
(pdftex.def)             Requested size: 597.78697pt x 773.60669pt.
File: Resources/LSPACE/LSPACE-MCA_TEAM_01_MCR.pdf Graphic file (type pdf)
<use Resources/LSPACE/LSPACE-MCA_TEAM_01_MCR.pdf, page 30>
Package pdftex.def Info: Resources/LSPACE/LSPACE-MCA_TEAM_01_MCR.pdf , page30 u
sed on input line 211.
(pdftex.def)             Requested size: 597.78697pt x 773.60669pt.
 [230 <./Resources/LSPACE/LSPACE-MCA_TEAM_01_MCR.pdf>]
<Resources/LSPACE/LSPACE-MCA_TEAM_01_MCR.pdf, id=2462, page=31, 614.295pt x 794
.97pt>
File: Resources/LSPACE/LSPACE-MCA_TEAM_01_MCR.pdf Graphic file (type pdf)
<use Resources/LSPACE/LSPACE-MCA_TEAM_01_MCR.pdf, page 31>
Package pdftex.def Info: Resources/LSPACE/LSPACE-MCA_TEAM_01_MCR.pdf , page31 u
sed on input line 211.
(pdftex.def)             Requested size: 597.78697pt x 773.60669pt.
File: Resources/LSPACE/LSPACE-MCA_TEAM_01_MCR.pdf Graphic file (type pdf)
<use Resources/LSPACE/LSPACE-MCA_TEAM_01_MCR.pdf, page 31>
Package pdftex.def Info: Resources/LSPACE/LSPACE-MCA_TEAM_01_MCR.pdf , page31 u
sed on input line 211.
(pdftex.def)             Requested size: 597.78697pt x 773.60669pt.
File: Resources/LSPACE/LSPACE-MCA_TEAM_01_MCR.pdf Graphic file (type pdf)
<use Resources/LSPACE/LSPACE-MCA_TEAM_01_MCR.pdf, page 31>
Package pdftex.def Info: Resources/LSPACE/LSPACE-MCA_TEAM_01_MCR.pdf , page31 u
sed on input line 211.
(pdftex.def)             Requested size: 597.78697pt x 773.60669pt.
 [231 <./Resources/LSPACE/LSPACE-MCA_TEAM_01_MCR.pdf>]
<Resources/LSPACE/LSPACE-MCA_TEAM_01_MCR.pdf, id=2467, page=32, 614.295pt x 794
.97pt>
File: Resources/LSPACE/LSPACE-MCA_TEAM_01_MCR.pdf Graphic file (type pdf)
<use Resources/LSPACE/LSPACE-MCA_TEAM_01_MCR.pdf, page 32>
Package pdftex.def Info: Resources/LSPACE/LSPACE-MCA_TEAM_01_MCR.pdf , page32 u
sed on input line 211.
(pdftex.def)             Requested size: 597.78697pt x 773.60669pt.
File: Resources/LSPACE/LSPACE-MCA_TEAM_01_MCR.pdf Graphic file (type pdf)
<use Resources/LSPACE/LSPACE-MCA_TEAM_01_MCR.pdf, page 32>
Package pdftex.def Info: Resources/LSPACE/LSPACE-MCA_TEAM_01_MCR.pdf , page32 u
sed on input line 211.
(pdftex.def)             Requested size: 597.78697pt x 773.60669pt.
File: Resources/LSPACE/LSPACE-MCA_TEAM_01_MCR.pdf Graphic file (type pdf)
<use Resources/LSPACE/LSPACE-MCA_TEAM_01_MCR.pdf, page 32>
Package pdftex.def Info: Resources/LSPACE/LSPACE-MCA_TEAM_01_MCR.pdf , page32 u
sed on input line 211.
(pdftex.def)             Requested size: 597.78697pt x 773.60669pt.
 [232 <./Resources/LSPACE/LSPACE-MCA_TEAM_01_MCR.pdf>]
<Resources/LSPACE/LSPACE-MCA_TEAM_01_MCR.pdf, id=2477, page=33, 614.295pt x 794
.97pt>
File: Resources/LSPACE/LSPACE-MCA_TEAM_01_MCR.pdf Graphic file (type pdf)
<use Resources/LSPACE/LSPACE-MCA_TEAM_01_MCR.pdf, page 33>
Package pdftex.def Info: Resources/LSPACE/LSPACE-MCA_TEAM_01_MCR.pdf , page33 u
sed on input line 211.
(pdftex.def)             Requested size: 597.78697pt x 773.60669pt.
File: Resources/LSPACE/LSPACE-MCA_TEAM_01_MCR.pdf Graphic file (type pdf)
<use Resources/LSPACE/LSPACE-MCA_TEAM_01_MCR.pdf, page 33>
Package pdftex.def Info: Resources/LSPACE/LSPACE-MCA_TEAM_01_MCR.pdf , page33 u
sed on input line 211.
(pdftex.def)             Requested size: 597.78697pt x 773.60669pt.
File: Resources/LSPACE/LSPACE-MCA_TEAM_01_MCR.pdf Graphic file (type pdf)
<use Resources/LSPACE/LSPACE-MCA_TEAM_01_MCR.pdf, page 33>
Package pdftex.def Info: Resources/LSPACE/LSPACE-MCA_TEAM_01_MCR.pdf , page33 u
sed on input line 211.
(pdftex.def)             Requested size: 597.78697pt x 773.60669pt.
 [233 <./Resources/LSPACE/LSPACE-MCA_TEAM_01_MCR.pdf>]
<Resources/LSPACE/LSPACE-MCA_TEAM_01_MCR.pdf, id=2482, page=34, 614.295pt x 794
.97pt>
File: Resources/LSPACE/LSPACE-MCA_TEAM_01_MCR.pdf Graphic file (type pdf)
<use Resources/LSPACE/LSPACE-MCA_TEAM_01_MCR.pdf, page 34>
Package pdftex.def Info: Resources/LSPACE/LSPACE-MCA_TEAM_01_MCR.pdf , page34 u
sed on input line 211.
(pdftex.def)             Requested size: 597.78697pt x 773.60669pt.
File: Resources/LSPACE/LSPACE-MCA_TEAM_01_MCR.pdf Graphic file (type pdf)
<use Resources/LSPACE/LSPACE-MCA_TEAM_01_MCR.pdf, page 34>
Package pdftex.def Info: Resources/LSPACE/LSPACE-MCA_TEAM_01_MCR.pdf , page34 u
sed on input line 211.
(pdftex.def)             Requested size: 597.78697pt x 773.60669pt.
File: Resources/LSPACE/LSPACE-MCA_TEAM_01_MCR.pdf Graphic file (type pdf)
<use Resources/LSPACE/LSPACE-MCA_TEAM_01_MCR.pdf, page 34>
Package pdftex.def Info: Resources/LSPACE/LSPACE-MCA_TEAM_01_MCR.pdf , page34 u
sed on input line 211.
(pdftex.def)             Requested size: 597.78697pt x 773.60669pt.
 [234 <./Resources/LSPACE/LSPACE-MCA_TEAM_01_MCR.pdf>]
<Resources/LSPACE/LSPACE-MCA_TEAM_01_MCR.pdf, id=2487, page=35, 614.295pt x 794
.97pt>
File: Resources/LSPACE/LSPACE-MCA_TEAM_01_MCR.pdf Graphic file (type pdf)
<use Resources/LSPACE/LSPACE-MCA_TEAM_01_MCR.pdf, page 35>
Package pdftex.def Info: Resources/LSPACE/LSPACE-MCA_TEAM_01_MCR.pdf , page35 u
sed on input line 211.
(pdftex.def)             Requested size: 597.78697pt x 773.60669pt.
File: Resources/LSPACE/LSPACE-MCA_TEAM_01_MCR.pdf Graphic file (type pdf)
<use Resources/LSPACE/LSPACE-MCA_TEAM_01_MCR.pdf, page 35>
Package pdftex.def Info: Resources/LSPACE/LSPACE-MCA_TEAM_01_MCR.pdf , page35 u
sed on input line 211.
(pdftex.def)             Requested size: 597.78697pt x 773.60669pt.
File: Resources/LSPACE/LSPACE-MCA_TEAM_01_MCR.pdf Graphic file (type pdf)
<use Resources/LSPACE/LSPACE-MCA_TEAM_01_MCR.pdf, page 35>
Package pdftex.def Info: Resources/LSPACE/LSPACE-MCA_TEAM_01_MCR.pdf , page35 u
sed on input line 211.
(pdftex.def)             Requested size: 597.78697pt x 773.60669pt.
 [235 <./Resources/LSPACE/LSPACE-MCA_TEAM_01_MCR.pdf>]
<Resources/LSPACE/LSPACE-MCA_TEAM_01_MCR.pdf, id=2498, page=36, 614.295pt x 794
.97pt>
File: Resources/LSPACE/LSPACE-MCA_TEAM_01_MCR.pdf Graphic file (type pdf)
<use Resources/LSPACE/LSPACE-MCA_TEAM_01_MCR.pdf, page 36>
Package pdftex.def Info: Resources/LSPACE/LSPACE-MCA_TEAM_01_MCR.pdf , page36 u
sed on input line 211.
(pdftex.def)             Requested size: 597.78697pt x 773.60669pt.
File: Resources/LSPACE/LSPACE-MCA_TEAM_01_MCR.pdf Graphic file (type pdf)
<use Resources/LSPACE/LSPACE-MCA_TEAM_01_MCR.pdf, page 36>
Package pdftex.def Info: Resources/LSPACE/LSPACE-MCA_TEAM_01_MCR.pdf , page36 u
sed on input line 211.
(pdftex.def)             Requested size: 597.78697pt x 773.60669pt.
File: Resources/LSPACE/LSPACE-MCA_TEAM_01_MCR.pdf Graphic file (type pdf)
<use Resources/LSPACE/LSPACE-MCA_TEAM_01_MCR.pdf, page 36>
Package pdftex.def Info: Resources/LSPACE/LSPACE-MCA_TEAM_01_MCR.pdf , page36 u
sed on input line 211.
(pdftex.def)             Requested size: 597.78697pt x 773.60669pt.
 [236 <./Resources/LSPACE/LSPACE-MCA_TEAM_01_MCR.pdf>]
<Resources/LSPACE/LSPACE-MCA_TEAM_01_MCR.pdf, id=2503, page=37, 614.295pt x 794
.97pt>
File: Resources/LSPACE/LSPACE-MCA_TEAM_01_MCR.pdf Graphic file (type pdf)
<use Resources/LSPACE/LSPACE-MCA_TEAM_01_MCR.pdf, page 37>
Package pdftex.def Info: Resources/LSPACE/LSPACE-MCA_TEAM_01_MCR.pdf , page37 u
sed on input line 211.
(pdftex.def)             Requested size: 597.78697pt x 773.60669pt.
File: Resources/LSPACE/LSPACE-MCA_TEAM_01_MCR.pdf Graphic file (type pdf)
<use Resources/LSPACE/LSPACE-MCA_TEAM_01_MCR.pdf, page 37>
Package pdftex.def Info: Resources/LSPACE/LSPACE-MCA_TEAM_01_MCR.pdf , page37 u
sed on input line 211.
(pdftex.def)             Requested size: 597.78697pt x 773.60669pt.
File: Resources/LSPACE/LSPACE-MCA_TEAM_01_MCR.pdf Graphic file (type pdf)
<use Resources/LSPACE/LSPACE-MCA_TEAM_01_MCR.pdf, page 37>
Package pdftex.def Info: Resources/LSPACE/LSPACE-MCA_TEAM_01_MCR.pdf , page37 u
sed on input line 211.
(pdftex.def)             Requested size: 597.78697pt x 773.60669pt.
 [237 <./Resources/LSPACE/LSPACE-MCA_TEAM_01_MCR.pdf>]
<Resources/LSPACE/LSPACE-MCA_TEAM_01_SRR.pdf, id=2508, 614.295pt x 794.97pt>
File: Resources/LSPACE/LSPACE-MCA_TEAM_01_SRR.pdf Graphic file (type pdf)
<use Resources/LSPACE/LSPACE-MCA_TEAM_01_SRR.pdf>
Package pdftex.def Info: Resources/LSPACE/LSPACE-MCA_TEAM_01_SRR.pdf  used on i
nput line 212.
(pdftex.def)             Requested size: 614.29349pt x 794.96806pt.
File: Resources/LSPACE/LSPACE-MCA_TEAM_01_SRR.pdf Graphic file (type pdf)
<use Resources/LSPACE/LSPACE-MCA_TEAM_01_SRR.pdf>
Package pdftex.def Info: Resources/LSPACE/LSPACE-MCA_TEAM_01_SRR.pdf  used on i
nput line 212.
(pdftex.def)             Requested size: 614.29349pt x 794.96806pt.
<Resources/LSPACE/LSPACE-MCA_TEAM_01_SRR.pdf, id=2511, page=1, 614.295pt x 794.
97pt>
File: Resources/LSPACE/LSPACE-MCA_TEAM_01_SRR.pdf Graphic file (type pdf)
<use Resources/LSPACE/LSPACE-MCA_TEAM_01_SRR.pdf, page 1>
Package pdftex.def Info: Resources/LSPACE/LSPACE-MCA_TEAM_01_SRR.pdf , page1 us
ed on input line 212.
(pdftex.def)             Requested size: 614.29349pt x 794.96806pt.
File: Resources/LSPACE/LSPACE-MCA_TEAM_01_SRR.pdf Graphic file (type pdf)
<use Resources/LSPACE/LSPACE-MCA_TEAM_01_SRR.pdf, page 1>
Package pdftex.def Info: Resources/LSPACE/LSPACE-MCA_TEAM_01_SRR.pdf , page1 us
ed on input line 212.
(pdftex.def)             Requested size: 597.78697pt x 773.60669pt.
File: Resources/LSPACE/LSPACE-MCA_TEAM_01_SRR.pdf Graphic file (type pdf)
<use Resources/LSPACE/LSPACE-MCA_TEAM_01_SRR.pdf, page 1>
Package pdftex.def Info: Resources/LSPACE/LSPACE-MCA_TEAM_01_SRR.pdf , page1 us
ed on input line 212.
(pdftex.def)             Requested size: 597.78697pt x 773.60669pt.
File: Resources/LSPACE/LSPACE-MCA_TEAM_01_SRR.pdf Graphic file (type pdf)
<use Resources/LSPACE/LSPACE-MCA_TEAM_01_SRR.pdf, page 1>
Package pdftex.def Info: Resources/LSPACE/LSPACE-MCA_TEAM_01_SRR.pdf , page1 us
ed on input line 212.
(pdftex.def)             Requested size: 597.78697pt x 773.60669pt.
File: Resources/LSPACE/LSPACE-MCA_TEAM_01_SRR.pdf Graphic file (type pdf)
<use Resources/LSPACE/LSPACE-MCA_TEAM_01_SRR.pdf, page 1>
Package pdftex.def Info: Resources/LSPACE/LSPACE-MCA_TEAM_01_SRR.pdf , page1 us
ed on input line 212.
(pdftex.def)             Requested size: 597.78697pt x 773.60669pt.
 [238 <./Resources/LSPACE/LSPACE-MCA_TEAM_01_SRR.pdf>]
<Resources/LSPACE/LSPACE-MCA_TEAM_01_SRR.pdf, id=2562, page=2, 614.295pt x 794.
97pt>
File: Resources/LSPACE/LSPACE-MCA_TEAM_01_SRR.pdf Graphic file (type pdf)
<use Resources/LSPACE/LSPACE-MCA_TEAM_01_SRR.pdf, page 2>
Package pdftex.def Info: Resources/LSPACE/LSPACE-MCA_TEAM_01_SRR.pdf , page2 us
ed on input line 212.
(pdftex.def)             Requested size: 597.78697pt x 773.60669pt.
File: Resources/LSPACE/LSPACE-MCA_TEAM_01_SRR.pdf Graphic file (type pdf)
<use Resources/LSPACE/LSPACE-MCA_TEAM_01_SRR.pdf, page 2>
Package pdftex.def Info: Resources/LSPACE/LSPACE-MCA_TEAM_01_SRR.pdf , page2 us
ed on input line 212.
(pdftex.def)             Requested size: 597.78697pt x 773.60669pt.
File: Resources/LSPACE/LSPACE-MCA_TEAM_01_SRR.pdf Graphic file (type pdf)
<use Resources/LSPACE/LSPACE-MCA_TEAM_01_SRR.pdf, page 2>
Package pdftex.def Info: Resources/LSPACE/LSPACE-MCA_TEAM_01_SRR.pdf , page2 us
ed on input line 212.
(pdftex.def)             Requested size: 597.78697pt x 773.60669pt.
 [239 <./Resources/LSPACE/LSPACE-MCA_TEAM_01_SRR.pdf>]
<Resources/LSPACE/LSPACE-MCA_TEAM_01_SRR.pdf, id=2567, page=3, 614.295pt x 794.
97pt>
File: Resources/LSPACE/LSPACE-MCA_TEAM_01_SRR.pdf Graphic file (type pdf)
<use Resources/LSPACE/LSPACE-MCA_TEAM_01_SRR.pdf, page 3>
Package pdftex.def Info: Resources/LSPACE/LSPACE-MCA_TEAM_01_SRR.pdf , page3 us
ed on input line 212.
(pdftex.def)             Requested size: 597.78697pt x 773.60669pt.
File: Resources/LSPACE/LSPACE-MCA_TEAM_01_SRR.pdf Graphic file (type pdf)
<use Resources/LSPACE/LSPACE-MCA_TEAM_01_SRR.pdf, page 3>
Package pdftex.def Info: Resources/LSPACE/LSPACE-MCA_TEAM_01_SRR.pdf , page3 us
ed on input line 212.
(pdftex.def)             Requested size: 597.78697pt x 773.60669pt.
File: Resources/LSPACE/LSPACE-MCA_TEAM_01_SRR.pdf Graphic file (type pdf)
<use Resources/LSPACE/LSPACE-MCA_TEAM_01_SRR.pdf, page 3>
Package pdftex.def Info: Resources/LSPACE/LSPACE-MCA_TEAM_01_SRR.pdf , page3 us
ed on input line 212.
(pdftex.def)             Requested size: 597.78697pt x 773.60669pt.
 [240 <./Resources/LSPACE/LSPACE-MCA_TEAM_01_SRR.pdf>]
<Resources/LSPACE/LSPACE-MCA_TEAM_01_SRR.pdf, id=2572, page=4, 614.295pt x 794.
97pt>
File: Resources/LSPACE/LSPACE-MCA_TEAM_01_SRR.pdf Graphic file (type pdf)
<use Resources/LSPACE/LSPACE-MCA_TEAM_01_SRR.pdf, page 4>
Package pdftex.def Info: Resources/LSPACE/LSPACE-MCA_TEAM_01_SRR.pdf , page4 us
ed on input line 212.
(pdftex.def)             Requested size: 597.78697pt x 773.60669pt.
File: Resources/LSPACE/LSPACE-MCA_TEAM_01_SRR.pdf Graphic file (type pdf)
<use Resources/LSPACE/LSPACE-MCA_TEAM_01_SRR.pdf, page 4>
Package pdftex.def Info: Resources/LSPACE/LSPACE-MCA_TEAM_01_SRR.pdf , page4 us
ed on input line 212.
(pdftex.def)             Requested size: 597.78697pt x 773.60669pt.
File: Resources/LSPACE/LSPACE-MCA_TEAM_01_SRR.pdf Graphic file (type pdf)
<use Resources/LSPACE/LSPACE-MCA_TEAM_01_SRR.pdf, page 4>
Package pdftex.def Info: Resources/LSPACE/LSPACE-MCA_TEAM_01_SRR.pdf , page4 us
ed on input line 212.
(pdftex.def)             Requested size: 597.78697pt x 773.60669pt.
 [241 <./Resources/LSPACE/LSPACE-MCA_TEAM_01_SRR.pdf>]
<Resources/LSPACE/LSPACE-MCA_TEAM_01_SRR.pdf, id=2578, page=5, 614.295pt x 794.
97pt>
File: Resources/LSPACE/LSPACE-MCA_TEAM_01_SRR.pdf Graphic file (type pdf)
<use Resources/LSPACE/LSPACE-MCA_TEAM_01_SRR.pdf, page 5>
Package pdftex.def Info: Resources/LSPACE/LSPACE-MCA_TEAM_01_SRR.pdf , page5 us
ed on input line 212.
(pdftex.def)             Requested size: 597.78697pt x 773.60669pt.
File: Resources/LSPACE/LSPACE-MCA_TEAM_01_SRR.pdf Graphic file (type pdf)
<use Resources/LSPACE/LSPACE-MCA_TEAM_01_SRR.pdf, page 5>
Package pdftex.def Info: Resources/LSPACE/LSPACE-MCA_TEAM_01_SRR.pdf , page5 us
ed on input line 212.
(pdftex.def)             Requested size: 597.78697pt x 773.60669pt.
File: Resources/LSPACE/LSPACE-MCA_TEAM_01_SRR.pdf Graphic file (type pdf)
<use Resources/LSPACE/LSPACE-MCA_TEAM_01_SRR.pdf, page 5>
Package pdftex.def Info: Resources/LSPACE/LSPACE-MCA_TEAM_01_SRR.pdf , page5 us
ed on input line 212.
(pdftex.def)             Requested size: 597.78697pt x 773.60669pt.
 [242 <./Resources/LSPACE/LSPACE-MCA_TEAM_01_SRR.pdf>]
<Resources/LSPACE/LSPACE-MCA_TEAM_01_SRR.pdf, id=2583, page=6, 614.295pt x 794.
97pt>
File: Resources/LSPACE/LSPACE-MCA_TEAM_01_SRR.pdf Graphic file (type pdf)
<use Resources/LSPACE/LSPACE-MCA_TEAM_01_SRR.pdf, page 6>
Package pdftex.def Info: Resources/LSPACE/LSPACE-MCA_TEAM_01_SRR.pdf , page6 us
ed on input line 212.
(pdftex.def)             Requested size: 597.78697pt x 773.60669pt.
File: Resources/LSPACE/LSPACE-MCA_TEAM_01_SRR.pdf Graphic file (type pdf)
<use Resources/LSPACE/LSPACE-MCA_TEAM_01_SRR.pdf, page 6>
Package pdftex.def Info: Resources/LSPACE/LSPACE-MCA_TEAM_01_SRR.pdf , page6 us
ed on input line 212.
(pdftex.def)             Requested size: 597.78697pt x 773.60669pt.
File: Resources/LSPACE/LSPACE-MCA_TEAM_01_SRR.pdf Graphic file (type pdf)
<use Resources/LSPACE/LSPACE-MCA_TEAM_01_SRR.pdf, page 6>
Package pdftex.def Info: Resources/LSPACE/LSPACE-MCA_TEAM_01_SRR.pdf , page6 us
ed on input line 212.
(pdftex.def)             Requested size: 597.78697pt x 773.60669pt.

[243 <./Resources/LSPACE/LSPACE-MCA_TEAM_01_SRR.pdf>]
<Resources/LSPACE/LSPACE-MCA_TEAM_01_SRR.pdf, id=2588, page=7, 614.295pt x 794.
97pt>
File: Resources/LSPACE/LSPACE-MCA_TEAM_01_SRR.pdf Graphic file (type pdf)
<use Resources/LSPACE/LSPACE-MCA_TEAM_01_SRR.pdf, page 7>
Package pdftex.def Info: Resources/LSPACE/LSPACE-MCA_TEAM_01_SRR.pdf , page7 us
ed on input line 212.
(pdftex.def)             Requested size: 597.78697pt x 773.60669pt.
File: Resources/LSPACE/LSPACE-MCA_TEAM_01_SRR.pdf Graphic file (type pdf)
<use Resources/LSPACE/LSPACE-MCA_TEAM_01_SRR.pdf, page 7>
Package pdftex.def Info: Resources/LSPACE/LSPACE-MCA_TEAM_01_SRR.pdf , page7 us
ed on input line 212.
(pdftex.def)             Requested size: 597.78697pt x 773.60669pt.
File: Resources/LSPACE/LSPACE-MCA_TEAM_01_SRR.pdf Graphic file (type pdf)
<use Resources/LSPACE/LSPACE-MCA_TEAM_01_SRR.pdf, page 7>
Package pdftex.def Info: Resources/LSPACE/LSPACE-MCA_TEAM_01_SRR.pdf , page7 us
ed on input line 212.
(pdftex.def)             Requested size: 597.78697pt x 773.60669pt.
 [244 <./Resources/LSPACE/LSPACE-MCA_TEAM_01_SRR.pdf>]
<Resources/LSPACE/LSPACE-MCA_TEAM_01_SRR.pdf, id=2593, page=8, 614.295pt x 794.
97pt>
File: Resources/LSPACE/LSPACE-MCA_TEAM_01_SRR.pdf Graphic file (type pdf)
<use Resources/LSPACE/LSPACE-MCA_TEAM_01_SRR.pdf, page 8>
Package pdftex.def Info: Resources/LSPACE/LSPACE-MCA_TEAM_01_SRR.pdf , page8 us
ed on input line 212.
(pdftex.def)             Requested size: 597.78697pt x 773.60669pt.
File: Resources/LSPACE/LSPACE-MCA_TEAM_01_SRR.pdf Graphic file (type pdf)
<use Resources/LSPACE/LSPACE-MCA_TEAM_01_SRR.pdf, page 8>
Package pdftex.def Info: Resources/LSPACE/LSPACE-MCA_TEAM_01_SRR.pdf , page8 us
ed on input line 212.
(pdftex.def)             Requested size: 597.78697pt x 773.60669pt.
File: Resources/LSPACE/LSPACE-MCA_TEAM_01_SRR.pdf Graphic file (type pdf)
<use Resources/LSPACE/LSPACE-MCA_TEAM_01_SRR.pdf, page 8>
Package pdftex.def Info: Resources/LSPACE/LSPACE-MCA_TEAM_01_SRR.pdf , page8 us
ed on input line 212.
(pdftex.def)             Requested size: 597.78697pt x 773.60669pt.
 [245 <./Resources/LSPACE/LSPACE-MCA_TEAM_01_SRR.pdf>]
<Resources/LSPACE/LSPACE-MCA_TEAM_01_SRR.pdf, id=2598, page=9, 614.295pt x 794.
97pt>
File: Resources/LSPACE/LSPACE-MCA_TEAM_01_SRR.pdf Graphic file (type pdf)
<use Resources/LSPACE/LSPACE-MCA_TEAM_01_SRR.pdf, page 9>
Package pdftex.def Info: Resources/LSPACE/LSPACE-MCA_TEAM_01_SRR.pdf , page9 us
ed on input line 212.
(pdftex.def)             Requested size: 597.78697pt x 773.60669pt.
File: Resources/LSPACE/LSPACE-MCA_TEAM_01_SRR.pdf Graphic file (type pdf)
<use Resources/LSPACE/LSPACE-MCA_TEAM_01_SRR.pdf, page 9>
Package pdftex.def Info: Resources/LSPACE/LSPACE-MCA_TEAM_01_SRR.pdf , page9 us
ed on input line 212.
(pdftex.def)             Requested size: 597.78697pt x 773.60669pt.
File: Resources/LSPACE/LSPACE-MCA_TEAM_01_SRR.pdf Graphic file (type pdf)
<use Resources/LSPACE/LSPACE-MCA_TEAM_01_SRR.pdf, page 9>
Package pdftex.def Info: Resources/LSPACE/LSPACE-MCA_TEAM_01_SRR.pdf , page9 us
ed on input line 212.
(pdftex.def)             Requested size: 597.78697pt x 773.60669pt.
 [246 <./Resources/LSPACE/LSPACE-MCA_TEAM_01_SRR.pdf>]
<Resources/LSPACE/LSPACE-MCA_TEAM_01_SRR.pdf, id=2603, page=10, 614.295pt x 794
.97pt>
File: Resources/LSPACE/LSPACE-MCA_TEAM_01_SRR.pdf Graphic file (type pdf)
<use Resources/LSPACE/LSPACE-MCA_TEAM_01_SRR.pdf, page 10>
Package pdftex.def Info: Resources/LSPACE/LSPACE-MCA_TEAM_01_SRR.pdf , page10 u
sed on input line 212.
(pdftex.def)             Requested size: 597.78697pt x 773.60669pt.
File: Resources/LSPACE/LSPACE-MCA_TEAM_01_SRR.pdf Graphic file (type pdf)
<use Resources/LSPACE/LSPACE-MCA_TEAM_01_SRR.pdf, page 10>
Package pdftex.def Info: Resources/LSPACE/LSPACE-MCA_TEAM_01_SRR.pdf , page10 u
sed on input line 212.
(pdftex.def)             Requested size: 597.78697pt x 773.60669pt.
File: Resources/LSPACE/LSPACE-MCA_TEAM_01_SRR.pdf Graphic file (type pdf)
<use Resources/LSPACE/LSPACE-MCA_TEAM_01_SRR.pdf, page 10>
Package pdftex.def Info: Resources/LSPACE/LSPACE-MCA_TEAM_01_SRR.pdf , page10 u
sed on input line 212.
(pdftex.def)             Requested size: 597.78697pt x 773.60669pt.
 [247 <./Resources/LSPACE/LSPACE-MCA_TEAM_01_SRR.pdf>]
<Resources/LSPACE/LSPACE-MCA_TEAM_01_SRR.pdf, id=2609, page=11, 614.295pt x 794
.97pt>
File: Resources/LSPACE/LSPACE-MCA_TEAM_01_SRR.pdf Graphic file (type pdf)
<use Resources/LSPACE/LSPACE-MCA_TEAM_01_SRR.pdf, page 11>
Package pdftex.def Info: Resources/LSPACE/LSPACE-MCA_TEAM_01_SRR.pdf , page11 u
sed on input line 212.
(pdftex.def)             Requested size: 597.78697pt x 773.60669pt.
File: Resources/LSPACE/LSPACE-MCA_TEAM_01_SRR.pdf Graphic file (type pdf)
<use Resources/LSPACE/LSPACE-MCA_TEAM_01_SRR.pdf, page 11>
Package pdftex.def Info: Resources/LSPACE/LSPACE-MCA_TEAM_01_SRR.pdf , page11 u
sed on input line 212.
(pdftex.def)             Requested size: 597.78697pt x 773.60669pt.
File: Resources/LSPACE/LSPACE-MCA_TEAM_01_SRR.pdf Graphic file (type pdf)
<use Resources/LSPACE/LSPACE-MCA_TEAM_01_SRR.pdf, page 11>
Package pdftex.def Info: Resources/LSPACE/LSPACE-MCA_TEAM_01_SRR.pdf , page11 u
sed on input line 212.
(pdftex.def)             Requested size: 597.78697pt x 773.60669pt.
 [248 <./Resources/LSPACE/LSPACE-MCA_TEAM_01_SRR.pdf>]
<Resources/LSPACE/LSPACE-MCA_TEAM_01_SRR.pdf, id=2614, page=12, 614.295pt x 794
.97pt>
File: Resources/LSPACE/LSPACE-MCA_TEAM_01_SRR.pdf Graphic file (type pdf)
<use Resources/LSPACE/LSPACE-MCA_TEAM_01_SRR.pdf, page 12>
Package pdftex.def Info: Resources/LSPACE/LSPACE-MCA_TEAM_01_SRR.pdf , page12 u
sed on input line 212.
(pdftex.def)             Requested size: 597.78697pt x 773.60669pt.
File: Resources/LSPACE/LSPACE-MCA_TEAM_01_SRR.pdf Graphic file (type pdf)
<use Resources/LSPACE/LSPACE-MCA_TEAM_01_SRR.pdf, page 12>
Package pdftex.def Info: Resources/LSPACE/LSPACE-MCA_TEAM_01_SRR.pdf , page12 u
sed on input line 212.
(pdftex.def)             Requested size: 597.78697pt x 773.60669pt.
File: Resources/LSPACE/LSPACE-MCA_TEAM_01_SRR.pdf Graphic file (type pdf)
<use Resources/LSPACE/LSPACE-MCA_TEAM_01_SRR.pdf, page 12>
Package pdftex.def Info: Resources/LSPACE/LSPACE-MCA_TEAM_01_SRR.pdf , page12 u
sed on input line 212.
(pdftex.def)             Requested size: 597.78697pt x 773.60669pt.
 [249 <./Resources/LSPACE/LSPACE-MCA_TEAM_01_SRR.pdf>]
<Resources/LSPACE/LSPACE-MCA_TEAM_01_SRR.pdf, id=2624, page=13, 614.295pt x 794
.97pt>
File: Resources/LSPACE/LSPACE-MCA_TEAM_01_SRR.pdf Graphic file (type pdf)
<use Resources/LSPACE/LSPACE-MCA_TEAM_01_SRR.pdf, page 13>
Package pdftex.def Info: Resources/LSPACE/LSPACE-MCA_TEAM_01_SRR.pdf , page13 u
sed on input line 212.
(pdftex.def)             Requested size: 597.78697pt x 773.60669pt.
File: Resources/LSPACE/LSPACE-MCA_TEAM_01_SRR.pdf Graphic file (type pdf)
<use Resources/LSPACE/LSPACE-MCA_TEAM_01_SRR.pdf, page 13>
Package pdftex.def Info: Resources/LSPACE/LSPACE-MCA_TEAM_01_SRR.pdf , page13 u
sed on input line 212.
(pdftex.def)             Requested size: 597.78697pt x 773.60669pt.
File: Resources/LSPACE/LSPACE-MCA_TEAM_01_SRR.pdf Graphic file (type pdf)
<use Resources/LSPACE/LSPACE-MCA_TEAM_01_SRR.pdf, page 13>
Package pdftex.def Info: Resources/LSPACE/LSPACE-MCA_TEAM_01_SRR.pdf , page13 u
sed on input line 212.
(pdftex.def)             Requested size: 597.78697pt x 773.60669pt.
 [250 <./Resources/LSPACE/LSPACE-MCA_TEAM_01_SRR.pdf>]
<Resources/LSPACE/LSPACE-MCA_TEAM_01_SRR.pdf, id=2639, page=14, 794.97pt x 614.
295pt>
File: Resources/LSPACE/LSPACE-MCA_TEAM_01_SRR.pdf Graphic file (type pdf)
<use Resources/LSPACE/LSPACE-MCA_TEAM_01_SRR.pdf, page 14>
Package pdftex.def Info: Resources/LSPACE/LSPACE-MCA_TEAM_01_SRR.pdf , page14 u
sed on input line 212.
(pdftex.def)             Requested size: 773.60669pt x 597.78697pt.
File: Resources/LSPACE/LSPACE-MCA_TEAM_01_SRR.pdf Graphic file (type pdf)
<use Resources/LSPACE/LSPACE-MCA_TEAM_01_SRR.pdf, page 14>
Package pdftex.def Info: Resources/LSPACE/LSPACE-MCA_TEAM_01_SRR.pdf , page14 u
sed on input line 212.
(pdftex.def)             Requested size: 773.60669pt x 597.78697pt.
File: Resources/LSPACE/LSPACE-MCA_TEAM_01_SRR.pdf Graphic file (type pdf)
<use Resources/LSPACE/LSPACE-MCA_TEAM_01_SRR.pdf, page 14>
Package pdftex.def Info: Resources/LSPACE/LSPACE-MCA_TEAM_01_SRR.pdf , page14 u
sed on input line 212.
(pdftex.def)             Requested size: 773.60669pt x 597.78697pt.
 [251 <./Resources/LSPACE/LSPACE-MCA_TEAM_01_SRR.pdf>]
<Resources/LSPACE/LSPACE-MCA_TEAM_01_SRR.pdf, id=2650, page=15, 794.97pt x 614.
295pt>
File: Resources/LSPACE/LSPACE-MCA_TEAM_01_SRR.pdf Graphic file (type pdf)
<use Resources/LSPACE/LSPACE-MCA_TEAM_01_SRR.pdf, page 15>
Package pdftex.def Info: Resources/LSPACE/LSPACE-MCA_TEAM_01_SRR.pdf , page15 u
sed on input line 212.
(pdftex.def)             Requested size: 773.60669pt x 597.78697pt.
File: Resources/LSPACE/LSPACE-MCA_TEAM_01_SRR.pdf Graphic file (type pdf)
<use Resources/LSPACE/LSPACE-MCA_TEAM_01_SRR.pdf, page 15>
Package pdftex.def Info: Resources/LSPACE/LSPACE-MCA_TEAM_01_SRR.pdf , page15 u
sed on input line 212.
(pdftex.def)             Requested size: 773.60669pt x 597.78697pt.
File: Resources/LSPACE/LSPACE-MCA_TEAM_01_SRR.pdf Graphic file (type pdf)
<use Resources/LSPACE/LSPACE-MCA_TEAM_01_SRR.pdf, page 15>
Package pdftex.def Info: Resources/LSPACE/LSPACE-MCA_TEAM_01_SRR.pdf , page15 u
sed on input line 212.
(pdftex.def)             Requested size: 773.60669pt x 597.78697pt.
 [252 <./Resources/LSPACE/LSPACE-MCA_TEAM_01_SRR.pdf>]
<Resources/LSPACE/LSPACE-MCA_TEAM_01_SRR.pdf, id=2660, page=16, 614.295pt x 794
.97pt>
File: Resources/LSPACE/LSPACE-MCA_TEAM_01_SRR.pdf Graphic file (type pdf)
<use Resources/LSPACE/LSPACE-MCA_TEAM_01_SRR.pdf, page 16>
Package pdftex.def Info: Resources/LSPACE/LSPACE-MCA_TEAM_01_SRR.pdf , page16 u
sed on input line 212.
(pdftex.def)             Requested size: 597.78697pt x 773.60669pt.
File: Resources/LSPACE/LSPACE-MCA_TEAM_01_SRR.pdf Graphic file (type pdf)
<use Resources/LSPACE/LSPACE-MCA_TEAM_01_SRR.pdf, page 16>
Package pdftex.def Info: Resources/LSPACE/LSPACE-MCA_TEAM_01_SRR.pdf , page16 u
sed on input line 212.
(pdftex.def)             Requested size: 597.78697pt x 773.60669pt.
File: Resources/LSPACE/LSPACE-MCA_TEAM_01_SRR.pdf Graphic file (type pdf)
<use Resources/LSPACE/LSPACE-MCA_TEAM_01_SRR.pdf, page 16>
Package pdftex.def Info: Resources/LSPACE/LSPACE-MCA_TEAM_01_SRR.pdf , page16 u
sed on input line 212.
(pdftex.def)             Requested size: 597.78697pt x 773.60669pt.
 [253 <./Resources/LSPACE/LSPACE-MCA_TEAM_01_SRR.pdf>]
<Resources/LSPACE/LSPACE-MCA_TEAM_01_SRR.pdf, id=2666, page=17, 794.97pt x 614.
295pt>
File: Resources/LSPACE/LSPACE-MCA_TEAM_01_SRR.pdf Graphic file (type pdf)
<use Resources/LSPACE/LSPACE-MCA_TEAM_01_SRR.pdf, page 17>
Package pdftex.def Info: Resources/LSPACE/LSPACE-MCA_TEAM_01_SRR.pdf , page17 u
sed on input line 212.
(pdftex.def)             Requested size: 773.60669pt x 597.78697pt.
File: Resources/LSPACE/LSPACE-MCA_TEAM_01_SRR.pdf Graphic file (type pdf)
<use Resources/LSPACE/LSPACE-MCA_TEAM_01_SRR.pdf, page 17>
Package pdftex.def Info: Resources/LSPACE/LSPACE-MCA_TEAM_01_SRR.pdf , page17 u
sed on input line 212.
(pdftex.def)             Requested size: 773.60669pt x 597.78697pt.
File: Resources/LSPACE/LSPACE-MCA_TEAM_01_SRR.pdf Graphic file (type pdf)
<use Resources/LSPACE/LSPACE-MCA_TEAM_01_SRR.pdf, page 17>
Package pdftex.def Info: Resources/LSPACE/LSPACE-MCA_TEAM_01_SRR.pdf , page17 u
sed on input line 212.
(pdftex.def)             Requested size: 773.60669pt x 597.78697pt.
 [254 <./Resources/LSPACE/LSPACE-MCA_TEAM_01_SRR.pdf>]
<Resources/LSPACE/LSPACE-MCA_TEAM_01_SRR.pdf, id=2674, page=18, 614.295pt x 794
.97pt>
File: Resources/LSPACE/LSPACE-MCA_TEAM_01_SRR.pdf Graphic file (type pdf)
<use Resources/LSPACE/LSPACE-MCA_TEAM_01_SRR.pdf, page 18>
Package pdftex.def Info: Resources/LSPACE/LSPACE-MCA_TEAM_01_SRR.pdf , page18 u
sed on input line 212.
(pdftex.def)             Requested size: 597.78697pt x 773.60669pt.
File: Resources/LSPACE/LSPACE-MCA_TEAM_01_SRR.pdf Graphic file (type pdf)
<use Resources/LSPACE/LSPACE-MCA_TEAM_01_SRR.pdf, page 18>
Package pdftex.def Info: Resources/LSPACE/LSPACE-MCA_TEAM_01_SRR.pdf , page18 u
sed on input line 212.
(pdftex.def)             Requested size: 597.78697pt x 773.60669pt.
File: Resources/LSPACE/LSPACE-MCA_TEAM_01_SRR.pdf Graphic file (type pdf)
<use Resources/LSPACE/LSPACE-MCA_TEAM_01_SRR.pdf, page 18>
Package pdftex.def Info: Resources/LSPACE/LSPACE-MCA_TEAM_01_SRR.pdf , page18 u
sed on input line 212.
(pdftex.def)             Requested size: 597.78697pt x 773.60669pt.
 [255 <./Resources/LSPACE/LSPACE-MCA_TEAM_01_SRR.pdf>]
<Resources/LSPACE/LSPACE-MCA_TEAM_01_SRR.pdf, id=2684, page=19, 614.295pt x 794
.97pt>
File: Resources/LSPACE/LSPACE-MCA_TEAM_01_SRR.pdf Graphic file (type pdf)
<use Resources/LSPACE/LSPACE-MCA_TEAM_01_SRR.pdf, page 19>
Package pdftex.def Info: Resources/LSPACE/LSPACE-MCA_TEAM_01_SRR.pdf , page19 u
sed on input line 212.
(pdftex.def)             Requested size: 597.78697pt x 773.60669pt.
File: Resources/LSPACE/LSPACE-MCA_TEAM_01_SRR.pdf Graphic file (type pdf)
<use Resources/LSPACE/LSPACE-MCA_TEAM_01_SRR.pdf, page 19>
Package pdftex.def Info: Resources/LSPACE/LSPACE-MCA_TEAM_01_SRR.pdf , page19 u
sed on input line 212.
(pdftex.def)             Requested size: 597.78697pt x 773.60669pt.
File: Resources/LSPACE/LSPACE-MCA_TEAM_01_SRR.pdf Graphic file (type pdf)
<use Resources/LSPACE/LSPACE-MCA_TEAM_01_SRR.pdf, page 19>
Package pdftex.def Info: Resources/LSPACE/LSPACE-MCA_TEAM_01_SRR.pdf , page19 u
sed on input line 212.
(pdftex.def)             Requested size: 597.78697pt x 773.60669pt.
 [256 <./Resources/LSPACE/LSPACE-MCA_TEAM_01_SRR.pdf>]
<Resources/LSPACE/LSPACE-MCA_TEAM_01_SRR.pdf, id=2694, page=20, 614.295pt x 794
.97pt>
File: Resources/LSPACE/LSPACE-MCA_TEAM_01_SRR.pdf Graphic file (type pdf)
<use Resources/LSPACE/LSPACE-MCA_TEAM_01_SRR.pdf, page 20>
Package pdftex.def Info: Resources/LSPACE/LSPACE-MCA_TEAM_01_SRR.pdf , page20 u
sed on input line 212.
(pdftex.def)             Requested size: 597.78697pt x 773.60669pt.
File: Resources/LSPACE/LSPACE-MCA_TEAM_01_SRR.pdf Graphic file (type pdf)
<use Resources/LSPACE/LSPACE-MCA_TEAM_01_SRR.pdf, page 20>
Package pdftex.def Info: Resources/LSPACE/LSPACE-MCA_TEAM_01_SRR.pdf , page20 u
sed on input line 212.
(pdftex.def)             Requested size: 597.78697pt x 773.60669pt.
File: Resources/LSPACE/LSPACE-MCA_TEAM_01_SRR.pdf Graphic file (type pdf)
<use Resources/LSPACE/LSPACE-MCA_TEAM_01_SRR.pdf, page 20>
Package pdftex.def Info: Resources/LSPACE/LSPACE-MCA_TEAM_01_SRR.pdf , page20 u
sed on input line 212.
(pdftex.def)             Requested size: 597.78697pt x 773.60669pt.
 [257 <./Resources/LSPACE/LSPACE-MCA_TEAM_01_SRR.pdf>]
<Resources/LSPACE/LSPACE-MCA_TEAM_01_SRR.pdf, id=2699, page=21, 794.97pt x 614.
295pt>
File: Resources/LSPACE/LSPACE-MCA_TEAM_01_SRR.pdf Graphic file (type pdf)
<use Resources/LSPACE/LSPACE-MCA_TEAM_01_SRR.pdf, page 21>
Package pdftex.def Info: Resources/LSPACE/LSPACE-MCA_TEAM_01_SRR.pdf , page21 u
sed on input line 212.
(pdftex.def)             Requested size: 773.60669pt x 597.78697pt.
File: Resources/LSPACE/LSPACE-MCA_TEAM_01_SRR.pdf Graphic file (type pdf)
<use Resources/LSPACE/LSPACE-MCA_TEAM_01_SRR.pdf, page 21>
Package pdftex.def Info: Resources/LSPACE/LSPACE-MCA_TEAM_01_SRR.pdf , page21 u
sed on input line 212.
(pdftex.def)             Requested size: 773.60669pt x 597.78697pt.
File: Resources/LSPACE/LSPACE-MCA_TEAM_01_SRR.pdf Graphic file (type pdf)
<use Resources/LSPACE/LSPACE-MCA_TEAM_01_SRR.pdf, page 21>
Package pdftex.def Info: Resources/LSPACE/LSPACE-MCA_TEAM_01_SRR.pdf , page21 u
sed on input line 212.
(pdftex.def)             Requested size: 773.60669pt x 597.78697pt.
 [258 <./Resources/LSPACE/LSPACE-MCA_TEAM_01_SRR.pdf>]
<Resources/LSPACE/LSPACE-MCA_TEAM_01_SRR.pdf, id=2704, page=22, 794.97pt x 614.
295pt>
File: Resources/LSPACE/LSPACE-MCA_TEAM_01_SRR.pdf Graphic file (type pdf)
<use Resources/LSPACE/LSPACE-MCA_TEAM_01_SRR.pdf, page 22>
Package pdftex.def Info: Resources/LSPACE/LSPACE-MCA_TEAM_01_SRR.pdf , page22 u
sed on input line 212.
(pdftex.def)             Requested size: 773.60669pt x 597.78697pt.
File: Resources/LSPACE/LSPACE-MCA_TEAM_01_SRR.pdf Graphic file (type pdf)
<use Resources/LSPACE/LSPACE-MCA_TEAM_01_SRR.pdf, page 22>
Package pdftex.def Info: Resources/LSPACE/LSPACE-MCA_TEAM_01_SRR.pdf , page22 u
sed on input line 212.
(pdftex.def)             Requested size: 773.60669pt x 597.78697pt.
File: Resources/LSPACE/LSPACE-MCA_TEAM_01_SRR.pdf Graphic file (type pdf)
<use Resources/LSPACE/LSPACE-MCA_TEAM_01_SRR.pdf, page 22>
Package pdftex.def Info: Resources/LSPACE/LSPACE-MCA_TEAM_01_SRR.pdf , page22 u
sed on input line 212.
(pdftex.def)             Requested size: 773.60669pt x 597.78697pt.

[259 <./Resources/LSPACE/LSPACE-MCA_TEAM_01_SRR.pdf>]
<Resources/LSPACE/LSPACE-MCA_TEAM_01_SRR.pdf, id=2710, page=23, 794.97pt x 614.
295pt>
File: Resources/LSPACE/LSPACE-MCA_TEAM_01_SRR.pdf Graphic file (type pdf)
<use Resources/LSPACE/LSPACE-MCA_TEAM_01_SRR.pdf, page 23>
Package pdftex.def Info: Resources/LSPACE/LSPACE-MCA_TEAM_01_SRR.pdf , page23 u
sed on input line 212.
(pdftex.def)             Requested size: 773.60669pt x 597.78697pt.
File: Resources/LSPACE/LSPACE-MCA_TEAM_01_SRR.pdf Graphic file (type pdf)
<use Resources/LSPACE/LSPACE-MCA_TEAM_01_SRR.pdf, page 23>
Package pdftex.def Info: Resources/LSPACE/LSPACE-MCA_TEAM_01_SRR.pdf , page23 u
sed on input line 212.
(pdftex.def)             Requested size: 773.60669pt x 597.78697pt.
File: Resources/LSPACE/LSPACE-MCA_TEAM_01_SRR.pdf Graphic file (type pdf)
<use Resources/LSPACE/LSPACE-MCA_TEAM_01_SRR.pdf, page 23>
Package pdftex.def Info: Resources/LSPACE/LSPACE-MCA_TEAM_01_SRR.pdf , page23 u
sed on input line 212.
(pdftex.def)             Requested size: 773.60669pt x 597.78697pt.
 [260 <./Resources/LSPACE/LSPACE-MCA_TEAM_01_SRR.pdf>]
<Resources/LSPACE/LSPACE-MCA_TEAM_01_SRR.pdf, id=2716, page=24, 794.97pt x 614.
295pt>
File: Resources/LSPACE/LSPACE-MCA_TEAM_01_SRR.pdf Graphic file (type pdf)
<use Resources/LSPACE/LSPACE-MCA_TEAM_01_SRR.pdf, page 24>
Package pdftex.def Info: Resources/LSPACE/LSPACE-MCA_TEAM_01_SRR.pdf , page24 u
sed on input line 212.
(pdftex.def)             Requested size: 773.60669pt x 597.78697pt.
File: Resources/LSPACE/LSPACE-MCA_TEAM_01_SRR.pdf Graphic file (type pdf)
<use Resources/LSPACE/LSPACE-MCA_TEAM_01_SRR.pdf, page 24>
Package pdftex.def Info: Resources/LSPACE/LSPACE-MCA_TEAM_01_SRR.pdf , page24 u
sed on input line 212.
(pdftex.def)             Requested size: 773.60669pt x 597.78697pt.
File: Resources/LSPACE/LSPACE-MCA_TEAM_01_SRR.pdf Graphic file (type pdf)
<use Resources/LSPACE/LSPACE-MCA_TEAM_01_SRR.pdf, page 24>
Package pdftex.def Info: Resources/LSPACE/LSPACE-MCA_TEAM_01_SRR.pdf , page24 u
sed on input line 212.
(pdftex.def)             Requested size: 773.60669pt x 597.78697pt.
 [261 <./Resources/LSPACE/LSPACE-MCA_TEAM_01_SRR.pdf>]
<Resources/LSPACE/LSPACE-MCA_TEAM_01_SRR.pdf, id=2721, page=25, 614.295pt x 794
.97pt>
File: Resources/LSPACE/LSPACE-MCA_TEAM_01_SRR.pdf Graphic file (type pdf)
<use Resources/LSPACE/LSPACE-MCA_TEAM_01_SRR.pdf, page 25>
Package pdftex.def Info: Resources/LSPACE/LSPACE-MCA_TEAM_01_SRR.pdf , page25 u
sed on input line 212.
(pdftex.def)             Requested size: 597.78697pt x 773.60669pt.
File: Resources/LSPACE/LSPACE-MCA_TEAM_01_SRR.pdf Graphic file (type pdf)
<use Resources/LSPACE/LSPACE-MCA_TEAM_01_SRR.pdf, page 25>
Package pdftex.def Info: Resources/LSPACE/LSPACE-MCA_TEAM_01_SRR.pdf , page25 u
sed on input line 212.
(pdftex.def)             Requested size: 597.78697pt x 773.60669pt.
File: Resources/LSPACE/LSPACE-MCA_TEAM_01_SRR.pdf Graphic file (type pdf)
<use Resources/LSPACE/LSPACE-MCA_TEAM_01_SRR.pdf, page 25>
Package pdftex.def Info: Resources/LSPACE/LSPACE-MCA_TEAM_01_SRR.pdf , page25 u
sed on input line 212.
(pdftex.def)             Requested size: 597.78697pt x 773.60669pt.
 [262 <./Resources/LSPACE/LSPACE-MCA_TEAM_01_SRR.pdf>]
<Resources/LSPACE/LSPACE-MCA_TEAM_01_SRR.pdf, id=2731, page=26, 614.295pt x 794
.97pt>
File: Resources/LSPACE/LSPACE-MCA_TEAM_01_SRR.pdf Graphic file (type pdf)
<use Resources/LSPACE/LSPACE-MCA_TEAM_01_SRR.pdf, page 26>
Package pdftex.def Info: Resources/LSPACE/LSPACE-MCA_TEAM_01_SRR.pdf , page26 u
sed on input line 212.
(pdftex.def)             Requested size: 597.78697pt x 773.60669pt.
File: Resources/LSPACE/LSPACE-MCA_TEAM_01_SRR.pdf Graphic file (type pdf)
<use Resources/LSPACE/LSPACE-MCA_TEAM_01_SRR.pdf, page 26>
Package pdftex.def Info: Resources/LSPACE/LSPACE-MCA_TEAM_01_SRR.pdf , page26 u
sed on input line 212.
(pdftex.def)             Requested size: 597.78697pt x 773.60669pt.
File: Resources/LSPACE/LSPACE-MCA_TEAM_01_SRR.pdf Graphic file (type pdf)
<use Resources/LSPACE/LSPACE-MCA_TEAM_01_SRR.pdf, page 26>
Package pdftex.def Info: Resources/LSPACE/LSPACE-MCA_TEAM_01_SRR.pdf , page26 u
sed on input line 212.
(pdftex.def)             Requested size: 597.78697pt x 773.60669pt.
 [263 <./Resources/LSPACE/LSPACE-MCA_TEAM_01_SRR.pdf>]
<Resources/LSPACE/LSPACE-MCA_TEAM_01_SRR.pdf, id=2737, page=27, 614.295pt x 794
.97pt>
File: Resources/LSPACE/LSPACE-MCA_TEAM_01_SRR.pdf Graphic file (type pdf)
<use Resources/LSPACE/LSPACE-MCA_TEAM_01_SRR.pdf, page 27>
Package pdftex.def Info: Resources/LSPACE/LSPACE-MCA_TEAM_01_SRR.pdf , page27 u
sed on input line 212.
(pdftex.def)             Requested size: 597.78697pt x 773.60669pt.
File: Resources/LSPACE/LSPACE-MCA_TEAM_01_SRR.pdf Graphic file (type pdf)
<use Resources/LSPACE/LSPACE-MCA_TEAM_01_SRR.pdf, page 27>
Package pdftex.def Info: Resources/LSPACE/LSPACE-MCA_TEAM_01_SRR.pdf , page27 u
sed on input line 212.
(pdftex.def)             Requested size: 597.78697pt x 773.60669pt.
File: Resources/LSPACE/LSPACE-MCA_TEAM_01_SRR.pdf Graphic file (type pdf)
<use Resources/LSPACE/LSPACE-MCA_TEAM_01_SRR.pdf, page 27>
Package pdftex.def Info: Resources/LSPACE/LSPACE-MCA_TEAM_01_SRR.pdf , page27 u
sed on input line 212.
(pdftex.def)             Requested size: 597.78697pt x 773.60669pt.
 [264 <./Resources/LSPACE/LSPACE-MCA_TEAM_01_SRR.pdf>]
<Resources/LSPACE/LSPACE-MCA_TEAM_01_SRR.pdf, id=2747, page=28, 614.295pt x 794
.97pt>
File: Resources/LSPACE/LSPACE-MCA_TEAM_01_SRR.pdf Graphic file (type pdf)
<use Resources/LSPACE/LSPACE-MCA_TEAM_01_SRR.pdf, page 28>
Package pdftex.def Info: Resources/LSPACE/LSPACE-MCA_TEAM_01_SRR.pdf , page28 u
sed on input line 212.
(pdftex.def)             Requested size: 597.78697pt x 773.60669pt.
File: Resources/LSPACE/LSPACE-MCA_TEAM_01_SRR.pdf Graphic file (type pdf)
<use Resources/LSPACE/LSPACE-MCA_TEAM_01_SRR.pdf, page 28>
Package pdftex.def Info: Resources/LSPACE/LSPACE-MCA_TEAM_01_SRR.pdf , page28 u
sed on input line 212.
(pdftex.def)             Requested size: 597.78697pt x 773.60669pt.
File: Resources/LSPACE/LSPACE-MCA_TEAM_01_SRR.pdf Graphic file (type pdf)
<use Resources/LSPACE/LSPACE-MCA_TEAM_01_SRR.pdf, page 28>
Package pdftex.def Info: Resources/LSPACE/LSPACE-MCA_TEAM_01_SRR.pdf , page28 u
sed on input line 212.
(pdftex.def)             Requested size: 597.78697pt x 773.60669pt.
 [265 <./Resources/LSPACE/LSPACE-MCA_TEAM_01_SRR.pdf>]
<Resources/LSPACE/LSPACE-MCA_TEAM_01_SRR.pdf, id=2753, page=29, 614.295pt x 794
.97pt>
File: Resources/LSPACE/LSPACE-MCA_TEAM_01_SRR.pdf Graphic file (type pdf)
<use Resources/LSPACE/LSPACE-MCA_TEAM_01_SRR.pdf, page 29>
Package pdftex.def Info: Resources/LSPACE/LSPACE-MCA_TEAM_01_SRR.pdf , page29 u
sed on input line 212.
(pdftex.def)             Requested size: 597.78697pt x 773.60669pt.
File: Resources/LSPACE/LSPACE-MCA_TEAM_01_SRR.pdf Graphic file (type pdf)
<use Resources/LSPACE/LSPACE-MCA_TEAM_01_SRR.pdf, page 29>
Package pdftex.def Info: Resources/LSPACE/LSPACE-MCA_TEAM_01_SRR.pdf , page29 u
sed on input line 212.
(pdftex.def)             Requested size: 597.78697pt x 773.60669pt.
File: Resources/LSPACE/LSPACE-MCA_TEAM_01_SRR.pdf Graphic file (type pdf)
<use Resources/LSPACE/LSPACE-MCA_TEAM_01_SRR.pdf, page 29>
Package pdftex.def Info: Resources/LSPACE/LSPACE-MCA_TEAM_01_SRR.pdf , page29 u
sed on input line 212.
(pdftex.def)             Requested size: 597.78697pt x 773.60669pt.
 [266 <./Resources/LSPACE/LSPACE-MCA_TEAM_01_SRR.pdf>]
<Resources/LSPACE/LSPACE-MCA_TEAM_01_SRR.pdf, id=2758, page=30, 614.295pt x 794
.97pt>
File: Resources/LSPACE/LSPACE-MCA_TEAM_01_SRR.pdf Graphic file (type pdf)
<use Resources/LSPACE/LSPACE-MCA_TEAM_01_SRR.pdf, page 30>
Package pdftex.def Info: Resources/LSPACE/LSPACE-MCA_TEAM_01_SRR.pdf , page30 u
sed on input line 212.
(pdftex.def)             Requested size: 597.78697pt x 773.60669pt.
File: Resources/LSPACE/LSPACE-MCA_TEAM_01_SRR.pdf Graphic file (type pdf)
<use Resources/LSPACE/LSPACE-MCA_TEAM_01_SRR.pdf, page 30>
Package pdftex.def Info: Resources/LSPACE/LSPACE-MCA_TEAM_01_SRR.pdf , page30 u
sed on input line 212.
(pdftex.def)             Requested size: 597.78697pt x 773.60669pt.
File: Resources/LSPACE/LSPACE-MCA_TEAM_01_SRR.pdf Graphic file (type pdf)
<use Resources/LSPACE/LSPACE-MCA_TEAM_01_SRR.pdf, page 30>
Package pdftex.def Info: Resources/LSPACE/LSPACE-MCA_TEAM_01_SRR.pdf , page30 u
sed on input line 212.
(pdftex.def)             Requested size: 597.78697pt x 773.60669pt.
 [267 <./Resources/LSPACE/LSPACE-MCA_TEAM_01_SRR.pdf>]
<Resources/LSPACE/LSPACE-MCA_TEAM_01_SRR.pdf, id=2763, page=31, 614.295pt x 794
.97pt>
File: Resources/LSPACE/LSPACE-MCA_TEAM_01_SRR.pdf Graphic file (type pdf)
<use Resources/LSPACE/LSPACE-MCA_TEAM_01_SRR.pdf, page 31>
Package pdftex.def Info: Resources/LSPACE/LSPACE-MCA_TEAM_01_SRR.pdf , page31 u
sed on input line 212.
(pdftex.def)             Requested size: 597.78697pt x 773.60669pt.
File: Resources/LSPACE/LSPACE-MCA_TEAM_01_SRR.pdf Graphic file (type pdf)
<use Resources/LSPACE/LSPACE-MCA_TEAM_01_SRR.pdf, page 31>
Package pdftex.def Info: Resources/LSPACE/LSPACE-MCA_TEAM_01_SRR.pdf , page31 u
sed on input line 212.
(pdftex.def)             Requested size: 597.78697pt x 773.60669pt.
File: Resources/LSPACE/LSPACE-MCA_TEAM_01_SRR.pdf Graphic file (type pdf)
<use Resources/LSPACE/LSPACE-MCA_TEAM_01_SRR.pdf, page 31>
Package pdftex.def Info: Resources/LSPACE/LSPACE-MCA_TEAM_01_SRR.pdf , page31 u
sed on input line 212.
(pdftex.def)             Requested size: 597.78697pt x 773.60669pt.
 [268 <./Resources/LSPACE/LSPACE-MCA_TEAM_01_SRR.pdf>]
<Resources/LSPACE/LSPACE-MCA_TEAM_01_SRR.pdf, id=2768, page=32, 614.295pt x 794
.97pt>
File: Resources/LSPACE/LSPACE-MCA_TEAM_01_SRR.pdf Graphic file (type pdf)
<use Resources/LSPACE/LSPACE-MCA_TEAM_01_SRR.pdf, page 32>
Package pdftex.def Info: Resources/LSPACE/LSPACE-MCA_TEAM_01_SRR.pdf , page32 u
sed on input line 212.
(pdftex.def)             Requested size: 597.78697pt x 773.60669pt.
File: Resources/LSPACE/LSPACE-MCA_TEAM_01_SRR.pdf Graphic file (type pdf)
<use Resources/LSPACE/LSPACE-MCA_TEAM_01_SRR.pdf, page 32>
Package pdftex.def Info: Resources/LSPACE/LSPACE-MCA_TEAM_01_SRR.pdf , page32 u
sed on input line 212.
(pdftex.def)             Requested size: 597.78697pt x 773.60669pt.
File: Resources/LSPACE/LSPACE-MCA_TEAM_01_SRR.pdf Graphic file (type pdf)
<use Resources/LSPACE/LSPACE-MCA_TEAM_01_SRR.pdf, page 32>
Package pdftex.def Info: Resources/LSPACE/LSPACE-MCA_TEAM_01_SRR.pdf , page32 u
sed on input line 212.
(pdftex.def)             Requested size: 597.78697pt x 773.60669pt.
 [269 <./Resources/LSPACE/LSPACE-MCA_TEAM_01_SRR.pdf>]
<Resources/LSPACE/LSPACE-MCA_TEAM_01_SRR.pdf, id=2773, page=33, 614.295pt x 794
.97pt>
File: Resources/LSPACE/LSPACE-MCA_TEAM_01_SRR.pdf Graphic file (type pdf)
<use Resources/LSPACE/LSPACE-MCA_TEAM_01_SRR.pdf, page 33>
Package pdftex.def Info: Resources/LSPACE/LSPACE-MCA_TEAM_01_SRR.pdf , page33 u
sed on input line 212.
(pdftex.def)             Requested size: 597.78697pt x 773.60669pt.
File: Resources/LSPACE/LSPACE-MCA_TEAM_01_SRR.pdf Graphic file (type pdf)
<use Resources/LSPACE/LSPACE-MCA_TEAM_01_SRR.pdf, page 33>
Package pdftex.def Info: Resources/LSPACE/LSPACE-MCA_TEAM_01_SRR.pdf , page33 u
sed on input line 212.
(pdftex.def)             Requested size: 597.78697pt x 773.60669pt.
File: Resources/LSPACE/LSPACE-MCA_TEAM_01_SRR.pdf Graphic file (type pdf)
<use Resources/LSPACE/LSPACE-MCA_TEAM_01_SRR.pdf, page 33>
Package pdftex.def Info: Resources/LSPACE/LSPACE-MCA_TEAM_01_SRR.pdf , page33 u
sed on input line 212.
(pdftex.def)             Requested size: 597.78697pt x 773.60669pt.
 [270 <./Resources/LSPACE/LSPACE-MCA_TEAM_01_SRR.pdf>]
<Resources/LSPACE/LSPACE-MCA_TEAM_01_SRR.pdf, id=2778, page=34, 614.295pt x 794
.97pt>
File: Resources/LSPACE/LSPACE-MCA_TEAM_01_SRR.pdf Graphic file (type pdf)
<use Resources/LSPACE/LSPACE-MCA_TEAM_01_SRR.pdf, page 34>
Package pdftex.def Info: Resources/LSPACE/LSPACE-MCA_TEAM_01_SRR.pdf , page34 u
sed on input line 212.
(pdftex.def)             Requested size: 597.78697pt x 773.60669pt.
File: Resources/LSPACE/LSPACE-MCA_TEAM_01_SRR.pdf Graphic file (type pdf)
<use Resources/LSPACE/LSPACE-MCA_TEAM_01_SRR.pdf, page 34>
Package pdftex.def Info: Resources/LSPACE/LSPACE-MCA_TEAM_01_SRR.pdf , page34 u
sed on input line 212.
(pdftex.def)             Requested size: 597.78697pt x 773.60669pt.
File: Resources/LSPACE/LSPACE-MCA_TEAM_01_SRR.pdf Graphic file (type pdf)
<use Resources/LSPACE/LSPACE-MCA_TEAM_01_SRR.pdf, page 34>
Package pdftex.def Info: Resources/LSPACE/LSPACE-MCA_TEAM_01_SRR.pdf , page34 u
sed on input line 212.
(pdftex.def)             Requested size: 597.78697pt x 773.60669pt.
 [271 <./Resources/LSPACE/LSPACE-MCA_TEAM_01_SRR.pdf>]
<Resources/LSPACE/LSPACE-MCA_TEAM_01_SRR.pdf, id=2794, page=35, 614.295pt x 794
.97pt>
File: Resources/LSPACE/LSPACE-MCA_TEAM_01_SRR.pdf Graphic file (type pdf)
<use Resources/LSPACE/LSPACE-MCA_TEAM_01_SRR.pdf, page 35>
Package pdftex.def Info: Resources/LSPACE/LSPACE-MCA_TEAM_01_SRR.pdf , page35 u
sed on input line 212.
(pdftex.def)             Requested size: 597.78697pt x 773.60669pt.
File: Resources/LSPACE/LSPACE-MCA_TEAM_01_SRR.pdf Graphic file (type pdf)
<use Resources/LSPACE/LSPACE-MCA_TEAM_01_SRR.pdf, page 35>
Package pdftex.def Info: Resources/LSPACE/LSPACE-MCA_TEAM_01_SRR.pdf , page35 u
sed on input line 212.
(pdftex.def)             Requested size: 597.78697pt x 773.60669pt.
File: Resources/LSPACE/LSPACE-MCA_TEAM_01_SRR.pdf Graphic file (type pdf)
<use Resources/LSPACE/LSPACE-MCA_TEAM_01_SRR.pdf, page 35>
Package pdftex.def Info: Resources/LSPACE/LSPACE-MCA_TEAM_01_SRR.pdf , page35 u
sed on input line 212.
(pdftex.def)             Requested size: 597.78697pt x 773.60669pt.
 [272 <./Resources/LSPACE/LSPACE-MCA_TEAM_01_SRR.pdf>]
<Resources/LSPACE/LSPACE-MCA_TEAM_01_SRR.pdf, id=2799, page=36, 614.295pt x 794
.97pt>
File: Resources/LSPACE/LSPACE-MCA_TEAM_01_SRR.pdf Graphic file (type pdf)
<use Resources/LSPACE/LSPACE-MCA_TEAM_01_SRR.pdf, page 36>
Package pdftex.def Info: Resources/LSPACE/LSPACE-MCA_TEAM_01_SRR.pdf , page36 u
sed on input line 212.
(pdftex.def)             Requested size: 597.78697pt x 773.60669pt.
File: Resources/LSPACE/LSPACE-MCA_TEAM_01_SRR.pdf Graphic file (type pdf)
<use Resources/LSPACE/LSPACE-MCA_TEAM_01_SRR.pdf, page 36>
Package pdftex.def Info: Resources/LSPACE/LSPACE-MCA_TEAM_01_SRR.pdf , page36 u
sed on input line 212.
(pdftex.def)             Requested size: 597.78697pt x 773.60669pt.
File: Resources/LSPACE/LSPACE-MCA_TEAM_01_SRR.pdf Graphic file (type pdf)
<use Resources/LSPACE/LSPACE-MCA_TEAM_01_SRR.pdf, page 36>
Package pdftex.def Info: Resources/LSPACE/LSPACE-MCA_TEAM_01_SRR.pdf , page36 u
sed on input line 212.
(pdftex.def)             Requested size: 597.78697pt x 773.60669pt.
 [273 <./Resources/LSPACE/LSPACE-MCA_TEAM_01_SRR.pdf>]
<Resources/LSPACE/LSPACE-MCA_TEAM_01_SRR.pdf, id=2804, page=37, 614.295pt x 794
.97pt>
File: Resources/LSPACE/LSPACE-MCA_TEAM_01_SRR.pdf Graphic file (type pdf)
<use Resources/LSPACE/LSPACE-MCA_TEAM_01_SRR.pdf, page 37>
Package pdftex.def Info: Resources/LSPACE/LSPACE-MCA_TEAM_01_SRR.pdf , page37 u
sed on input line 212.
(pdftex.def)             Requested size: 597.78697pt x 773.60669pt.
File: Resources/LSPACE/LSPACE-MCA_TEAM_01_SRR.pdf Graphic file (type pdf)
<use Resources/LSPACE/LSPACE-MCA_TEAM_01_SRR.pdf, page 37>
Package pdftex.def Info: Resources/LSPACE/LSPACE-MCA_TEAM_01_SRR.pdf , page37 u
sed on input line 212.
(pdftex.def)             Requested size: 597.78697pt x 773.60669pt.
File: Resources/LSPACE/LSPACE-MCA_TEAM_01_SRR.pdf Graphic file (type pdf)
<use Resources/LSPACE/LSPACE-MCA_TEAM_01_SRR.pdf, page 37>
Package pdftex.def Info: Resources/LSPACE/LSPACE-MCA_TEAM_01_SRR.pdf , page37 u
sed on input line 212.
(pdftex.def)             Requested size: 597.78697pt x 773.60669pt.
 [274 <./Resources/LSPACE/LSPACE-MCA_TEAM_01_SRR.pdf>]
<Resources/LSPACE/LSPACE-MCA_TEAM_01_SRR.pdf, id=2809, page=38, 614.295pt x 794
.97pt>
File: Resources/LSPACE/LSPACE-MCA_TEAM_01_SRR.pdf Graphic file (type pdf)
<use Resources/LSPACE/LSPACE-MCA_TEAM_01_SRR.pdf, page 38>
Package pdftex.def Info: Resources/LSPACE/LSPACE-MCA_TEAM_01_SRR.pdf , page38 u
sed on input line 212.
(pdftex.def)             Requested size: 597.78697pt x 773.60669pt.
File: Resources/LSPACE/LSPACE-MCA_TEAM_01_SRR.pdf Graphic file (type pdf)
<use Resources/LSPACE/LSPACE-MCA_TEAM_01_SRR.pdf, page 38>
Package pdftex.def Info: Resources/LSPACE/LSPACE-MCA_TEAM_01_SRR.pdf , page38 u
sed on input line 212.
(pdftex.def)             Requested size: 597.78697pt x 773.60669pt.
File: Resources/LSPACE/LSPACE-MCA_TEAM_01_SRR.pdf Graphic file (type pdf)
<use Resources/LSPACE/LSPACE-MCA_TEAM_01_SRR.pdf, page 38>
Package pdftex.def Info: Resources/LSPACE/LSPACE-MCA_TEAM_01_SRR.pdf , page38 u
sed on input line 212.
(pdftex.def)             Requested size: 597.78697pt x 773.60669pt.

[275 <./Resources/LSPACE/LSPACE-MCA_TEAM_01_SRR.pdf>]
<Resources/LSPACE/LSPACE-MCA_TEAM_01_SRR.pdf, id=2819, page=39, 614.295pt x 794
.97pt>
File: Resources/LSPACE/LSPACE-MCA_TEAM_01_SRR.pdf Graphic file (type pdf)
<use Resources/LSPACE/LSPACE-MCA_TEAM_01_SRR.pdf, page 39>
Package pdftex.def Info: Resources/LSPACE/LSPACE-MCA_TEAM_01_SRR.pdf , page39 u
sed on input line 212.
(pdftex.def)             Requested size: 597.78697pt x 773.60669pt.
File: Resources/LSPACE/LSPACE-MCA_TEAM_01_SRR.pdf Graphic file (type pdf)
<use Resources/LSPACE/LSPACE-MCA_TEAM_01_SRR.pdf, page 39>
Package pdftex.def Info: Resources/LSPACE/LSPACE-MCA_TEAM_01_SRR.pdf , page39 u
sed on input line 212.
(pdftex.def)             Requested size: 597.78697pt x 773.60669pt.
File: Resources/LSPACE/LSPACE-MCA_TEAM_01_SRR.pdf Graphic file (type pdf)
<use Resources/LSPACE/LSPACE-MCA_TEAM_01_SRR.pdf, page 39>
Package pdftex.def Info: Resources/LSPACE/LSPACE-MCA_TEAM_01_SRR.pdf , page39 u
sed on input line 212.
(pdftex.def)             Requested size: 597.78697pt x 773.60669pt.
 [276 <./Resources/LSPACE/LSPACE-MCA_TEAM_01_SRR.pdf>]
<Resources/LSPACE/LSPACE-MCA_TEAM_01_SRR.pdf, id=2824, page=40, 614.295pt x 794
.97pt>
File: Resources/LSPACE/LSPACE-MCA_TEAM_01_SRR.pdf Graphic file (type pdf)
<use Resources/LSPACE/LSPACE-MCA_TEAM_01_SRR.pdf, page 40>
Package pdftex.def Info: Resources/LSPACE/LSPACE-MCA_TEAM_01_SRR.pdf , page40 u
sed on input line 212.
(pdftex.def)             Requested size: 597.78697pt x 773.60669pt.
File: Resources/LSPACE/LSPACE-MCA_TEAM_01_SRR.pdf Graphic file (type pdf)
<use Resources/LSPACE/LSPACE-MCA_TEAM_01_SRR.pdf, page 40>
Package pdftex.def Info: Resources/LSPACE/LSPACE-MCA_TEAM_01_SRR.pdf , page40 u
sed on input line 212.
(pdftex.def)             Requested size: 597.78697pt x 773.60669pt.
File: Resources/LSPACE/LSPACE-MCA_TEAM_01_SRR.pdf Graphic file (type pdf)
<use Resources/LSPACE/LSPACE-MCA_TEAM_01_SRR.pdf, page 40>
Package pdftex.def Info: Resources/LSPACE/LSPACE-MCA_TEAM_01_SRR.pdf , page40 u
sed on input line 212.
(pdftex.def)             Requested size: 597.78697pt x 773.60669pt.
 [277 <./Resources/LSPACE/LSPACE-MCA_TEAM_01_SRR.pdf>]
<Resources/LSPACE/LSPACE-MCA_TEAM_01_SRR.pdf, id=2830, page=41, 614.295pt x 794
.97pt>
File: Resources/LSPACE/LSPACE-MCA_TEAM_01_SRR.pdf Graphic file (type pdf)
<use Resources/LSPACE/LSPACE-MCA_TEAM_01_SRR.pdf, page 41>
Package pdftex.def Info: Resources/LSPACE/LSPACE-MCA_TEAM_01_SRR.pdf , page41 u
sed on input line 212.
(pdftex.def)             Requested size: 597.78697pt x 773.60669pt.
File: Resources/LSPACE/LSPACE-MCA_TEAM_01_SRR.pdf Graphic file (type pdf)
<use Resources/LSPACE/LSPACE-MCA_TEAM_01_SRR.pdf, page 41>
Package pdftex.def Info: Resources/LSPACE/LSPACE-MCA_TEAM_01_SRR.pdf , page41 u
sed on input line 212.
(pdftex.def)             Requested size: 597.78697pt x 773.60669pt.
File: Resources/LSPACE/LSPACE-MCA_TEAM_01_SRR.pdf Graphic file (type pdf)
<use Resources/LSPACE/LSPACE-MCA_TEAM_01_SRR.pdf, page 41>
Package pdftex.def Info: Resources/LSPACE/LSPACE-MCA_TEAM_01_SRR.pdf , page41 u
sed on input line 212.
(pdftex.def)             Requested size: 597.78697pt x 773.60669pt.
 [278 <./Resources/LSPACE/LSPACE-MCA_TEAM_01_SRR.pdf>]
<Resources/LSPACE/LSPACE-MCA_TEAM_01_SRR.pdf, id=2836, page=42, 614.295pt x 794
.97pt>
File: Resources/LSPACE/LSPACE-MCA_TEAM_01_SRR.pdf Graphic file (type pdf)
<use Resources/LSPACE/LSPACE-MCA_TEAM_01_SRR.pdf, page 42>
Package pdftex.def Info: Resources/LSPACE/LSPACE-MCA_TEAM_01_SRR.pdf , page42 u
sed on input line 212.
(pdftex.def)             Requested size: 597.78697pt x 773.60669pt.
File: Resources/LSPACE/LSPACE-MCA_TEAM_01_SRR.pdf Graphic file (type pdf)
<use Resources/LSPACE/LSPACE-MCA_TEAM_01_SRR.pdf, page 42>
Package pdftex.def Info: Resources/LSPACE/LSPACE-MCA_TEAM_01_SRR.pdf , page42 u
sed on input line 212.
(pdftex.def)             Requested size: 597.78697pt x 773.60669pt.
File: Resources/LSPACE/LSPACE-MCA_TEAM_01_SRR.pdf Graphic file (type pdf)
<use Resources/LSPACE/LSPACE-MCA_TEAM_01_SRR.pdf, page 42>
Package pdftex.def Info: Resources/LSPACE/LSPACE-MCA_TEAM_01_SRR.pdf , page42 u
sed on input line 212.
(pdftex.def)             Requested size: 597.78697pt x 773.60669pt.
 [279 <./Resources/LSPACE/LSPACE-MCA_TEAM_01_SRR.pdf>]
<Resources/LSPACE/LSPACE-MCA_TEAM_01_SRR.pdf, id=2846, page=43, 614.295pt x 794
.97pt>
File: Resources/LSPACE/LSPACE-MCA_TEAM_01_SRR.pdf Graphic file (type pdf)
<use Resources/LSPACE/LSPACE-MCA_TEAM_01_SRR.pdf, page 43>
Package pdftex.def Info: Resources/LSPACE/LSPACE-MCA_TEAM_01_SRR.pdf , page43 u
sed on input line 212.
(pdftex.def)             Requested size: 597.78697pt x 773.60669pt.
File: Resources/LSPACE/LSPACE-MCA_TEAM_01_SRR.pdf Graphic file (type pdf)
<use Resources/LSPACE/LSPACE-MCA_TEAM_01_SRR.pdf, page 43>
Package pdftex.def Info: Resources/LSPACE/LSPACE-MCA_TEAM_01_SRR.pdf , page43 u
sed on input line 212.
(pdftex.def)             Requested size: 597.78697pt x 773.60669pt.
File: Resources/LSPACE/LSPACE-MCA_TEAM_01_SRR.pdf Graphic file (type pdf)
<use Resources/LSPACE/LSPACE-MCA_TEAM_01_SRR.pdf, page 43>
Package pdftex.def Info: Resources/LSPACE/LSPACE-MCA_TEAM_01_SRR.pdf , page43 u
sed on input line 212.
(pdftex.def)             Requested size: 597.78697pt x 773.60669pt.
 [280 <./Resources/LSPACE/LSPACE-MCA_TEAM_01_SRR.pdf>]
<Resources/LSPACE/LSPACE-MCA_TEAM_01_SRR.pdf, id=2856, page=44, 614.295pt x 794
.97pt>
File: Resources/LSPACE/LSPACE-MCA_TEAM_01_SRR.pdf Graphic file (type pdf)
<use Resources/LSPACE/LSPACE-MCA_TEAM_01_SRR.pdf, page 44>
Package pdftex.def Info: Resources/LSPACE/LSPACE-MCA_TEAM_01_SRR.pdf , page44 u
sed on input line 212.
(pdftex.def)             Requested size: 597.78697pt x 773.60669pt.
File: Resources/LSPACE/LSPACE-MCA_TEAM_01_SRR.pdf Graphic file (type pdf)
<use Resources/LSPACE/LSPACE-MCA_TEAM_01_SRR.pdf, page 44>
Package pdftex.def Info: Resources/LSPACE/LSPACE-MCA_TEAM_01_SRR.pdf , page44 u
sed on input line 212.
(pdftex.def)             Requested size: 597.78697pt x 773.60669pt.
File: Resources/LSPACE/LSPACE-MCA_TEAM_01_SRR.pdf Graphic file (type pdf)
<use Resources/LSPACE/LSPACE-MCA_TEAM_01_SRR.pdf, page 44>
Package pdftex.def Info: Resources/LSPACE/LSPACE-MCA_TEAM_01_SRR.pdf , page44 u
sed on input line 212.
(pdftex.def)             Requested size: 597.78697pt x 773.60669pt.
 [281 <./Resources/LSPACE/LSPACE-MCA_TEAM_01_SRR.pdf>]
<Resources/LSPACE/LSPACE-MCA_TEAM_01_SRR.pdf, id=2861, page=45, 614.295pt x 794
.97pt>
File: Resources/LSPACE/LSPACE-MCA_TEAM_01_SRR.pdf Graphic file (type pdf)
<use Resources/LSPACE/LSPACE-MCA_TEAM_01_SRR.pdf, page 45>
Package pdftex.def Info: Resources/LSPACE/LSPACE-MCA_TEAM_01_SRR.pdf , page45 u
sed on input line 212.
(pdftex.def)             Requested size: 597.78697pt x 773.60669pt.
File: Resources/LSPACE/LSPACE-MCA_TEAM_01_SRR.pdf Graphic file (type pdf)
<use Resources/LSPACE/LSPACE-MCA_TEAM_01_SRR.pdf, page 45>
Package pdftex.def Info: Resources/LSPACE/LSPACE-MCA_TEAM_01_SRR.pdf , page45 u
sed on input line 212.
(pdftex.def)             Requested size: 597.78697pt x 773.60669pt.
File: Resources/LSPACE/LSPACE-MCA_TEAM_01_SRR.pdf Graphic file (type pdf)
<use Resources/LSPACE/LSPACE-MCA_TEAM_01_SRR.pdf, page 45>
Package pdftex.def Info: Resources/LSPACE/LSPACE-MCA_TEAM_01_SRR.pdf , page45 u
sed on input line 212.
(pdftex.def)             Requested size: 597.78697pt x 773.60669pt.
 [282 <./Resources/LSPACE/LSPACE-MCA_TEAM_01_SRR.pdf>]
<Resources/LSPACE/LSPACE-MCA_TEAM_01_SRR.pdf, id=2871, page=46, 614.295pt x 794
.97pt>
File: Resources/LSPACE/LSPACE-MCA_TEAM_01_SRR.pdf Graphic file (type pdf)
<use Resources/LSPACE/LSPACE-MCA_TEAM_01_SRR.pdf, page 46>
Package pdftex.def Info: Resources/LSPACE/LSPACE-MCA_TEAM_01_SRR.pdf , page46 u
sed on input line 212.
(pdftex.def)             Requested size: 597.78697pt x 773.60669pt.
File: Resources/LSPACE/LSPACE-MCA_TEAM_01_SRR.pdf Graphic file (type pdf)
<use Resources/LSPACE/LSPACE-MCA_TEAM_01_SRR.pdf, page 46>
Package pdftex.def Info: Resources/LSPACE/LSPACE-MCA_TEAM_01_SRR.pdf , page46 u
sed on input line 212.
(pdftex.def)             Requested size: 597.78697pt x 773.60669pt.
File: Resources/LSPACE/LSPACE-MCA_TEAM_01_SRR.pdf Graphic file (type pdf)
<use Resources/LSPACE/LSPACE-MCA_TEAM_01_SRR.pdf, page 46>
Package pdftex.def Info: Resources/LSPACE/LSPACE-MCA_TEAM_01_SRR.pdf , page46 u
sed on input line 212.
(pdftex.def)             Requested size: 597.78697pt x 773.60669pt.
 [283 <./Resources/LSPACE/LSPACE-MCA_TEAM_01_SRR.pdf>]
<Resources/LSPACE/LSPACE-MCA_TEAM_01_SRR.pdf, id=2877, page=47, 614.295pt x 794
.97pt>
File: Resources/LSPACE/LSPACE-MCA_TEAM_01_SRR.pdf Graphic file (type pdf)
<use Resources/LSPACE/LSPACE-MCA_TEAM_01_SRR.pdf, page 47>
Package pdftex.def Info: Resources/LSPACE/LSPACE-MCA_TEAM_01_SRR.pdf , page47 u
sed on input line 212.
(pdftex.def)             Requested size: 597.78697pt x 773.60669pt.
File: Resources/LSPACE/LSPACE-MCA_TEAM_01_SRR.pdf Graphic file (type pdf)
<use Resources/LSPACE/LSPACE-MCA_TEAM_01_SRR.pdf, page 47>
Package pdftex.def Info: Resources/LSPACE/LSPACE-MCA_TEAM_01_SRR.pdf , page47 u
sed on input line 212.
(pdftex.def)             Requested size: 597.78697pt x 773.60669pt.
File: Resources/LSPACE/LSPACE-MCA_TEAM_01_SRR.pdf Graphic file (type pdf)
<use Resources/LSPACE/LSPACE-MCA_TEAM_01_SRR.pdf, page 47>
Package pdftex.def Info: Resources/LSPACE/LSPACE-MCA_TEAM_01_SRR.pdf , page47 u
sed on input line 212.
(pdftex.def)             Requested size: 597.78697pt x 773.60669pt.
 [284 <./Resources/LSPACE/LSPACE-MCA_TEAM_01_SRR.pdf>]
<Resources/LSPACE/LSPACE-MCA_TEAM_01_SRR.pdf, id=2882, page=48, 614.295pt x 794
.97pt>
File: Resources/LSPACE/LSPACE-MCA_TEAM_01_SRR.pdf Graphic file (type pdf)
<use Resources/LSPACE/LSPACE-MCA_TEAM_01_SRR.pdf, page 48>
Package pdftex.def Info: Resources/LSPACE/LSPACE-MCA_TEAM_01_SRR.pdf , page48 u
sed on input line 212.
(pdftex.def)             Requested size: 597.78697pt x 773.60669pt.
File: Resources/LSPACE/LSPACE-MCA_TEAM_01_SRR.pdf Graphic file (type pdf)
<use Resources/LSPACE/LSPACE-MCA_TEAM_01_SRR.pdf, page 48>
Package pdftex.def Info: Resources/LSPACE/LSPACE-MCA_TEAM_01_SRR.pdf , page48 u
sed on input line 212.
(pdftex.def)             Requested size: 597.78697pt x 773.60669pt.
File: Resources/LSPACE/LSPACE-MCA_TEAM_01_SRR.pdf Graphic file (type pdf)
<use Resources/LSPACE/LSPACE-MCA_TEAM_01_SRR.pdf, page 48>
Package pdftex.def Info: Resources/LSPACE/LSPACE-MCA_TEAM_01_SRR.pdf , page48 u
sed on input line 212.
(pdftex.def)             Requested size: 597.78697pt x 773.60669pt.
 [285 <./Resources/LSPACE/LSPACE-MCA_TEAM_01_SRR.pdf>]
<Resources/LSPACE/LSPACE-MCA_TEAM_01_SRR.pdf, id=2888, page=49, 614.295pt x 794
.97pt>
File: Resources/LSPACE/LSPACE-MCA_TEAM_01_SRR.pdf Graphic file (type pdf)
<use Resources/LSPACE/LSPACE-MCA_TEAM_01_SRR.pdf, page 49>
Package pdftex.def Info: Resources/LSPACE/LSPACE-MCA_TEAM_01_SRR.pdf , page49 u
sed on input line 212.
(pdftex.def)             Requested size: 597.78697pt x 773.60669pt.
File: Resources/LSPACE/LSPACE-MCA_TEAM_01_SRR.pdf Graphic file (type pdf)
<use Resources/LSPACE/LSPACE-MCA_TEAM_01_SRR.pdf, page 49>
Package pdftex.def Info: Resources/LSPACE/LSPACE-MCA_TEAM_01_SRR.pdf , page49 u
sed on input line 212.
(pdftex.def)             Requested size: 597.78697pt x 773.60669pt.
File: Resources/LSPACE/LSPACE-MCA_TEAM_01_SRR.pdf Graphic file (type pdf)
<use Resources/LSPACE/LSPACE-MCA_TEAM_01_SRR.pdf, page 49>
Package pdftex.def Info: Resources/LSPACE/LSPACE-MCA_TEAM_01_SRR.pdf , page49 u
sed on input line 212.
(pdftex.def)             Requested size: 597.78697pt x 773.60669pt.
 [286 <./Resources/LSPACE/LSPACE-MCA_TEAM_01_SRR.pdf>]
<Resources/LSPACE/LSPACE-MCA_TEAM_01_SRR.pdf, id=2900, page=50, 614.295pt x 794
.97pt>
File: Resources/LSPACE/LSPACE-MCA_TEAM_01_SRR.pdf Graphic file (type pdf)
<use Resources/LSPACE/LSPACE-MCA_TEAM_01_SRR.pdf, page 50>
Package pdftex.def Info: Resources/LSPACE/LSPACE-MCA_TEAM_01_SRR.pdf , page50 u
sed on input line 212.
(pdftex.def)             Requested size: 597.78697pt x 773.60669pt.
File: Resources/LSPACE/LSPACE-MCA_TEAM_01_SRR.pdf Graphic file (type pdf)
<use Resources/LSPACE/LSPACE-MCA_TEAM_01_SRR.pdf, page 50>
Package pdftex.def Info: Resources/LSPACE/LSPACE-MCA_TEAM_01_SRR.pdf , page50 u
sed on input line 212.
(pdftex.def)             Requested size: 597.78697pt x 773.60669pt.
File: Resources/LSPACE/LSPACE-MCA_TEAM_01_SRR.pdf Graphic file (type pdf)
<use Resources/LSPACE/LSPACE-MCA_TEAM_01_SRR.pdf, page 50>
Package pdftex.def Info: Resources/LSPACE/LSPACE-MCA_TEAM_01_SRR.pdf , page50 u
sed on input line 212.
(pdftex.def)             Requested size: 597.78697pt x 773.60669pt.
 [287 <./Resources/LSPACE/LSPACE-MCA_TEAM_01_SRR.pdf>]
<Resources/LSPACE/LSPACE-MCA_TEAM_01_SRR.pdf, id=2905, page=51, 614.295pt x 794
.97pt>
File: Resources/LSPACE/LSPACE-MCA_TEAM_01_SRR.pdf Graphic file (type pdf)
<use Resources/LSPACE/LSPACE-MCA_TEAM_01_SRR.pdf, page 51>
Package pdftex.def Info: Resources/LSPACE/LSPACE-MCA_TEAM_01_SRR.pdf , page51 u
sed on input line 212.
(pdftex.def)             Requested size: 597.78697pt x 773.60669pt.
File: Resources/LSPACE/LSPACE-MCA_TEAM_01_SRR.pdf Graphic file (type pdf)
<use Resources/LSPACE/LSPACE-MCA_TEAM_01_SRR.pdf, page 51>
Package pdftex.def Info: Resources/LSPACE/LSPACE-MCA_TEAM_01_SRR.pdf , page51 u
sed on input line 212.
(pdftex.def)             Requested size: 597.78697pt x 773.60669pt.
File: Resources/LSPACE/LSPACE-MCA_TEAM_01_SRR.pdf Graphic file (type pdf)
<use Resources/LSPACE/LSPACE-MCA_TEAM_01_SRR.pdf, page 51>
Package pdftex.def Info: Resources/LSPACE/LSPACE-MCA_TEAM_01_SRR.pdf , page51 u
sed on input line 212.
(pdftex.def)             Requested size: 597.78697pt x 773.60669pt.
 [288 <./Resources/LSPACE/LSPACE-MCA_TEAM_01_SRR.pdf>]
<Resources/LSPACE/LSPACE-MCA_TEAM_01_SRR.pdf, id=2910, page=52, 614.295pt x 794
.97pt>
File: Resources/LSPACE/LSPACE-MCA_TEAM_01_SRR.pdf Graphic file (type pdf)
<use Resources/LSPACE/LSPACE-MCA_TEAM_01_SRR.pdf, page 52>
Package pdftex.def Info: Resources/LSPACE/LSPACE-MCA_TEAM_01_SRR.pdf , page52 u
sed on input line 212.
(pdftex.def)             Requested size: 597.78697pt x 773.60669pt.
File: Resources/LSPACE/LSPACE-MCA_TEAM_01_SRR.pdf Graphic file (type pdf)
<use Resources/LSPACE/LSPACE-MCA_TEAM_01_SRR.pdf, page 52>
Package pdftex.def Info: Resources/LSPACE/LSPACE-MCA_TEAM_01_SRR.pdf , page52 u
sed on input line 212.
(pdftex.def)             Requested size: 597.78697pt x 773.60669pt.
File: Resources/LSPACE/LSPACE-MCA_TEAM_01_SRR.pdf Graphic file (type pdf)
<use Resources/LSPACE/LSPACE-MCA_TEAM_01_SRR.pdf, page 52>
Package pdftex.def Info: Resources/LSPACE/LSPACE-MCA_TEAM_01_SRR.pdf , page52 u
sed on input line 212.
(pdftex.def)             Requested size: 597.78697pt x 773.60669pt.
 [289 <./Resources/LSPACE/LSPACE-MCA_TEAM_01_SRR.pdf>]
<Resources/LSPACE/LSPACE-MCA_TEAM_01_SRR.pdf, id=2921, page=53, 614.295pt x 794
.97pt>
File: Resources/LSPACE/LSPACE-MCA_TEAM_01_SRR.pdf Graphic file (type pdf)
<use Resources/LSPACE/LSPACE-MCA_TEAM_01_SRR.pdf, page 53>
Package pdftex.def Info: Resources/LSPACE/LSPACE-MCA_TEAM_01_SRR.pdf , page53 u
sed on input line 212.
(pdftex.def)             Requested size: 597.78697pt x 773.60669pt.
File: Resources/LSPACE/LSPACE-MCA_TEAM_01_SRR.pdf Graphic file (type pdf)
<use Resources/LSPACE/LSPACE-MCA_TEAM_01_SRR.pdf, page 53>
Package pdftex.def Info: Resources/LSPACE/LSPACE-MCA_TEAM_01_SRR.pdf , page53 u
sed on input line 212.
(pdftex.def)             Requested size: 597.78697pt x 773.60669pt.
File: Resources/LSPACE/LSPACE-MCA_TEAM_01_SRR.pdf Graphic file (type pdf)
<use Resources/LSPACE/LSPACE-MCA_TEAM_01_SRR.pdf, page 53>
Package pdftex.def Info: Resources/LSPACE/LSPACE-MCA_TEAM_01_SRR.pdf , page53 u
sed on input line 212.
(pdftex.def)             Requested size: 597.78697pt x 773.60669pt.
 [290 <./Resources/LSPACE/LSPACE-MCA_TEAM_01_SRR.pdf>]
<Resources/LSPACE/LSPACE-MCA_TEAM_01_SRR.pdf, id=2931, page=54, 614.295pt x 794
.97pt>
File: Resources/LSPACE/LSPACE-MCA_TEAM_01_SRR.pdf Graphic file (type pdf)
<use Resources/LSPACE/LSPACE-MCA_TEAM_01_SRR.pdf, page 54>
Package pdftex.def Info: Resources/LSPACE/LSPACE-MCA_TEAM_01_SRR.pdf , page54 u
sed on input line 212.
(pdftex.def)             Requested size: 597.78697pt x 773.60669pt.
File: Resources/LSPACE/LSPACE-MCA_TEAM_01_SRR.pdf Graphic file (type pdf)
<use Resources/LSPACE/LSPACE-MCA_TEAM_01_SRR.pdf, page 54>
Package pdftex.def Info: Resources/LSPACE/LSPACE-MCA_TEAM_01_SRR.pdf , page54 u
sed on input line 212.
(pdftex.def)             Requested size: 597.78697pt x 773.60669pt.
File: Resources/LSPACE/LSPACE-MCA_TEAM_01_SRR.pdf Graphic file (type pdf)
<use Resources/LSPACE/LSPACE-MCA_TEAM_01_SRR.pdf, page 54>
Package pdftex.def Info: Resources/LSPACE/LSPACE-MCA_TEAM_01_SRR.pdf , page54 u
sed on input line 212.
(pdftex.def)             Requested size: 597.78697pt x 773.60669pt.

[291 <./Resources/LSPACE/LSPACE-MCA_TEAM_01_SRR.pdf>]
<Resources/LSPACE/LSPACE-MCA_TEAM_01_SRR.pdf, id=2936, page=55, 614.295pt x 794
.97pt>
File: Resources/LSPACE/LSPACE-MCA_TEAM_01_SRR.pdf Graphic file (type pdf)
<use Resources/LSPACE/LSPACE-MCA_TEAM_01_SRR.pdf, page 55>
Package pdftex.def Info: Resources/LSPACE/LSPACE-MCA_TEAM_01_SRR.pdf , page55 u
sed on input line 212.
(pdftex.def)             Requested size: 597.78697pt x 773.60669pt.
File: Resources/LSPACE/LSPACE-MCA_TEAM_01_SRR.pdf Graphic file (type pdf)
<use Resources/LSPACE/LSPACE-MCA_TEAM_01_SRR.pdf, page 55>
Package pdftex.def Info: Resources/LSPACE/LSPACE-MCA_TEAM_01_SRR.pdf , page55 u
sed on input line 212.
(pdftex.def)             Requested size: 597.78697pt x 773.60669pt.
File: Resources/LSPACE/LSPACE-MCA_TEAM_01_SRR.pdf Graphic file (type pdf)
<use Resources/LSPACE/LSPACE-MCA_TEAM_01_SRR.pdf, page 55>
Package pdftex.def Info: Resources/LSPACE/LSPACE-MCA_TEAM_01_SRR.pdf , page55 u
sed on input line 212.
(pdftex.def)             Requested size: 597.78697pt x 773.60669pt.
 [292 <./Resources/LSPACE/LSPACE-MCA_TEAM_01_SRR.pdf>]
<Resources/LSPACE/LSPACE-MCA_TEAM_01_SRR.pdf, id=2941, page=56, 614.295pt x 794
.97pt>
File: Resources/LSPACE/LSPACE-MCA_TEAM_01_SRR.pdf Graphic file (type pdf)
<use Resources/LSPACE/LSPACE-MCA_TEAM_01_SRR.pdf, page 56>
Package pdftex.def Info: Resources/LSPACE/LSPACE-MCA_TEAM_01_SRR.pdf , page56 u
sed on input line 212.
(pdftex.def)             Requested size: 597.78697pt x 773.60669pt.
File: Resources/LSPACE/LSPACE-MCA_TEAM_01_SRR.pdf Graphic file (type pdf)
<use Resources/LSPACE/LSPACE-MCA_TEAM_01_SRR.pdf, page 56>
Package pdftex.def Info: Resources/LSPACE/LSPACE-MCA_TEAM_01_SRR.pdf , page56 u
sed on input line 212.
(pdftex.def)             Requested size: 597.78697pt x 773.60669pt.
File: Resources/LSPACE/LSPACE-MCA_TEAM_01_SRR.pdf Graphic file (type pdf)
<use Resources/LSPACE/LSPACE-MCA_TEAM_01_SRR.pdf, page 56>
Package pdftex.def Info: Resources/LSPACE/LSPACE-MCA_TEAM_01_SRR.pdf , page56 u
sed on input line 212.
(pdftex.def)             Requested size: 597.78697pt x 773.60669pt.
 [293 <./Resources/LSPACE/LSPACE-MCA_TEAM_01_SRR.pdf>]
<Resources/LSPACE/LSPACE-MCA_TEAM_01_SRR.pdf, id=2946, page=57, 614.295pt x 794
.97pt>
File: Resources/LSPACE/LSPACE-MCA_TEAM_01_SRR.pdf Graphic file (type pdf)
<use Resources/LSPACE/LSPACE-MCA_TEAM_01_SRR.pdf, page 57>
Package pdftex.def Info: Resources/LSPACE/LSPACE-MCA_TEAM_01_SRR.pdf , page57 u
sed on input line 212.
(pdftex.def)             Requested size: 597.78697pt x 773.60669pt.
File: Resources/LSPACE/LSPACE-MCA_TEAM_01_SRR.pdf Graphic file (type pdf)
<use Resources/LSPACE/LSPACE-MCA_TEAM_01_SRR.pdf, page 57>
Package pdftex.def Info: Resources/LSPACE/LSPACE-MCA_TEAM_01_SRR.pdf , page57 u
sed on input line 212.
(pdftex.def)             Requested size: 597.78697pt x 773.60669pt.
File: Resources/LSPACE/LSPACE-MCA_TEAM_01_SRR.pdf Graphic file (type pdf)
<use Resources/LSPACE/LSPACE-MCA_TEAM_01_SRR.pdf, page 57>
Package pdftex.def Info: Resources/LSPACE/LSPACE-MCA_TEAM_01_SRR.pdf , page57 u
sed on input line 212.
(pdftex.def)             Requested size: 597.78697pt x 773.60669pt.
 [294 <./Resources/LSPACE/LSPACE-MCA_TEAM_01_SRR.pdf>]
<Resources/LSPACE/LSPACE-MCA_TEAM_01_SRR.pdf, id=2951, page=58, 614.295pt x 794
.97pt>
File: Resources/LSPACE/LSPACE-MCA_TEAM_01_SRR.pdf Graphic file (type pdf)
<use Resources/LSPACE/LSPACE-MCA_TEAM_01_SRR.pdf, page 58>
Package pdftex.def Info: Resources/LSPACE/LSPACE-MCA_TEAM_01_SRR.pdf , page58 u
sed on input line 212.
(pdftex.def)             Requested size: 597.78697pt x 773.60669pt.
File: Resources/LSPACE/LSPACE-MCA_TEAM_01_SRR.pdf Graphic file (type pdf)
<use Resources/LSPACE/LSPACE-MCA_TEAM_01_SRR.pdf, page 58>
Package pdftex.def Info: Resources/LSPACE/LSPACE-MCA_TEAM_01_SRR.pdf , page58 u
sed on input line 212.
(pdftex.def)             Requested size: 597.78697pt x 773.60669pt.
File: Resources/LSPACE/LSPACE-MCA_TEAM_01_SRR.pdf Graphic file (type pdf)
<use Resources/LSPACE/LSPACE-MCA_TEAM_01_SRR.pdf, page 58>
Package pdftex.def Info: Resources/LSPACE/LSPACE-MCA_TEAM_01_SRR.pdf , page58 u
sed on input line 212.
(pdftex.def)             Requested size: 597.78697pt x 773.60669pt.
 [295 <./Resources/LSPACE/LSPACE-MCA_TEAM_01_SRR.pdf>]
<Resources/LSPACE/LSPACE-MCA_TEAM_01_SRR.pdf, id=2957, page=59, 614.295pt x 794
.97pt>
File: Resources/LSPACE/LSPACE-MCA_TEAM_01_SRR.pdf Graphic file (type pdf)
<use Resources/LSPACE/LSPACE-MCA_TEAM_01_SRR.pdf, page 59>
Package pdftex.def Info: Resources/LSPACE/LSPACE-MCA_TEAM_01_SRR.pdf , page59 u
sed on input line 212.
(pdftex.def)             Requested size: 597.78697pt x 773.60669pt.
File: Resources/LSPACE/LSPACE-MCA_TEAM_01_SRR.pdf Graphic file (type pdf)
<use Resources/LSPACE/LSPACE-MCA_TEAM_01_SRR.pdf, page 59>
Package pdftex.def Info: Resources/LSPACE/LSPACE-MCA_TEAM_01_SRR.pdf , page59 u
sed on input line 212.
(pdftex.def)             Requested size: 597.78697pt x 773.60669pt.
File: Resources/LSPACE/LSPACE-MCA_TEAM_01_SRR.pdf Graphic file (type pdf)
<use Resources/LSPACE/LSPACE-MCA_TEAM_01_SRR.pdf, page 59>
Package pdftex.def Info: Resources/LSPACE/LSPACE-MCA_TEAM_01_SRR.pdf , page59 u
sed on input line 212.
(pdftex.def)             Requested size: 597.78697pt x 773.60669pt.
 [296 <./Resources/LSPACE/LSPACE-MCA_TEAM_01_SRR.pdf>]
<Resources/LSPACE/LSPACE-MCA_TEAM_01_SRR.pdf, id=2982, page=60, 614.295pt x 794
.97pt>
File: Resources/LSPACE/LSPACE-MCA_TEAM_01_SRR.pdf Graphic file (type pdf)
<use Resources/LSPACE/LSPACE-MCA_TEAM_01_SRR.pdf, page 60>
Package pdftex.def Info: Resources/LSPACE/LSPACE-MCA_TEAM_01_SRR.pdf , page60 u
sed on input line 212.
(pdftex.def)             Requested size: 597.78697pt x 773.60669pt.
File: Resources/LSPACE/LSPACE-MCA_TEAM_01_SRR.pdf Graphic file (type pdf)
<use Resources/LSPACE/LSPACE-MCA_TEAM_01_SRR.pdf, page 60>
Package pdftex.def Info: Resources/LSPACE/LSPACE-MCA_TEAM_01_SRR.pdf , page60 u
sed on input line 212.
(pdftex.def)             Requested size: 597.78697pt x 773.60669pt.
File: Resources/LSPACE/LSPACE-MCA_TEAM_01_SRR.pdf Graphic file (type pdf)
<use Resources/LSPACE/LSPACE-MCA_TEAM_01_SRR.pdf, page 60>
Package pdftex.def Info: Resources/LSPACE/LSPACE-MCA_TEAM_01_SRR.pdf , page60 u
sed on input line 212.
(pdftex.def)             Requested size: 597.78697pt x 773.60669pt.
 [297 <./Resources/LSPACE/LSPACE-MCA_TEAM_01_SRR.pdf>]
<Resources/LSPACE/LSPACE-MCA_TEAM_01_SRR.pdf, id=2987, page=61, 614.295pt x 794
.97pt>
File: Resources/LSPACE/LSPACE-MCA_TEAM_01_SRR.pdf Graphic file (type pdf)
<use Resources/LSPACE/LSPACE-MCA_TEAM_01_SRR.pdf, page 61>
Package pdftex.def Info: Resources/LSPACE/LSPACE-MCA_TEAM_01_SRR.pdf , page61 u
sed on input line 212.
(pdftex.def)             Requested size: 597.78697pt x 773.60669pt.
File: Resources/LSPACE/LSPACE-MCA_TEAM_01_SRR.pdf Graphic file (type pdf)
<use Resources/LSPACE/LSPACE-MCA_TEAM_01_SRR.pdf, page 61>
Package pdftex.def Info: Resources/LSPACE/LSPACE-MCA_TEAM_01_SRR.pdf , page61 u
sed on input line 212.
(pdftex.def)             Requested size: 597.78697pt x 773.60669pt.
File: Resources/LSPACE/LSPACE-MCA_TEAM_01_SRR.pdf Graphic file (type pdf)
<use Resources/LSPACE/LSPACE-MCA_TEAM_01_SRR.pdf, page 61>
Package pdftex.def Info: Resources/LSPACE/LSPACE-MCA_TEAM_01_SRR.pdf , page61 u
sed on input line 212.
(pdftex.def)             Requested size: 597.78697pt x 773.60669pt.
 [298 <./Resources/LSPACE/LSPACE-MCA_TEAM_01_SRR.pdf>]
<Resources/LSPACE/LSPACE-MCA_TEAM_01_SRR.pdf, id=2992, page=62, 614.295pt x 794
.97pt>
File: Resources/LSPACE/LSPACE-MCA_TEAM_01_SRR.pdf Graphic file (type pdf)
<use Resources/LSPACE/LSPACE-MCA_TEAM_01_SRR.pdf, page 62>
Package pdftex.def Info: Resources/LSPACE/LSPACE-MCA_TEAM_01_SRR.pdf , page62 u
sed on input line 212.
(pdftex.def)             Requested size: 597.78697pt x 773.60669pt.
File: Resources/LSPACE/LSPACE-MCA_TEAM_01_SRR.pdf Graphic file (type pdf)
<use Resources/LSPACE/LSPACE-MCA_TEAM_01_SRR.pdf, page 62>
Package pdftex.def Info: Resources/LSPACE/LSPACE-MCA_TEAM_01_SRR.pdf , page62 u
sed on input line 212.
(pdftex.def)             Requested size: 597.78697pt x 773.60669pt.
File: Resources/LSPACE/LSPACE-MCA_TEAM_01_SRR.pdf Graphic file (type pdf)
<use Resources/LSPACE/LSPACE-MCA_TEAM_01_SRR.pdf, page 62>
Package pdftex.def Info: Resources/LSPACE/LSPACE-MCA_TEAM_01_SRR.pdf , page62 u
sed on input line 212.
(pdftex.def)             Requested size: 597.78697pt x 773.60669pt.
 [299 <./Resources/LSPACE/LSPACE-MCA_TEAM_01_SRR.pdf>]
<Resources/LSPACE/LSPACE-MCA_TEAM_01_SRR.pdf, id=2999, page=63, 614.295pt x 794
.97pt>
File: Resources/LSPACE/LSPACE-MCA_TEAM_01_SRR.pdf Graphic file (type pdf)
<use Resources/LSPACE/LSPACE-MCA_TEAM_01_SRR.pdf, page 63>
Package pdftex.def Info: Resources/LSPACE/LSPACE-MCA_TEAM_01_SRR.pdf , page63 u
sed on input line 212.
(pdftex.def)             Requested size: 597.78697pt x 773.60669pt.
File: Resources/LSPACE/LSPACE-MCA_TEAM_01_SRR.pdf Graphic file (type pdf)
<use Resources/LSPACE/LSPACE-MCA_TEAM_01_SRR.pdf, page 63>
Package pdftex.def Info: Resources/LSPACE/LSPACE-MCA_TEAM_01_SRR.pdf , page63 u
sed on input line 212.
(pdftex.def)             Requested size: 597.78697pt x 773.60669pt.
File: Resources/LSPACE/LSPACE-MCA_TEAM_01_SRR.pdf Graphic file (type pdf)
<use Resources/LSPACE/LSPACE-MCA_TEAM_01_SRR.pdf, page 63>
Package pdftex.def Info: Resources/LSPACE/LSPACE-MCA_TEAM_01_SRR.pdf , page63 u
sed on input line 212.
(pdftex.def)             Requested size: 597.78697pt x 773.60669pt.
 [300 <./Resources/LSPACE/LSPACE-MCA_TEAM_01_SRR.pdf>]
<Resources/LSPACE/LSPACE-MCA_TEAM_01_SRR.pdf, id=3004, page=64, 614.295pt x 794
.97pt>
File: Resources/LSPACE/LSPACE-MCA_TEAM_01_SRR.pdf Graphic file (type pdf)
<use Resources/LSPACE/LSPACE-MCA_TEAM_01_SRR.pdf, page 64>
Package pdftex.def Info: Resources/LSPACE/LSPACE-MCA_TEAM_01_SRR.pdf , page64 u
sed on input line 212.
(pdftex.def)             Requested size: 597.78697pt x 773.60669pt.
File: Resources/LSPACE/LSPACE-MCA_TEAM_01_SRR.pdf Graphic file (type pdf)
<use Resources/LSPACE/LSPACE-MCA_TEAM_01_SRR.pdf, page 64>
Package pdftex.def Info: Resources/LSPACE/LSPACE-MCA_TEAM_01_SRR.pdf , page64 u
sed on input line 212.
(pdftex.def)             Requested size: 597.78697pt x 773.60669pt.
File: Resources/LSPACE/LSPACE-MCA_TEAM_01_SRR.pdf Graphic file (type pdf)
<use Resources/LSPACE/LSPACE-MCA_TEAM_01_SRR.pdf, page 64>
Package pdftex.def Info: Resources/LSPACE/LSPACE-MCA_TEAM_01_SRR.pdf , page64 u
sed on input line 212.
(pdftex.def)             Requested size: 597.78697pt x 773.60669pt.
 [301 <./Resources/LSPACE/LSPACE-MCA_TEAM_01_SRR.pdf>]
<Resources/LSPACE/LSPACE-MCA_TEAM_01_SRR.pdf, id=3010, page=65, 614.295pt x 794
.97pt>
File: Resources/LSPACE/LSPACE-MCA_TEAM_01_SRR.pdf Graphic file (type pdf)
<use Resources/LSPACE/LSPACE-MCA_TEAM_01_SRR.pdf, page 65>
Package pdftex.def Info: Resources/LSPACE/LSPACE-MCA_TEAM_01_SRR.pdf , page65 u
sed on input line 212.
(pdftex.def)             Requested size: 597.78697pt x 773.60669pt.
File: Resources/LSPACE/LSPACE-MCA_TEAM_01_SRR.pdf Graphic file (type pdf)
<use Resources/LSPACE/LSPACE-MCA_TEAM_01_SRR.pdf, page 65>
Package pdftex.def Info: Resources/LSPACE/LSPACE-MCA_TEAM_01_SRR.pdf , page65 u
sed on input line 212.
(pdftex.def)             Requested size: 597.78697pt x 773.60669pt.
File: Resources/LSPACE/LSPACE-MCA_TEAM_01_SRR.pdf Graphic file (type pdf)
<use Resources/LSPACE/LSPACE-MCA_TEAM_01_SRR.pdf, page 65>
Package pdftex.def Info: Resources/LSPACE/LSPACE-MCA_TEAM_01_SRR.pdf , page65 u
sed on input line 212.
(pdftex.def)             Requested size: 597.78697pt x 773.60669pt.
 [302 <./Resources/LSPACE/LSPACE-MCA_TEAM_01_SRR.pdf>]
<Resources/LSPACE/LSPACE-MCA_TEAM_01_SRR.pdf, id=3015, page=66, 614.295pt x 794
.97pt>
File: Resources/LSPACE/LSPACE-MCA_TEAM_01_SRR.pdf Graphic file (type pdf)
<use Resources/LSPACE/LSPACE-MCA_TEAM_01_SRR.pdf, page 66>
Package pdftex.def Info: Resources/LSPACE/LSPACE-MCA_TEAM_01_SRR.pdf , page66 u
sed on input line 212.
(pdftex.def)             Requested size: 597.78697pt x 773.60669pt.
File: Resources/LSPACE/LSPACE-MCA_TEAM_01_SRR.pdf Graphic file (type pdf)
<use Resources/LSPACE/LSPACE-MCA_TEAM_01_SRR.pdf, page 66>
Package pdftex.def Info: Resources/LSPACE/LSPACE-MCA_TEAM_01_SRR.pdf , page66 u
sed on input line 212.
(pdftex.def)             Requested size: 597.78697pt x 773.60669pt.
File: Resources/LSPACE/LSPACE-MCA_TEAM_01_SRR.pdf Graphic file (type pdf)
<use Resources/LSPACE/LSPACE-MCA_TEAM_01_SRR.pdf, page 66>
Package pdftex.def Info: Resources/LSPACE/LSPACE-MCA_TEAM_01_SRR.pdf , page66 u
sed on input line 212.
(pdftex.def)             Requested size: 597.78697pt x 773.60669pt.
 [303 <./Resources/LSPACE/LSPACE-MCA_TEAM_01_SRR.pdf>]
<Resources/LSPACE/LSPACE-MCA_TEAM_01_SRR.pdf, id=3020, page=67, 794.97pt x 614.
295pt>
File: Resources/LSPACE/LSPACE-MCA_TEAM_01_SRR.pdf Graphic file (type pdf)
<use Resources/LSPACE/LSPACE-MCA_TEAM_01_SRR.pdf, page 67>
Package pdftex.def Info: Resources/LSPACE/LSPACE-MCA_TEAM_01_SRR.pdf , page67 u
sed on input line 212.
(pdftex.def)             Requested size: 773.60669pt x 597.78697pt.
File: Resources/LSPACE/LSPACE-MCA_TEAM_01_SRR.pdf Graphic file (type pdf)
<use Resources/LSPACE/LSPACE-MCA_TEAM_01_SRR.pdf, page 67>
Package pdftex.def Info: Resources/LSPACE/LSPACE-MCA_TEAM_01_SRR.pdf , page67 u
sed on input line 212.
(pdftex.def)             Requested size: 773.60669pt x 597.78697pt.
File: Resources/LSPACE/LSPACE-MCA_TEAM_01_SRR.pdf Graphic file (type pdf)
<use Resources/LSPACE/LSPACE-MCA_TEAM_01_SRR.pdf, page 67>
Package pdftex.def Info: Resources/LSPACE/LSPACE-MCA_TEAM_01_SRR.pdf , page67 u
sed on input line 212.
(pdftex.def)             Requested size: 773.60669pt x 597.78697pt.
 [304 <./Resources/LSPACE/LSPACE-MCA_TEAM_01_SRR.pdf>]
<Resources/LSPACE/LSPACE-MCA_TEAM_01_SRR.pdf, id=3102, page=68, 614.295pt x 794
.97pt>
File: Resources/LSPACE/LSPACE-MCA_TEAM_01_SRR.pdf Graphic file (type pdf)
<use Resources/LSPACE/LSPACE-MCA_TEAM_01_SRR.pdf, page 68>
Package pdftex.def Info: Resources/LSPACE/LSPACE-MCA_TEAM_01_SRR.pdf , page68 u
sed on input line 212.
(pdftex.def)             Requested size: 597.78697pt x 773.60669pt.
File: Resources/LSPACE/LSPACE-MCA_TEAM_01_SRR.pdf Graphic file (type pdf)
<use Resources/LSPACE/LSPACE-MCA_TEAM_01_SRR.pdf, page 68>
Package pdftex.def Info: Resources/LSPACE/LSPACE-MCA_TEAM_01_SRR.pdf , page68 u
sed on input line 212.
(pdftex.def)             Requested size: 597.78697pt x 773.60669pt.
File: Resources/LSPACE/LSPACE-MCA_TEAM_01_SRR.pdf Graphic file (type pdf)
<use Resources/LSPACE/LSPACE-MCA_TEAM_01_SRR.pdf, page 68>
Package pdftex.def Info: Resources/LSPACE/LSPACE-MCA_TEAM_01_SRR.pdf , page68 u
sed on input line 212.
(pdftex.def)             Requested size: 597.78697pt x 773.60669pt.
 [305 <./Resources/LSPACE/LSPACE-MCA_TEAM_01_SRR.pdf>]
<Resources/LSPACE/LSPACE-MCA_TEAM_01_SRR.pdf, id=3107, page=69, 614.295pt x 794
.97pt>
File: Resources/LSPACE/LSPACE-MCA_TEAM_01_SRR.pdf Graphic file (type pdf)
<use Resources/LSPACE/LSPACE-MCA_TEAM_01_SRR.pdf, page 69>
Package pdftex.def Info: Resources/LSPACE/LSPACE-MCA_TEAM_01_SRR.pdf , page69 u
sed on input line 212.
(pdftex.def)             Requested size: 597.78697pt x 773.60669pt.
File: Resources/LSPACE/LSPACE-MCA_TEAM_01_SRR.pdf Graphic file (type pdf)
<use Resources/LSPACE/LSPACE-MCA_TEAM_01_SRR.pdf, page 69>
Package pdftex.def Info: Resources/LSPACE/LSPACE-MCA_TEAM_01_SRR.pdf , page69 u
sed on input line 212.
(pdftex.def)             Requested size: 597.78697pt x 773.60669pt.
File: Resources/LSPACE/LSPACE-MCA_TEAM_01_SRR.pdf Graphic file (type pdf)
<use Resources/LSPACE/LSPACE-MCA_TEAM_01_SRR.pdf, page 69>
Package pdftex.def Info: Resources/LSPACE/LSPACE-MCA_TEAM_01_SRR.pdf , page69 u
sed on input line 212.
(pdftex.def)             Requested size: 597.78697pt x 773.60669pt.
 [306 <./Resources/LSPACE/LSPACE-MCA_TEAM_01_SRR.pdf>]
<Resources/LSPACE/LSPACE-MCA_TEAM_01_SRR.pdf, id=3112, page=70, 614.295pt x 794
.97pt>
File: Resources/LSPACE/LSPACE-MCA_TEAM_01_SRR.pdf Graphic file (type pdf)
<use Resources/LSPACE/LSPACE-MCA_TEAM_01_SRR.pdf, page 70>
Package pdftex.def Info: Resources/LSPACE/LSPACE-MCA_TEAM_01_SRR.pdf , page70 u
sed on input line 212.
(pdftex.def)             Requested size: 597.78697pt x 773.60669pt.
File: Resources/LSPACE/LSPACE-MCA_TEAM_01_SRR.pdf Graphic file (type pdf)
<use Resources/LSPACE/LSPACE-MCA_TEAM_01_SRR.pdf, page 70>
Package pdftex.def Info: Resources/LSPACE/LSPACE-MCA_TEAM_01_SRR.pdf , page70 u
sed on input line 212.
(pdftex.def)             Requested size: 597.78697pt x 773.60669pt.
File: Resources/LSPACE/LSPACE-MCA_TEAM_01_SRR.pdf Graphic file (type pdf)
<use Resources/LSPACE/LSPACE-MCA_TEAM_01_SRR.pdf, page 70>
Package pdftex.def Info: Resources/LSPACE/LSPACE-MCA_TEAM_01_SRR.pdf , page70 u
sed on input line 212.
(pdftex.def)             Requested size: 597.78697pt x 773.60669pt.

[307 <./Resources/LSPACE/LSPACE-MCA_TEAM_01_SRR.pdf>]
<Resources/LSPACE/LSPACE-MCA_TEAM_01_SRR.pdf, id=3119, page=71, 614.295pt x 794
.97pt>
File: Resources/LSPACE/LSPACE-MCA_TEAM_01_SRR.pdf Graphic file (type pdf)
<use Resources/LSPACE/LSPACE-MCA_TEAM_01_SRR.pdf, page 71>
Package pdftex.def Info: Resources/LSPACE/LSPACE-MCA_TEAM_01_SRR.pdf , page71 u
sed on input line 212.
(pdftex.def)             Requested size: 597.78697pt x 773.60669pt.
File: Resources/LSPACE/LSPACE-MCA_TEAM_01_SRR.pdf Graphic file (type pdf)
<use Resources/LSPACE/LSPACE-MCA_TEAM_01_SRR.pdf, page 71>
Package pdftex.def Info: Resources/LSPACE/LSPACE-MCA_TEAM_01_SRR.pdf , page71 u
sed on input line 212.
(pdftex.def)             Requested size: 597.78697pt x 773.60669pt.
File: Resources/LSPACE/LSPACE-MCA_TEAM_01_SRR.pdf Graphic file (type pdf)
<use Resources/LSPACE/LSPACE-MCA_TEAM_01_SRR.pdf, page 71>
Package pdftex.def Info: Resources/LSPACE/LSPACE-MCA_TEAM_01_SRR.pdf , page71 u
sed on input line 212.
(pdftex.def)             Requested size: 597.78697pt x 773.60669pt.
 [308 <./Resources/LSPACE/LSPACE-MCA_TEAM_01_SRR.pdf>]
<Resources/LSPACE/LSPACE-MCA_TEAM_01_SRR.pdf, id=3127, page=72, 614.295pt x 794
.97pt>
File: Resources/LSPACE/LSPACE-MCA_TEAM_01_SRR.pdf Graphic file (type pdf)
<use Resources/LSPACE/LSPACE-MCA_TEAM_01_SRR.pdf, page 72>
Package pdftex.def Info: Resources/LSPACE/LSPACE-MCA_TEAM_01_SRR.pdf , page72 u
sed on input line 212.
(pdftex.def)             Requested size: 597.78697pt x 773.60669pt.
File: Resources/LSPACE/LSPACE-MCA_TEAM_01_SRR.pdf Graphic file (type pdf)
<use Resources/LSPACE/LSPACE-MCA_TEAM_01_SRR.pdf, page 72>
Package pdftex.def Info: Resources/LSPACE/LSPACE-MCA_TEAM_01_SRR.pdf , page72 u
sed on input line 212.
(pdftex.def)             Requested size: 597.78697pt x 773.60669pt.
File: Resources/LSPACE/LSPACE-MCA_TEAM_01_SRR.pdf Graphic file (type pdf)
<use Resources/LSPACE/LSPACE-MCA_TEAM_01_SRR.pdf, page 72>
Package pdftex.def Info: Resources/LSPACE/LSPACE-MCA_TEAM_01_SRR.pdf , page72 u
sed on input line 212.
(pdftex.def)             Requested size: 597.78697pt x 773.60669pt.
 [309 <./Resources/LSPACE/LSPACE-MCA_TEAM_01_SRR.pdf>]
<Resources/LSPACE/LSPACE-MCA_TEAM_01_SRR.pdf, id=3132, page=73, 614.295pt x 794
.97pt>
File: Resources/LSPACE/LSPACE-MCA_TEAM_01_SRR.pdf Graphic file (type pdf)
<use Resources/LSPACE/LSPACE-MCA_TEAM_01_SRR.pdf, page 73>
Package pdftex.def Info: Resources/LSPACE/LSPACE-MCA_TEAM_01_SRR.pdf , page73 u
sed on input line 212.
(pdftex.def)             Requested size: 597.78697pt x 773.60669pt.
File: Resources/LSPACE/LSPACE-MCA_TEAM_01_SRR.pdf Graphic file (type pdf)
<use Resources/LSPACE/LSPACE-MCA_TEAM_01_SRR.pdf, page 73>
Package pdftex.def Info: Resources/LSPACE/LSPACE-MCA_TEAM_01_SRR.pdf , page73 u
sed on input line 212.
(pdftex.def)             Requested size: 597.78697pt x 773.60669pt.
File: Resources/LSPACE/LSPACE-MCA_TEAM_01_SRR.pdf Graphic file (type pdf)
<use Resources/LSPACE/LSPACE-MCA_TEAM_01_SRR.pdf, page 73>
Package pdftex.def Info: Resources/LSPACE/LSPACE-MCA_TEAM_01_SRR.pdf , page73 u
sed on input line 212.
(pdftex.def)             Requested size: 597.78697pt x 773.60669pt.
 [310 <./Resources/LSPACE/LSPACE-MCA_TEAM_01_SRR.pdf>]
<Resources/LSPACE/LSPACE-MCA_TEAM_01_SRR.pdf, id=3137, page=74, 614.295pt x 794
.97pt>
File: Resources/LSPACE/LSPACE-MCA_TEAM_01_SRR.pdf Graphic file (type pdf)
<use Resources/LSPACE/LSPACE-MCA_TEAM_01_SRR.pdf, page 74>
Package pdftex.def Info: Resources/LSPACE/LSPACE-MCA_TEAM_01_SRR.pdf , page74 u
sed on input line 212.
(pdftex.def)             Requested size: 597.78697pt x 773.60669pt.
File: Resources/LSPACE/LSPACE-MCA_TEAM_01_SRR.pdf Graphic file (type pdf)
<use Resources/LSPACE/LSPACE-MCA_TEAM_01_SRR.pdf, page 74>
Package pdftex.def Info: Resources/LSPACE/LSPACE-MCA_TEAM_01_SRR.pdf , page74 u
sed on input line 212.
(pdftex.def)             Requested size: 597.78697pt x 773.60669pt.
File: Resources/LSPACE/LSPACE-MCA_TEAM_01_SRR.pdf Graphic file (type pdf)
<use Resources/LSPACE/LSPACE-MCA_TEAM_01_SRR.pdf, page 74>
Package pdftex.def Info: Resources/LSPACE/LSPACE-MCA_TEAM_01_SRR.pdf , page74 u
sed on input line 212.
(pdftex.def)             Requested size: 597.78697pt x 773.60669pt.
 [311 <./Resources/LSPACE/LSPACE-MCA_TEAM_01_SRR.pdf>]
<Resources/LSPACE/LSPACE-MCA_TEAM_01_SRR.pdf, id=3147, page=75, 794.97pt x 614.
295pt>
File: Resources/LSPACE/LSPACE-MCA_TEAM_01_SRR.pdf Graphic file (type pdf)
<use Resources/LSPACE/LSPACE-MCA_TEAM_01_SRR.pdf, page 75>
Package pdftex.def Info: Resources/LSPACE/LSPACE-MCA_TEAM_01_SRR.pdf , page75 u
sed on input line 212.
(pdftex.def)             Requested size: 773.60669pt x 597.78697pt.
File: Resources/LSPACE/LSPACE-MCA_TEAM_01_SRR.pdf Graphic file (type pdf)
<use Resources/LSPACE/LSPACE-MCA_TEAM_01_SRR.pdf, page 75>
Package pdftex.def Info: Resources/LSPACE/LSPACE-MCA_TEAM_01_SRR.pdf , page75 u
sed on input line 212.
(pdftex.def)             Requested size: 773.60669pt x 597.78697pt.
File: Resources/LSPACE/LSPACE-MCA_TEAM_01_SRR.pdf Graphic file (type pdf)
<use Resources/LSPACE/LSPACE-MCA_TEAM_01_SRR.pdf, page 75>
Package pdftex.def Info: Resources/LSPACE/LSPACE-MCA_TEAM_01_SRR.pdf , page75 u
sed on input line 212.
(pdftex.def)             Requested size: 773.60669pt x 597.78697pt.
 [312 <./Resources/LSPACE/LSPACE-MCA_TEAM_01_SRR.pdf>]
<Resources/LSPACE/LSPACE-MCA_TEAM_01_SRR.pdf, id=3152, page=76, 794.97pt x 614.
295pt>
File: Resources/LSPACE/LSPACE-MCA_TEAM_01_SRR.pdf Graphic file (type pdf)
<use Resources/LSPACE/LSPACE-MCA_TEAM_01_SRR.pdf, page 76>
Package pdftex.def Info: Resources/LSPACE/LSPACE-MCA_TEAM_01_SRR.pdf , page76 u
sed on input line 212.
(pdftex.def)             Requested size: 773.60669pt x 597.78697pt.
File: Resources/LSPACE/LSPACE-MCA_TEAM_01_SRR.pdf Graphic file (type pdf)
<use Resources/LSPACE/LSPACE-MCA_TEAM_01_SRR.pdf, page 76>
Package pdftex.def Info: Resources/LSPACE/LSPACE-MCA_TEAM_01_SRR.pdf , page76 u
sed on input line 212.
(pdftex.def)             Requested size: 773.60669pt x 597.78697pt.
File: Resources/LSPACE/LSPACE-MCA_TEAM_01_SRR.pdf Graphic file (type pdf)
<use Resources/LSPACE/LSPACE-MCA_TEAM_01_SRR.pdf, page 76>
Package pdftex.def Info: Resources/LSPACE/LSPACE-MCA_TEAM_01_SRR.pdf , page76 u
sed on input line 212.
(pdftex.def)             Requested size: 773.60669pt x 597.78697pt.
 [313 <./Resources/LSPACE/LSPACE-MCA_TEAM_01_SRR.pdf>]
<Resources/LSPACE/LSPACE-MCA_TEAM_01_SRR.pdf, id=3158, page=77, 794.97pt x 614.
295pt>
File: Resources/LSPACE/LSPACE-MCA_TEAM_01_SRR.pdf Graphic file (type pdf)
<use Resources/LSPACE/LSPACE-MCA_TEAM_01_SRR.pdf, page 77>
Package pdftex.def Info: Resources/LSPACE/LSPACE-MCA_TEAM_01_SRR.pdf , page77 u
sed on input line 212.
(pdftex.def)             Requested size: 773.60669pt x 597.78697pt.
File: Resources/LSPACE/LSPACE-MCA_TEAM_01_SRR.pdf Graphic file (type pdf)
<use Resources/LSPACE/LSPACE-MCA_TEAM_01_SRR.pdf, page 77>
Package pdftex.def Info: Resources/LSPACE/LSPACE-MCA_TEAM_01_SRR.pdf , page77 u
sed on input line 212.
(pdftex.def)             Requested size: 773.60669pt x 597.78697pt.
File: Resources/LSPACE/LSPACE-MCA_TEAM_01_SRR.pdf Graphic file (type pdf)
<use Resources/LSPACE/LSPACE-MCA_TEAM_01_SRR.pdf, page 77>
Package pdftex.def Info: Resources/LSPACE/LSPACE-MCA_TEAM_01_SRR.pdf , page77 u
sed on input line 212.
(pdftex.def)             Requested size: 773.60669pt x 597.78697pt.
 [314 <./Resources/LSPACE/LSPACE-MCA_TEAM_01_SRR.pdf>]
<Resources/LSPACE/LSPACE-MCA_TEAM_01_SRR.pdf, id=3163, page=78, 614.295pt x 794
.97pt>
File: Resources/LSPACE/LSPACE-MCA_TEAM_01_SRR.pdf Graphic file (type pdf)
<use Resources/LSPACE/LSPACE-MCA_TEAM_01_SRR.pdf, page 78>
Package pdftex.def Info: Resources/LSPACE/LSPACE-MCA_TEAM_01_SRR.pdf , page78 u
sed on input line 212.
(pdftex.def)             Requested size: 597.78697pt x 773.60669pt.
File: Resources/LSPACE/LSPACE-MCA_TEAM_01_SRR.pdf Graphic file (type pdf)
<use Resources/LSPACE/LSPACE-MCA_TEAM_01_SRR.pdf, page 78>
Package pdftex.def Info: Resources/LSPACE/LSPACE-MCA_TEAM_01_SRR.pdf , page78 u
sed on input line 212.
(pdftex.def)             Requested size: 597.78697pt x 773.60669pt.
File: Resources/LSPACE/LSPACE-MCA_TEAM_01_SRR.pdf Graphic file (type pdf)
<use Resources/LSPACE/LSPACE-MCA_TEAM_01_SRR.pdf, page 78>
Package pdftex.def Info: Resources/LSPACE/LSPACE-MCA_TEAM_01_SRR.pdf , page78 u
sed on input line 212.
(pdftex.def)             Requested size: 597.78697pt x 773.60669pt.
 [315 <./Resources/LSPACE/LSPACE-MCA_TEAM_01_SRR.pdf>]
<Resources/LSPACE/LSPACE-MCA_TEAM_01_SRR.pdf, id=3169, page=79, 614.295pt x 794
.97pt>
File: Resources/LSPACE/LSPACE-MCA_TEAM_01_SRR.pdf Graphic file (type pdf)
<use Resources/LSPACE/LSPACE-MCA_TEAM_01_SRR.pdf, page 79>
Package pdftex.def Info: Resources/LSPACE/LSPACE-MCA_TEAM_01_SRR.pdf , page79 u
sed on input line 212.
(pdftex.def)             Requested size: 597.78697pt x 773.60669pt.
File: Resources/LSPACE/LSPACE-MCA_TEAM_01_SRR.pdf Graphic file (type pdf)
<use Resources/LSPACE/LSPACE-MCA_TEAM_01_SRR.pdf, page 79>
Package pdftex.def Info: Resources/LSPACE/LSPACE-MCA_TEAM_01_SRR.pdf , page79 u
sed on input line 212.
(pdftex.def)             Requested size: 597.78697pt x 773.60669pt.
File: Resources/LSPACE/LSPACE-MCA_TEAM_01_SRR.pdf Graphic file (type pdf)
<use Resources/LSPACE/LSPACE-MCA_TEAM_01_SRR.pdf, page 79>
Package pdftex.def Info: Resources/LSPACE/LSPACE-MCA_TEAM_01_SRR.pdf , page79 u
sed on input line 212.
(pdftex.def)             Requested size: 597.78697pt x 773.60669pt.
 [316 <./Resources/LSPACE/LSPACE-MCA_TEAM_01_SRR.pdf>]
<Resources/LSPACE/LSPACE-MCA_TEAM_01_SRR.pdf, id=3174, page=80, 614.295pt x 794
.97pt>
File: Resources/LSPACE/LSPACE-MCA_TEAM_01_SRR.pdf Graphic file (type pdf)
<use Resources/LSPACE/LSPACE-MCA_TEAM_01_SRR.pdf, page 80>
Package pdftex.def Info: Resources/LSPACE/LSPACE-MCA_TEAM_01_SRR.pdf , page80 u
sed on input line 212.
(pdftex.def)             Requested size: 597.78697pt x 773.60669pt.
File: Resources/LSPACE/LSPACE-MCA_TEAM_01_SRR.pdf Graphic file (type pdf)
<use Resources/LSPACE/LSPACE-MCA_TEAM_01_SRR.pdf, page 80>
Package pdftex.def Info: Resources/LSPACE/LSPACE-MCA_TEAM_01_SRR.pdf , page80 u
sed on input line 212.
(pdftex.def)             Requested size: 597.78697pt x 773.60669pt.
File: Resources/LSPACE/LSPACE-MCA_TEAM_01_SRR.pdf Graphic file (type pdf)
<use Resources/LSPACE/LSPACE-MCA_TEAM_01_SRR.pdf, page 80>
Package pdftex.def Info: Resources/LSPACE/LSPACE-MCA_TEAM_01_SRR.pdf , page80 u
sed on input line 212.
(pdftex.def)             Requested size: 597.78697pt x 773.60669pt.
 [317 <./Resources/LSPACE/LSPACE-MCA_TEAM_01_SRR.pdf>]
<Resources/LSPACE/LSPACE-MCA_TEAM_01_SRR.pdf, id=3179, page=81, 614.295pt x 794
.97pt>
File: Resources/LSPACE/LSPACE-MCA_TEAM_01_SRR.pdf Graphic file (type pdf)
<use Resources/LSPACE/LSPACE-MCA_TEAM_01_SRR.pdf, page 81>
Package pdftex.def Info: Resources/LSPACE/LSPACE-MCA_TEAM_01_SRR.pdf , page81 u
sed on input line 212.
(pdftex.def)             Requested size: 597.78697pt x 773.60669pt.
File: Resources/LSPACE/LSPACE-MCA_TEAM_01_SRR.pdf Graphic file (type pdf)
<use Resources/LSPACE/LSPACE-MCA_TEAM_01_SRR.pdf, page 81>
Package pdftex.def Info: Resources/LSPACE/LSPACE-MCA_TEAM_01_SRR.pdf , page81 u
sed on input line 212.
(pdftex.def)             Requested size: 597.78697pt x 773.60669pt.
File: Resources/LSPACE/LSPACE-MCA_TEAM_01_SRR.pdf Graphic file (type pdf)
<use Resources/LSPACE/LSPACE-MCA_TEAM_01_SRR.pdf, page 81>
Package pdftex.def Info: Resources/LSPACE/LSPACE-MCA_TEAM_01_SRR.pdf , page81 u
sed on input line 212.
(pdftex.def)             Requested size: 597.78697pt x 773.60669pt.
 [318 <./Resources/LSPACE/LSPACE-MCA_TEAM_01_SRR.pdf>]
<Resources/LSPACE/LSPACE-MCA_TEAM_01_SRR.pdf, id=3184, page=82, 614.295pt x 794
.97pt>
File: Resources/LSPACE/LSPACE-MCA_TEAM_01_SRR.pdf Graphic file (type pdf)
<use Resources/LSPACE/LSPACE-MCA_TEAM_01_SRR.pdf, page 82>
Package pdftex.def Info: Resources/LSPACE/LSPACE-MCA_TEAM_01_SRR.pdf , page82 u
sed on input line 212.
(pdftex.def)             Requested size: 597.78697pt x 773.60669pt.
File: Resources/LSPACE/LSPACE-MCA_TEAM_01_SRR.pdf Graphic file (type pdf)
<use Resources/LSPACE/LSPACE-MCA_TEAM_01_SRR.pdf, page 82>
Package pdftex.def Info: Resources/LSPACE/LSPACE-MCA_TEAM_01_SRR.pdf , page82 u
sed on input line 212.
(pdftex.def)             Requested size: 597.78697pt x 773.60669pt.
File: Resources/LSPACE/LSPACE-MCA_TEAM_01_SRR.pdf Graphic file (type pdf)
<use Resources/LSPACE/LSPACE-MCA_TEAM_01_SRR.pdf, page 82>
Package pdftex.def Info: Resources/LSPACE/LSPACE-MCA_TEAM_01_SRR.pdf , page82 u
sed on input line 212.
(pdftex.def)             Requested size: 597.78697pt x 773.60669pt.
 [319 <./Resources/LSPACE/LSPACE-MCA_TEAM_01_SRR.pdf>]
<Resources/LSPACE/LSPACE-MCA_TEAM_01_SRR.pdf, id=3190, page=83, 614.295pt x 794
.97pt>
File: Resources/LSPACE/LSPACE-MCA_TEAM_01_SRR.pdf Graphic file (type pdf)
<use Resources/LSPACE/LSPACE-MCA_TEAM_01_SRR.pdf, page 83>
Package pdftex.def Info: Resources/LSPACE/LSPACE-MCA_TEAM_01_SRR.pdf , page83 u
sed on input line 212.
(pdftex.def)             Requested size: 597.78697pt x 773.60669pt.
File: Resources/LSPACE/LSPACE-MCA_TEAM_01_SRR.pdf Graphic file (type pdf)
<use Resources/LSPACE/LSPACE-MCA_TEAM_01_SRR.pdf, page 83>
Package pdftex.def Info: Resources/LSPACE/LSPACE-MCA_TEAM_01_SRR.pdf , page83 u
sed on input line 212.
(pdftex.def)             Requested size: 597.78697pt x 773.60669pt.
File: Resources/LSPACE/LSPACE-MCA_TEAM_01_SRR.pdf Graphic file (type pdf)
<use Resources/LSPACE/LSPACE-MCA_TEAM_01_SRR.pdf, page 83>
Package pdftex.def Info: Resources/LSPACE/LSPACE-MCA_TEAM_01_SRR.pdf , page83 u
sed on input line 212.
(pdftex.def)             Requested size: 597.78697pt x 773.60669pt.
 [320 <./Resources/LSPACE/LSPACE-MCA_TEAM_01_SRR.pdf>]
<Resources/LSPACE/LSPACE-MCA_TEAM_01_SRR.pdf, id=3195, page=84, 614.295pt x 794
.97pt>
File: Resources/LSPACE/LSPACE-MCA_TEAM_01_SRR.pdf Graphic file (type pdf)
<use Resources/LSPACE/LSPACE-MCA_TEAM_01_SRR.pdf, page 84>
Package pdftex.def Info: Resources/LSPACE/LSPACE-MCA_TEAM_01_SRR.pdf , page84 u
sed on input line 212.
(pdftex.def)             Requested size: 597.78697pt x 773.60669pt.
File: Resources/LSPACE/LSPACE-MCA_TEAM_01_SRR.pdf Graphic file (type pdf)
<use Resources/LSPACE/LSPACE-MCA_TEAM_01_SRR.pdf, page 84>
Package pdftex.def Info: Resources/LSPACE/LSPACE-MCA_TEAM_01_SRR.pdf , page84 u
sed on input line 212.
(pdftex.def)             Requested size: 597.78697pt x 773.60669pt.
File: Resources/LSPACE/LSPACE-MCA_TEAM_01_SRR.pdf Graphic file (type pdf)
<use Resources/LSPACE/LSPACE-MCA_TEAM_01_SRR.pdf, page 84>
Package pdftex.def Info: Resources/LSPACE/LSPACE-MCA_TEAM_01_SRR.pdf , page84 u
sed on input line 212.
(pdftex.def)             Requested size: 597.78697pt x 773.60669pt.
 [321 <./Resources/LSPACE/LSPACE-MCA_TEAM_01_SRR.pdf>]
<Resources/LSPACE/LSPACE-MCA_TEAM_01_SRR.pdf, id=3202, page=85, 614.295pt x 794
.97pt>
File: Resources/LSPACE/LSPACE-MCA_TEAM_01_SRR.pdf Graphic file (type pdf)
<use Resources/LSPACE/LSPACE-MCA_TEAM_01_SRR.pdf, page 85>
Package pdftex.def Info: Resources/LSPACE/LSPACE-MCA_TEAM_01_SRR.pdf , page85 u
sed on input line 212.
(pdftex.def)             Requested size: 597.78697pt x 773.60669pt.
File: Resources/LSPACE/LSPACE-MCA_TEAM_01_SRR.pdf Graphic file (type pdf)
<use Resources/LSPACE/LSPACE-MCA_TEAM_01_SRR.pdf, page 85>
Package pdftex.def Info: Resources/LSPACE/LSPACE-MCA_TEAM_01_SRR.pdf , page85 u
sed on input line 212.
(pdftex.def)             Requested size: 597.78697pt x 773.60669pt.
File: Resources/LSPACE/LSPACE-MCA_TEAM_01_SRR.pdf Graphic file (type pdf)
<use Resources/LSPACE/LSPACE-MCA_TEAM_01_SRR.pdf, page 85>
Package pdftex.def Info: Resources/LSPACE/LSPACE-MCA_TEAM_01_SRR.pdf , page85 u
sed on input line 212.
(pdftex.def)             Requested size: 597.78697pt x 773.60669pt.
 [322 <./Resources/LSPACE/LSPACE-MCA_TEAM_01_SRR.pdf>]
<Resources/LSPACE/LSPACE-MCA_TEAM_01_SRR.pdf, id=3208, page=86, 614.295pt x 794
.97pt>
File: Resources/LSPACE/LSPACE-MCA_TEAM_01_SRR.pdf Graphic file (type pdf)
<use Resources/LSPACE/LSPACE-MCA_TEAM_01_SRR.pdf, page 86>
Package pdftex.def Info: Resources/LSPACE/LSPACE-MCA_TEAM_01_SRR.pdf , page86 u
sed on input line 212.
(pdftex.def)             Requested size: 597.78697pt x 773.60669pt.
File: Resources/LSPACE/LSPACE-MCA_TEAM_01_SRR.pdf Graphic file (type pdf)
<use Resources/LSPACE/LSPACE-MCA_TEAM_01_SRR.pdf, page 86>
Package pdftex.def Info: Resources/LSPACE/LSPACE-MCA_TEAM_01_SRR.pdf , page86 u
sed on input line 212.
(pdftex.def)             Requested size: 597.78697pt x 773.60669pt.
File: Resources/LSPACE/LSPACE-MCA_TEAM_01_SRR.pdf Graphic file (type pdf)
<use Resources/LSPACE/LSPACE-MCA_TEAM_01_SRR.pdf, page 86>
Package pdftex.def Info: Resources/LSPACE/LSPACE-MCA_TEAM_01_SRR.pdf , page86 u
sed on input line 212.
(pdftex.def)             Requested size: 597.78697pt x 773.60669pt.

[323 <./Resources/LSPACE/LSPACE-MCA_TEAM_01_SRR.pdf>]
<Resources/LSPACE/LSPACE-MCA_TEAM_01_SRR.pdf, id=3213, page=87, 614.295pt x 794
.97pt>
File: Resources/LSPACE/LSPACE-MCA_TEAM_01_SRR.pdf Graphic file (type pdf)
<use Resources/LSPACE/LSPACE-MCA_TEAM_01_SRR.pdf, page 87>
Package pdftex.def Info: Resources/LSPACE/LSPACE-MCA_TEAM_01_SRR.pdf , page87 u
sed on input line 212.
(pdftex.def)             Requested size: 597.78697pt x 773.60669pt.
File: Resources/LSPACE/LSPACE-MCA_TEAM_01_SRR.pdf Graphic file (type pdf)
<use Resources/LSPACE/LSPACE-MCA_TEAM_01_SRR.pdf, page 87>
Package pdftex.def Info: Resources/LSPACE/LSPACE-MCA_TEAM_01_SRR.pdf , page87 u
sed on input line 212.
(pdftex.def)             Requested size: 597.78697pt x 773.60669pt.
File: Resources/LSPACE/LSPACE-MCA_TEAM_01_SRR.pdf Graphic file (type pdf)
<use Resources/LSPACE/LSPACE-MCA_TEAM_01_SRR.pdf, page 87>
Package pdftex.def Info: Resources/LSPACE/LSPACE-MCA_TEAM_01_SRR.pdf , page87 u
sed on input line 212.
(pdftex.def)             Requested size: 597.78697pt x 773.60669pt.
 [324 <./Resources/LSPACE/LSPACE-MCA_TEAM_01_SRR.pdf>]
<Resources/LSPACE/LSPACE-MCA_TEAM_01_SRR.pdf, id=3218, page=88, 614.295pt x 794
.97pt>
File: Resources/LSPACE/LSPACE-MCA_TEAM_01_SRR.pdf Graphic file (type pdf)
<use Resources/LSPACE/LSPACE-MCA_TEAM_01_SRR.pdf, page 88>
Package pdftex.def Info: Resources/LSPACE/LSPACE-MCA_TEAM_01_SRR.pdf , page88 u
sed on input line 212.
(pdftex.def)             Requested size: 597.78697pt x 773.60669pt.
File: Resources/LSPACE/LSPACE-MCA_TEAM_01_SRR.pdf Graphic file (type pdf)
<use Resources/LSPACE/LSPACE-MCA_TEAM_01_SRR.pdf, page 88>
Package pdftex.def Info: Resources/LSPACE/LSPACE-MCA_TEAM_01_SRR.pdf , page88 u
sed on input line 212.
(pdftex.def)             Requested size: 597.78697pt x 773.60669pt.
File: Resources/LSPACE/LSPACE-MCA_TEAM_01_SRR.pdf Graphic file (type pdf)
<use Resources/LSPACE/LSPACE-MCA_TEAM_01_SRR.pdf, page 88>
Package pdftex.def Info: Resources/LSPACE/LSPACE-MCA_TEAM_01_SRR.pdf , page88 u
sed on input line 212.
(pdftex.def)             Requested size: 597.78697pt x 773.60669pt.
 [325 <./Resources/LSPACE/LSPACE-MCA_TEAM_01_SRR.pdf>]
<Resources/LSPACE/LSPACE-MCA_TEAM_01_SRR.pdf, id=3224, page=89, 614.295pt x 794
.97pt>
File: Resources/LSPACE/LSPACE-MCA_TEAM_01_SRR.pdf Graphic file (type pdf)
<use Resources/LSPACE/LSPACE-MCA_TEAM_01_SRR.pdf, page 89>
Package pdftex.def Info: Resources/LSPACE/LSPACE-MCA_TEAM_01_SRR.pdf , page89 u
sed on input line 212.
(pdftex.def)             Requested size: 597.78697pt x 773.60669pt.
File: Resources/LSPACE/LSPACE-MCA_TEAM_01_SRR.pdf Graphic file (type pdf)
<use Resources/LSPACE/LSPACE-MCA_TEAM_01_SRR.pdf, page 89>
Package pdftex.def Info: Resources/LSPACE/LSPACE-MCA_TEAM_01_SRR.pdf , page89 u
sed on input line 212.
(pdftex.def)             Requested size: 597.78697pt x 773.60669pt.
File: Resources/LSPACE/LSPACE-MCA_TEAM_01_SRR.pdf Graphic file (type pdf)
<use Resources/LSPACE/LSPACE-MCA_TEAM_01_SRR.pdf, page 89>
Package pdftex.def Info: Resources/LSPACE/LSPACE-MCA_TEAM_01_SRR.pdf , page89 u
sed on input line 212.
(pdftex.def)             Requested size: 597.78697pt x 773.60669pt.
 [326 <./Resources/LSPACE/LSPACE-MCA_TEAM_01_SRR.pdf>]
<Resources/LSPACE/LSPACE-MCA_TEAM_01_SRR.pdf, id=3229, page=90, 614.295pt x 794
.97pt>
File: Resources/LSPACE/LSPACE-MCA_TEAM_01_SRR.pdf Graphic file (type pdf)
<use Resources/LSPACE/LSPACE-MCA_TEAM_01_SRR.pdf, page 90>
Package pdftex.def Info: Resources/LSPACE/LSPACE-MCA_TEAM_01_SRR.pdf , page90 u
sed on input line 212.
(pdftex.def)             Requested size: 597.78697pt x 773.60669pt.
File: Resources/LSPACE/LSPACE-MCA_TEAM_01_SRR.pdf Graphic file (type pdf)
<use Resources/LSPACE/LSPACE-MCA_TEAM_01_SRR.pdf, page 90>
Package pdftex.def Info: Resources/LSPACE/LSPACE-MCA_TEAM_01_SRR.pdf , page90 u
sed on input line 212.
(pdftex.def)             Requested size: 597.78697pt x 773.60669pt.
File: Resources/LSPACE/LSPACE-MCA_TEAM_01_SRR.pdf Graphic file (type pdf)
<use Resources/LSPACE/LSPACE-MCA_TEAM_01_SRR.pdf, page 90>
Package pdftex.def Info: Resources/LSPACE/LSPACE-MCA_TEAM_01_SRR.pdf , page90 u
sed on input line 212.
(pdftex.def)             Requested size: 597.78697pt x 773.60669pt.
 [327 <./Resources/LSPACE/LSPACE-MCA_TEAM_01_SRR.pdf>]
<Resources/LSPACE/LSPACE-MCA_TEAM_01_SRR.pdf, id=3234, page=91, 614.295pt x 794
.97pt>
File: Resources/LSPACE/LSPACE-MCA_TEAM_01_SRR.pdf Graphic file (type pdf)
<use Resources/LSPACE/LSPACE-MCA_TEAM_01_SRR.pdf, page 91>
Package pdftex.def Info: Resources/LSPACE/LSPACE-MCA_TEAM_01_SRR.pdf , page91 u
sed on input line 212.
(pdftex.def)             Requested size: 597.78697pt x 773.60669pt.
File: Resources/LSPACE/LSPACE-MCA_TEAM_01_SRR.pdf Graphic file (type pdf)
<use Resources/LSPACE/LSPACE-MCA_TEAM_01_SRR.pdf, page 91>
Package pdftex.def Info: Resources/LSPACE/LSPACE-MCA_TEAM_01_SRR.pdf , page91 u
sed on input line 212.
(pdftex.def)             Requested size: 597.78697pt x 773.60669pt.
File: Resources/LSPACE/LSPACE-MCA_TEAM_01_SRR.pdf Graphic file (type pdf)
<use Resources/LSPACE/LSPACE-MCA_TEAM_01_SRR.pdf, page 91>
Package pdftex.def Info: Resources/LSPACE/LSPACE-MCA_TEAM_01_SRR.pdf , page91 u
sed on input line 212.
(pdftex.def)             Requested size: 597.78697pt x 773.60669pt.
 [328 <./Resources/LSPACE/LSPACE-MCA_TEAM_01_SRR.pdf>]
<Resources/LSPACE/LSPACE-MCA_TEAM_01_SRR.pdf, id=3239, page=92, 614.295pt x 794
.97pt>
File: Resources/LSPACE/LSPACE-MCA_TEAM_01_SRR.pdf Graphic file (type pdf)
<use Resources/LSPACE/LSPACE-MCA_TEAM_01_SRR.pdf, page 92>
Package pdftex.def Info: Resources/LSPACE/LSPACE-MCA_TEAM_01_SRR.pdf , page92 u
sed on input line 212.
(pdftex.def)             Requested size: 597.78697pt x 773.60669pt.
File: Resources/LSPACE/LSPACE-MCA_TEAM_01_SRR.pdf Graphic file (type pdf)
<use Resources/LSPACE/LSPACE-MCA_TEAM_01_SRR.pdf, page 92>
Package pdftex.def Info: Resources/LSPACE/LSPACE-MCA_TEAM_01_SRR.pdf , page92 u
sed on input line 212.
(pdftex.def)             Requested size: 597.78697pt x 773.60669pt.
File: Resources/LSPACE/LSPACE-MCA_TEAM_01_SRR.pdf Graphic file (type pdf)
<use Resources/LSPACE/LSPACE-MCA_TEAM_01_SRR.pdf, page 92>
Package pdftex.def Info: Resources/LSPACE/LSPACE-MCA_TEAM_01_SRR.pdf , page92 u
sed on input line 212.
(pdftex.def)             Requested size: 597.78697pt x 773.60669pt.
 [329 <./Resources/LSPACE/LSPACE-MCA_TEAM_01_SRR.pdf>]
<Resources/LSPACE/LSPACE-MCA_TEAM_01_SRR.pdf, id=3244, page=93, 614.295pt x 794
.97pt>
File: Resources/LSPACE/LSPACE-MCA_TEAM_01_SRR.pdf Graphic file (type pdf)
<use Resources/LSPACE/LSPACE-MCA_TEAM_01_SRR.pdf, page 93>
Package pdftex.def Info: Resources/LSPACE/LSPACE-MCA_TEAM_01_SRR.pdf , page93 u
sed on input line 212.
(pdftex.def)             Requested size: 597.78697pt x 773.60669pt.
File: Resources/LSPACE/LSPACE-MCA_TEAM_01_SRR.pdf Graphic file (type pdf)
<use Resources/LSPACE/LSPACE-MCA_TEAM_01_SRR.pdf, page 93>
Package pdftex.def Info: Resources/LSPACE/LSPACE-MCA_TEAM_01_SRR.pdf , page93 u
sed on input line 212.
(pdftex.def)             Requested size: 597.78697pt x 773.60669pt.
File: Resources/LSPACE/LSPACE-MCA_TEAM_01_SRR.pdf Graphic file (type pdf)
<use Resources/LSPACE/LSPACE-MCA_TEAM_01_SRR.pdf, page 93>
Package pdftex.def Info: Resources/LSPACE/LSPACE-MCA_TEAM_01_SRR.pdf , page93 u
sed on input line 212.
(pdftex.def)             Requested size: 597.78697pt x 773.60669pt.
 [330 <./Resources/LSPACE/LSPACE-MCA_TEAM_01_SRR.pdf>]
<Resources/LSPACE/LSPACE-MCA_TEAM_01_SRR.pdf, id=3249, page=94, 614.295pt x 794
.97pt>
File: Resources/LSPACE/LSPACE-MCA_TEAM_01_SRR.pdf Graphic file (type pdf)
<use Resources/LSPACE/LSPACE-MCA_TEAM_01_SRR.pdf, page 94>
Package pdftex.def Info: Resources/LSPACE/LSPACE-MCA_TEAM_01_SRR.pdf , page94 u
sed on input line 212.
(pdftex.def)             Requested size: 597.78697pt x 773.60669pt.
File: Resources/LSPACE/LSPACE-MCA_TEAM_01_SRR.pdf Graphic file (type pdf)
<use Resources/LSPACE/LSPACE-MCA_TEAM_01_SRR.pdf, page 94>
Package pdftex.def Info: Resources/LSPACE/LSPACE-MCA_TEAM_01_SRR.pdf , page94 u
sed on input line 212.
(pdftex.def)             Requested size: 597.78697pt x 773.60669pt.
File: Resources/LSPACE/LSPACE-MCA_TEAM_01_SRR.pdf Graphic file (type pdf)
<use Resources/LSPACE/LSPACE-MCA_TEAM_01_SRR.pdf, page 94>
Package pdftex.def Info: Resources/LSPACE/LSPACE-MCA_TEAM_01_SRR.pdf , page94 u
sed on input line 212.
(pdftex.def)             Requested size: 597.78697pt x 773.60669pt.
 [331 <./Resources/LSPACE/LSPACE-MCA_TEAM_01_SRR.pdf>]
<Resources/LSPACE/LSPACE-MCA_TEAM_01_SRR.pdf, id=3255, page=95, 614.295pt x 794
.97pt>
File: Resources/LSPACE/LSPACE-MCA_TEAM_01_SRR.pdf Graphic file (type pdf)
<use Resources/LSPACE/LSPACE-MCA_TEAM_01_SRR.pdf, page 95>
Package pdftex.def Info: Resources/LSPACE/LSPACE-MCA_TEAM_01_SRR.pdf , page95 u
sed on input line 212.
(pdftex.def)             Requested size: 597.78697pt x 773.60669pt.
File: Resources/LSPACE/LSPACE-MCA_TEAM_01_SRR.pdf Graphic file (type pdf)
<use Resources/LSPACE/LSPACE-MCA_TEAM_01_SRR.pdf, page 95>
Package pdftex.def Info: Resources/LSPACE/LSPACE-MCA_TEAM_01_SRR.pdf , page95 u
sed on input line 212.
(pdftex.def)             Requested size: 597.78697pt x 773.60669pt.
File: Resources/LSPACE/LSPACE-MCA_TEAM_01_SRR.pdf Graphic file (type pdf)
<use Resources/LSPACE/LSPACE-MCA_TEAM_01_SRR.pdf, page 95>
Package pdftex.def Info: Resources/LSPACE/LSPACE-MCA_TEAM_01_SRR.pdf , page95 u
sed on input line 212.
(pdftex.def)             Requested size: 597.78697pt x 773.60669pt.
 [332 <./Resources/LSPACE/LSPACE-MCA_TEAM_01_SRR.pdf>]
<Resources/LSPACE/LSPACE-MCA_TEAM_01_SRR.pdf, id=3260, page=96, 614.295pt x 794
.97pt>
File: Resources/LSPACE/LSPACE-MCA_TEAM_01_SRR.pdf Graphic file (type pdf)
<use Resources/LSPACE/LSPACE-MCA_TEAM_01_SRR.pdf, page 96>
Package pdftex.def Info: Resources/LSPACE/LSPACE-MCA_TEAM_01_SRR.pdf , page96 u
sed on input line 212.
(pdftex.def)             Requested size: 597.78697pt x 773.60669pt.
File: Resources/LSPACE/LSPACE-MCA_TEAM_01_SRR.pdf Graphic file (type pdf)
<use Resources/LSPACE/LSPACE-MCA_TEAM_01_SRR.pdf, page 96>
Package pdftex.def Info: Resources/LSPACE/LSPACE-MCA_TEAM_01_SRR.pdf , page96 u
sed on input line 212.
(pdftex.def)             Requested size: 597.78697pt x 773.60669pt.
File: Resources/LSPACE/LSPACE-MCA_TEAM_01_SRR.pdf Graphic file (type pdf)
<use Resources/LSPACE/LSPACE-MCA_TEAM_01_SRR.pdf, page 96>
Package pdftex.def Info: Resources/LSPACE/LSPACE-MCA_TEAM_01_SRR.pdf , page96 u
sed on input line 212.
(pdftex.def)             Requested size: 597.78697pt x 773.60669pt.
 [333 <./Resources/LSPACE/LSPACE-MCA_TEAM_01_SRR.pdf>]
<Resources/LSPACE/LSPACE-MCA_TEAM_01_SRR.pdf, id=3265, page=97, 614.295pt x 794
.97pt>
File: Resources/LSPACE/LSPACE-MCA_TEAM_01_SRR.pdf Graphic file (type pdf)
<use Resources/LSPACE/LSPACE-MCA_TEAM_01_SRR.pdf, page 97>
Package pdftex.def Info: Resources/LSPACE/LSPACE-MCA_TEAM_01_SRR.pdf , page97 u
sed on input line 212.
(pdftex.def)             Requested size: 597.78697pt x 773.60669pt.
File: Resources/LSPACE/LSPACE-MCA_TEAM_01_SRR.pdf Graphic file (type pdf)
<use Resources/LSPACE/LSPACE-MCA_TEAM_01_SRR.pdf, page 97>
Package pdftex.def Info: Resources/LSPACE/LSPACE-MCA_TEAM_01_SRR.pdf , page97 u
sed on input line 212.
(pdftex.def)             Requested size: 597.78697pt x 773.60669pt.
File: Resources/LSPACE/LSPACE-MCA_TEAM_01_SRR.pdf Graphic file (type pdf)
<use Resources/LSPACE/LSPACE-MCA_TEAM_01_SRR.pdf, page 97>
Package pdftex.def Info: Resources/LSPACE/LSPACE-MCA_TEAM_01_SRR.pdf , page97 u
sed on input line 212.
(pdftex.def)             Requested size: 597.78697pt x 773.60669pt.
 [334 <./Resources/LSPACE/LSPACE-MCA_TEAM_01_SRR.pdf>]
<Resources/LSPACE/LSPACE-MCA_TEAM_01_SRR.pdf, id=3270, page=98, 614.295pt x 794
.97pt>
File: Resources/LSPACE/LSPACE-MCA_TEAM_01_SRR.pdf Graphic file (type pdf)
<use Resources/LSPACE/LSPACE-MCA_TEAM_01_SRR.pdf, page 98>
Package pdftex.def Info: Resources/LSPACE/LSPACE-MCA_TEAM_01_SRR.pdf , page98 u
sed on input line 212.
(pdftex.def)             Requested size: 597.78697pt x 773.60669pt.
File: Resources/LSPACE/LSPACE-MCA_TEAM_01_SRR.pdf Graphic file (type pdf)
<use Resources/LSPACE/LSPACE-MCA_TEAM_01_SRR.pdf, page 98>
Package pdftex.def Info: Resources/LSPACE/LSPACE-MCA_TEAM_01_SRR.pdf , page98 u
sed on input line 212.
(pdftex.def)             Requested size: 597.78697pt x 773.60669pt.
File: Resources/LSPACE/LSPACE-MCA_TEAM_01_SRR.pdf Graphic file (type pdf)
<use Resources/LSPACE/LSPACE-MCA_TEAM_01_SRR.pdf, page 98>
Package pdftex.def Info: Resources/LSPACE/LSPACE-MCA_TEAM_01_SRR.pdf , page98 u
sed on input line 212.
(pdftex.def)             Requested size: 597.78697pt x 773.60669pt.
 [335 <./Resources/LSPACE/LSPACE-MCA_TEAM_01_SRR.pdf>]
<Resources/LSPACE/LSPACE-MCA_TEAM_01_SRR.pdf, id=3275, page=99, 614.295pt x 794
.97pt>
File: Resources/LSPACE/LSPACE-MCA_TEAM_01_SRR.pdf Graphic file (type pdf)
<use Resources/LSPACE/LSPACE-MCA_TEAM_01_SRR.pdf, page 99>
Package pdftex.def Info: Resources/LSPACE/LSPACE-MCA_TEAM_01_SRR.pdf , page99 u
sed on input line 212.
(pdftex.def)             Requested size: 597.78697pt x 773.60669pt.
File: Resources/LSPACE/LSPACE-MCA_TEAM_01_SRR.pdf Graphic file (type pdf)
<use Resources/LSPACE/LSPACE-MCA_TEAM_01_SRR.pdf, page 99>
Package pdftex.def Info: Resources/LSPACE/LSPACE-MCA_TEAM_01_SRR.pdf , page99 u
sed on input line 212.
(pdftex.def)             Requested size: 597.78697pt x 773.60669pt.
File: Resources/LSPACE/LSPACE-MCA_TEAM_01_SRR.pdf Graphic file (type pdf)
<use Resources/LSPACE/LSPACE-MCA_TEAM_01_SRR.pdf, page 99>
Package pdftex.def Info: Resources/LSPACE/LSPACE-MCA_TEAM_01_SRR.pdf , page99 u
sed on input line 212.
(pdftex.def)             Requested size: 597.78697pt x 773.60669pt.
 [336 <./Resources/LSPACE/LSPACE-MCA_TEAM_01_SRR.pdf>]
<Resources/LSPACE/LSPACE-MCA_TEAM_01_SRR.pdf, id=3280, page=100, 614.295pt x 79
4.97pt>
File: Resources/LSPACE/LSPACE-MCA_TEAM_01_SRR.pdf Graphic file (type pdf)
<use Resources/LSPACE/LSPACE-MCA_TEAM_01_SRR.pdf, page 100>
Package pdftex.def Info: Resources/LSPACE/LSPACE-MCA_TEAM_01_SRR.pdf , page100 
used on input line 212.
(pdftex.def)             Requested size: 597.78697pt x 773.60669pt.
File: Resources/LSPACE/LSPACE-MCA_TEAM_01_SRR.pdf Graphic file (type pdf)
<use Resources/LSPACE/LSPACE-MCA_TEAM_01_SRR.pdf, page 100>
Package pdftex.def Info: Resources/LSPACE/LSPACE-MCA_TEAM_01_SRR.pdf , page100 
used on input line 212.
(pdftex.def)             Requested size: 597.78697pt x 773.60669pt.
File: Resources/LSPACE/LSPACE-MCA_TEAM_01_SRR.pdf Graphic file (type pdf)
<use Resources/LSPACE/LSPACE-MCA_TEAM_01_SRR.pdf, page 100>
Package pdftex.def Info: Resources/LSPACE/LSPACE-MCA_TEAM_01_SRR.pdf , page100 
used on input line 212.
(pdftex.def)             Requested size: 597.78697pt x 773.60669pt.
 [337 <./Resources/LSPACE/LSPACE-MCA_TEAM_01_SRR.pdf>]
<Resources/LSPACE/LSPACE-MCA_TEAM_01_SRR.pdf, id=3286, page=101, 614.295pt x 79
4.97pt>
File: Resources/LSPACE/LSPACE-MCA_TEAM_01_SRR.pdf Graphic file (type pdf)
<use Resources/LSPACE/LSPACE-MCA_TEAM_01_SRR.pdf, page 101>
Package pdftex.def Info: Resources/LSPACE/LSPACE-MCA_TEAM_01_SRR.pdf , page101 
used on input line 212.
(pdftex.def)             Requested size: 597.78697pt x 773.60669pt.
File: Resources/LSPACE/LSPACE-MCA_TEAM_01_SRR.pdf Graphic file (type pdf)
<use Resources/LSPACE/LSPACE-MCA_TEAM_01_SRR.pdf, page 101>
Package pdftex.def Info: Resources/LSPACE/LSPACE-MCA_TEAM_01_SRR.pdf , page101 
used on input line 212.
(pdftex.def)             Requested size: 597.78697pt x 773.60669pt.
File: Resources/LSPACE/LSPACE-MCA_TEAM_01_SRR.pdf Graphic file (type pdf)
<use Resources/LSPACE/LSPACE-MCA_TEAM_01_SRR.pdf, page 101>
Package pdftex.def Info: Resources/LSPACE/LSPACE-MCA_TEAM_01_SRR.pdf , page101 
used on input line 212.
(pdftex.def)             Requested size: 597.78697pt x 773.60669pt.
 [338 <./Resources/LSPACE/LSPACE-MCA_TEAM_01_SRR.pdf>]
<Resources/LSPACE/LSPACE-MCA_TEAM_01_SRR.pdf, id=3291, page=102, 614.295pt x 79
4.97pt>
File: Resources/LSPACE/LSPACE-MCA_TEAM_01_SRR.pdf Graphic file (type pdf)
<use Resources/LSPACE/LSPACE-MCA_TEAM_01_SRR.pdf, page 102>
Package pdftex.def Info: Resources/LSPACE/LSPACE-MCA_TEAM_01_SRR.pdf , page102 
used on input line 212.
(pdftex.def)             Requested size: 597.78697pt x 773.60669pt.
File: Resources/LSPACE/LSPACE-MCA_TEAM_01_SRR.pdf Graphic file (type pdf)
<use Resources/LSPACE/LSPACE-MCA_TEAM_01_SRR.pdf, page 102>
Package pdftex.def Info: Resources/LSPACE/LSPACE-MCA_TEAM_01_SRR.pdf , page102 
used on input line 212.
(pdftex.def)             Requested size: 597.78697pt x 773.60669pt.
File: Resources/LSPACE/LSPACE-MCA_TEAM_01_SRR.pdf Graphic file (type pdf)
<use Resources/LSPACE/LSPACE-MCA_TEAM_01_SRR.pdf, page 102>
Package pdftex.def Info: Resources/LSPACE/LSPACE-MCA_TEAM_01_SRR.pdf , page102 
used on input line 212.
(pdftex.def)             Requested size: 597.78697pt x 773.60669pt.

[339 <./Resources/LSPACE/LSPACE-MCA_TEAM_01_SRR.pdf>]
<Resources/LSPACE/LSPACE-MCA_TEAM_01_SRR.pdf, id=3297, page=103, 614.295pt x 79
4.97pt>
File: Resources/LSPACE/LSPACE-MCA_TEAM_01_SRR.pdf Graphic file (type pdf)
<use Resources/LSPACE/LSPACE-MCA_TEAM_01_SRR.pdf, page 103>
Package pdftex.def Info: Resources/LSPACE/LSPACE-MCA_TEAM_01_SRR.pdf , page103 
used on input line 212.
(pdftex.def)             Requested size: 597.78697pt x 773.60669pt.
File: Resources/LSPACE/LSPACE-MCA_TEAM_01_SRR.pdf Graphic file (type pdf)
<use Resources/LSPACE/LSPACE-MCA_TEAM_01_SRR.pdf, page 103>
Package pdftex.def Info: Resources/LSPACE/LSPACE-MCA_TEAM_01_SRR.pdf , page103 
used on input line 212.
(pdftex.def)             Requested size: 597.78697pt x 773.60669pt.
File: Resources/LSPACE/LSPACE-MCA_TEAM_01_SRR.pdf Graphic file (type pdf)
<use Resources/LSPACE/LSPACE-MCA_TEAM_01_SRR.pdf, page 103>
Package pdftex.def Info: Resources/LSPACE/LSPACE-MCA_TEAM_01_SRR.pdf , page103 
used on input line 212.
(pdftex.def)             Requested size: 597.78697pt x 773.60669pt.
 [340 <./Resources/LSPACE/LSPACE-MCA_TEAM_01_SRR.pdf>]
<Resources/LSPACE/LSPACE-MCA_TEAM_01_SRR.pdf, id=3302, page=104, 614.295pt x 79
4.97pt>
File: Resources/LSPACE/LSPACE-MCA_TEAM_01_SRR.pdf Graphic file (type pdf)
<use Resources/LSPACE/LSPACE-MCA_TEAM_01_SRR.pdf, page 104>
Package pdftex.def Info: Resources/LSPACE/LSPACE-MCA_TEAM_01_SRR.pdf , page104 
used on input line 212.
(pdftex.def)             Requested size: 597.78697pt x 773.60669pt.
File: Resources/LSPACE/LSPACE-MCA_TEAM_01_SRR.pdf Graphic file (type pdf)
<use Resources/LSPACE/LSPACE-MCA_TEAM_01_SRR.pdf, page 104>
Package pdftex.def Info: Resources/LSPACE/LSPACE-MCA_TEAM_01_SRR.pdf , page104 
used on input line 212.
(pdftex.def)             Requested size: 597.78697pt x 773.60669pt.
File: Resources/LSPACE/LSPACE-MCA_TEAM_01_SRR.pdf Graphic file (type pdf)
<use Resources/LSPACE/LSPACE-MCA_TEAM_01_SRR.pdf, page 104>
Package pdftex.def Info: Resources/LSPACE/LSPACE-MCA_TEAM_01_SRR.pdf , page104 
used on input line 212.
(pdftex.def)             Requested size: 597.78697pt x 773.60669pt.
 [341 <./Resources/LSPACE/LSPACE-MCA_TEAM_01_SRR.pdf>]
<Resources/LSPACE/LSPACE-MCA_TEAM_01_SRR.pdf, id=3307, page=105, 614.295pt x 79
4.97pt>
File: Resources/LSPACE/LSPACE-MCA_TEAM_01_SRR.pdf Graphic file (type pdf)
<use Resources/LSPACE/LSPACE-MCA_TEAM_01_SRR.pdf, page 105>
Package pdftex.def Info: Resources/LSPACE/LSPACE-MCA_TEAM_01_SRR.pdf , page105 
used on input line 212.
(pdftex.def)             Requested size: 597.78697pt x 773.60669pt.
File: Resources/LSPACE/LSPACE-MCA_TEAM_01_SRR.pdf Graphic file (type pdf)
<use Resources/LSPACE/LSPACE-MCA_TEAM_01_SRR.pdf, page 105>
Package pdftex.def Info: Resources/LSPACE/LSPACE-MCA_TEAM_01_SRR.pdf , page105 
used on input line 212.
(pdftex.def)             Requested size: 597.78697pt x 773.60669pt.
File: Resources/LSPACE/LSPACE-MCA_TEAM_01_SRR.pdf Graphic file (type pdf)
<use Resources/LSPACE/LSPACE-MCA_TEAM_01_SRR.pdf, page 105>
Package pdftex.def Info: Resources/LSPACE/LSPACE-MCA_TEAM_01_SRR.pdf , page105 
used on input line 212.
(pdftex.def)             Requested size: 597.78697pt x 773.60669pt.
 [342 <./Resources/LSPACE/LSPACE-MCA_TEAM_01_SRR.pdf>]
<Resources/LSPACE/LSPACE-MCA_TEAM_01_SRR.pdf, id=3312, page=106, 614.295pt x 79
4.97pt>
File: Resources/LSPACE/LSPACE-MCA_TEAM_01_SRR.pdf Graphic file (type pdf)
<use Resources/LSPACE/LSPACE-MCA_TEAM_01_SRR.pdf, page 106>
Package pdftex.def Info: Resources/LSPACE/LSPACE-MCA_TEAM_01_SRR.pdf , page106 
used on input line 212.
(pdftex.def)             Requested size: 597.78697pt x 773.60669pt.
File: Resources/LSPACE/LSPACE-MCA_TEAM_01_SRR.pdf Graphic file (type pdf)
<use Resources/LSPACE/LSPACE-MCA_TEAM_01_SRR.pdf, page 106>
Package pdftex.def Info: Resources/LSPACE/LSPACE-MCA_TEAM_01_SRR.pdf , page106 
used on input line 212.
(pdftex.def)             Requested size: 597.78697pt x 773.60669pt.
File: Resources/LSPACE/LSPACE-MCA_TEAM_01_SRR.pdf Graphic file (type pdf)
<use Resources/LSPACE/LSPACE-MCA_TEAM_01_SRR.pdf, page 106>
Package pdftex.def Info: Resources/LSPACE/LSPACE-MCA_TEAM_01_SRR.pdf , page106 
used on input line 212.
(pdftex.def)             Requested size: 597.78697pt x 773.60669pt.
 [343 <./Resources/LSPACE/LSPACE-MCA_TEAM_01_SRR.pdf>]
<Resources/LSPACE/LSPACE-MCA_TEAM_01_SRR.pdf, id=3318, page=107, 614.295pt x 79
4.97pt>
File: Resources/LSPACE/LSPACE-MCA_TEAM_01_SRR.pdf Graphic file (type pdf)
<use Resources/LSPACE/LSPACE-MCA_TEAM_01_SRR.pdf, page 107>
Package pdftex.def Info: Resources/LSPACE/LSPACE-MCA_TEAM_01_SRR.pdf , page107 
used on input line 212.
(pdftex.def)             Requested size: 597.78697pt x 773.60669pt.
File: Resources/LSPACE/LSPACE-MCA_TEAM_01_SRR.pdf Graphic file (type pdf)
<use Resources/LSPACE/LSPACE-MCA_TEAM_01_SRR.pdf, page 107>
Package pdftex.def Info: Resources/LSPACE/LSPACE-MCA_TEAM_01_SRR.pdf , page107 
used on input line 212.
(pdftex.def)             Requested size: 597.78697pt x 773.60669pt.
File: Resources/LSPACE/LSPACE-MCA_TEAM_01_SRR.pdf Graphic file (type pdf)
<use Resources/LSPACE/LSPACE-MCA_TEAM_01_SRR.pdf, page 107>
Package pdftex.def Info: Resources/LSPACE/LSPACE-MCA_TEAM_01_SRR.pdf , page107 
used on input line 212.
(pdftex.def)             Requested size: 597.78697pt x 773.60669pt.
 [344 <./Resources/LSPACE/LSPACE-MCA_TEAM_01_SRR.pdf>]
<Resources/LSPACE/LSPACE-MCA_TEAM_01_SRR.pdf, id=3323, page=108, 614.295pt x 79
4.97pt>
File: Resources/LSPACE/LSPACE-MCA_TEAM_01_SRR.pdf Graphic file (type pdf)
<use Resources/LSPACE/LSPACE-MCA_TEAM_01_SRR.pdf, page 108>
Package pdftex.def Info: Resources/LSPACE/LSPACE-MCA_TEAM_01_SRR.pdf , page108 
used on input line 212.
(pdftex.def)             Requested size: 597.78697pt x 773.60669pt.
File: Resources/LSPACE/LSPACE-MCA_TEAM_01_SRR.pdf Graphic file (type pdf)
<use Resources/LSPACE/LSPACE-MCA_TEAM_01_SRR.pdf, page 108>
Package pdftex.def Info: Resources/LSPACE/LSPACE-MCA_TEAM_01_SRR.pdf , page108 
used on input line 212.
(pdftex.def)             Requested size: 597.78697pt x 773.60669pt.
File: Resources/LSPACE/LSPACE-MCA_TEAM_01_SRR.pdf Graphic file (type pdf)
<use Resources/LSPACE/LSPACE-MCA_TEAM_01_SRR.pdf, page 108>
Package pdftex.def Info: Resources/LSPACE/LSPACE-MCA_TEAM_01_SRR.pdf , page108 
used on input line 212.
(pdftex.def)             Requested size: 597.78697pt x 773.60669pt.
 [345 <./Resources/LSPACE/LSPACE-MCA_TEAM_01_SRR.pdf>]
<Resources/LSPACE/LSPACE-MCA_TEAM_01_SRR.pdf, id=3328, page=109, 614.295pt x 79
4.97pt>
File: Resources/LSPACE/LSPACE-MCA_TEAM_01_SRR.pdf Graphic file (type pdf)
<use Resources/LSPACE/LSPACE-MCA_TEAM_01_SRR.pdf, page 109>
Package pdftex.def Info: Resources/LSPACE/LSPACE-MCA_TEAM_01_SRR.pdf , page109 
used on input line 212.
(pdftex.def)             Requested size: 597.78697pt x 773.60669pt.
File: Resources/LSPACE/LSPACE-MCA_TEAM_01_SRR.pdf Graphic file (type pdf)
<use Resources/LSPACE/LSPACE-MCA_TEAM_01_SRR.pdf, page 109>
Package pdftex.def Info: Resources/LSPACE/LSPACE-MCA_TEAM_01_SRR.pdf , page109 
used on input line 212.
(pdftex.def)             Requested size: 597.78697pt x 773.60669pt.
File: Resources/LSPACE/LSPACE-MCA_TEAM_01_SRR.pdf Graphic file (type pdf)
<use Resources/LSPACE/LSPACE-MCA_TEAM_01_SRR.pdf, page 109>
Package pdftex.def Info: Resources/LSPACE/LSPACE-MCA_TEAM_01_SRR.pdf , page109 
used on input line 212.
(pdftex.def)             Requested size: 597.78697pt x 773.60669pt.
 [346 <./Resources/LSPACE/LSPACE-MCA_TEAM_01_SRR.pdf>]
<Resources/LSPACE/LSPACE-MCA_TEAM_01_SRR.pdf, id=3333, page=110, 614.295pt x 79
4.97pt>
File: Resources/LSPACE/LSPACE-MCA_TEAM_01_SRR.pdf Graphic file (type pdf)
<use Resources/LSPACE/LSPACE-MCA_TEAM_01_SRR.pdf, page 110>
Package pdftex.def Info: Resources/LSPACE/LSPACE-MCA_TEAM_01_SRR.pdf , page110 
used on input line 212.
(pdftex.def)             Requested size: 597.78697pt x 773.60669pt.
File: Resources/LSPACE/LSPACE-MCA_TEAM_01_SRR.pdf Graphic file (type pdf)
<use Resources/LSPACE/LSPACE-MCA_TEAM_01_SRR.pdf, page 110>
Package pdftex.def Info: Resources/LSPACE/LSPACE-MCA_TEAM_01_SRR.pdf , page110 
used on input line 212.
(pdftex.def)             Requested size: 597.78697pt x 773.60669pt.
File: Resources/LSPACE/LSPACE-MCA_TEAM_01_SRR.pdf Graphic file (type pdf)
<use Resources/LSPACE/LSPACE-MCA_TEAM_01_SRR.pdf, page 110>
Package pdftex.def Info: Resources/LSPACE/LSPACE-MCA_TEAM_01_SRR.pdf , page110 
used on input line 212.
(pdftex.def)             Requested size: 597.78697pt x 773.60669pt.
 [347 <./Resources/LSPACE/LSPACE-MCA_TEAM_01_SRR.pdf>]
<Resources/LSPACE/LSPACE-MCA_TEAM_01_SRR.pdf, id=3338, page=111, 614.295pt x 79
4.97pt>
File: Resources/LSPACE/LSPACE-MCA_TEAM_01_SRR.pdf Graphic file (type pdf)
<use Resources/LSPACE/LSPACE-MCA_TEAM_01_SRR.pdf, page 111>
Package pdftex.def Info: Resources/LSPACE/LSPACE-MCA_TEAM_01_SRR.pdf , page111 
used on input line 212.
(pdftex.def)             Requested size: 597.78697pt x 773.60669pt.
File: Resources/LSPACE/LSPACE-MCA_TEAM_01_SRR.pdf Graphic file (type pdf)
<use Resources/LSPACE/LSPACE-MCA_TEAM_01_SRR.pdf, page 111>
Package pdftex.def Info: Resources/LSPACE/LSPACE-MCA_TEAM_01_SRR.pdf , page111 
used on input line 212.
(pdftex.def)             Requested size: 597.78697pt x 773.60669pt.
File: Resources/LSPACE/LSPACE-MCA_TEAM_01_SRR.pdf Graphic file (type pdf)
<use Resources/LSPACE/LSPACE-MCA_TEAM_01_SRR.pdf, page 111>
Package pdftex.def Info: Resources/LSPACE/LSPACE-MCA_TEAM_01_SRR.pdf , page111 
used on input line 212.
(pdftex.def)             Requested size: 597.78697pt x 773.60669pt.
 [348 <./Resources/LSPACE/LSPACE-MCA_TEAM_01_SRR.pdf>]
<Resources/LSPACE/LSPACE-MCA_TEAM_01_SRR.pdf, id=3343, page=112, 614.295pt x 79
4.97pt>
File: Resources/LSPACE/LSPACE-MCA_TEAM_01_SRR.pdf Graphic file (type pdf)
<use Resources/LSPACE/LSPACE-MCA_TEAM_01_SRR.pdf, page 112>
Package pdftex.def Info: Resources/LSPACE/LSPACE-MCA_TEAM_01_SRR.pdf , page112 
used on input line 212.
(pdftex.def)             Requested size: 597.78697pt x 773.60669pt.
File: Resources/LSPACE/LSPACE-MCA_TEAM_01_SRR.pdf Graphic file (type pdf)
<use Resources/LSPACE/LSPACE-MCA_TEAM_01_SRR.pdf, page 112>
Package pdftex.def Info: Resources/LSPACE/LSPACE-MCA_TEAM_01_SRR.pdf , page112 
used on input line 212.
(pdftex.def)             Requested size: 597.78697pt x 773.60669pt.
File: Resources/LSPACE/LSPACE-MCA_TEAM_01_SRR.pdf Graphic file (type pdf)
<use Resources/LSPACE/LSPACE-MCA_TEAM_01_SRR.pdf, page 112>
Package pdftex.def Info: Resources/LSPACE/LSPACE-MCA_TEAM_01_SRR.pdf , page112 
used on input line 212.
(pdftex.def)             Requested size: 597.78697pt x 773.60669pt.
 [349 <./Resources/LSPACE/LSPACE-MCA_TEAM_01_SRR.pdf>]
<Resources/LSPACE/LSPACE-MCA_TEAM_01_SRR.pdf, id=3349, page=113, 614.295pt x 79
4.97pt>
File: Resources/LSPACE/LSPACE-MCA_TEAM_01_SRR.pdf Graphic file (type pdf)
<use Resources/LSPACE/LSPACE-MCA_TEAM_01_SRR.pdf, page 113>
Package pdftex.def Info: Resources/LSPACE/LSPACE-MCA_TEAM_01_SRR.pdf , page113 
used on input line 212.
(pdftex.def)             Requested size: 597.78697pt x 773.60669pt.
File: Resources/LSPACE/LSPACE-MCA_TEAM_01_SRR.pdf Graphic file (type pdf)
<use Resources/LSPACE/LSPACE-MCA_TEAM_01_SRR.pdf, page 113>
Package pdftex.def Info: Resources/LSPACE/LSPACE-MCA_TEAM_01_SRR.pdf , page113 
used on input line 212.
(pdftex.def)             Requested size: 597.78697pt x 773.60669pt.
File: Resources/LSPACE/LSPACE-MCA_TEAM_01_SRR.pdf Graphic file (type pdf)
<use Resources/LSPACE/LSPACE-MCA_TEAM_01_SRR.pdf, page 113>
Package pdftex.def Info: Resources/LSPACE/LSPACE-MCA_TEAM_01_SRR.pdf , page113 
used on input line 212.
(pdftex.def)             Requested size: 597.78697pt x 773.60669pt.
 [350 <./Resources/LSPACE/LSPACE-MCA_TEAM_01_SRR.pdf>]
<Resources/LSPACE/LSPACE-MCA_TEAM_01_SRR.pdf, id=3354, page=114, 614.295pt x 79
4.97pt>
File: Resources/LSPACE/LSPACE-MCA_TEAM_01_SRR.pdf Graphic file (type pdf)
<use Resources/LSPACE/LSPACE-MCA_TEAM_01_SRR.pdf, page 114>
Package pdftex.def Info: Resources/LSPACE/LSPACE-MCA_TEAM_01_SRR.pdf , page114 
used on input line 212.
(pdftex.def)             Requested size: 597.78697pt x 773.60669pt.
File: Resources/LSPACE/LSPACE-MCA_TEAM_01_SRR.pdf Graphic file (type pdf)
<use Resources/LSPACE/LSPACE-MCA_TEAM_01_SRR.pdf, page 114>
Package pdftex.def Info: Resources/LSPACE/LSPACE-MCA_TEAM_01_SRR.pdf , page114 
used on input line 212.
(pdftex.def)             Requested size: 597.78697pt x 773.60669pt.
File: Resources/LSPACE/LSPACE-MCA_TEAM_01_SRR.pdf Graphic file (type pdf)
<use Resources/LSPACE/LSPACE-MCA_TEAM_01_SRR.pdf, page 114>
Package pdftex.def Info: Resources/LSPACE/LSPACE-MCA_TEAM_01_SRR.pdf , page114 
used on input line 212.
(pdftex.def)             Requested size: 597.78697pt x 773.60669pt.
 [351 <./Resources/LSPACE/LSPACE-MCA_TEAM_01_SRR.pdf>]
<Resources/LSPACE/LSPACE-MCA_TEAM_01_SRR.pdf, id=3359, page=115, 614.295pt x 79
4.97pt>
File: Resources/LSPACE/LSPACE-MCA_TEAM_01_SRR.pdf Graphic file (type pdf)
<use Resources/LSPACE/LSPACE-MCA_TEAM_01_SRR.pdf, page 115>
Package pdftex.def Info: Resources/LSPACE/LSPACE-MCA_TEAM_01_SRR.pdf , page115 
used on input line 212.
(pdftex.def)             Requested size: 597.78697pt x 773.60669pt.
File: Resources/LSPACE/LSPACE-MCA_TEAM_01_SRR.pdf Graphic file (type pdf)
<use Resources/LSPACE/LSPACE-MCA_TEAM_01_SRR.pdf, page 115>
Package pdftex.def Info: Resources/LSPACE/LSPACE-MCA_TEAM_01_SRR.pdf , page115 
used on input line 212.
(pdftex.def)             Requested size: 597.78697pt x 773.60669pt.
File: Resources/LSPACE/LSPACE-MCA_TEAM_01_SRR.pdf Graphic file (type pdf)
<use Resources/LSPACE/LSPACE-MCA_TEAM_01_SRR.pdf, page 115>
Package pdftex.def Info: Resources/LSPACE/LSPACE-MCA_TEAM_01_SRR.pdf , page115 
used on input line 212.
(pdftex.def)             Requested size: 597.78697pt x 773.60669pt.
 [352 <./Resources/LSPACE/LSPACE-MCA_TEAM_01_SRR.pdf>]
<Resources/LSPACE/LSPACE-MCA_TEAM_01_MDR.pdf, id=3366, 614.295pt x 794.97pt>
File: Resources/LSPACE/LSPACE-MCA_TEAM_01_MDR.pdf Graphic file (type pdf)
<use Resources/LSPACE/LSPACE-MCA_TEAM_01_MDR.pdf>
Package pdftex.def Info: Resources/LSPACE/LSPACE-MCA_TEAM_01_MDR.pdf  used on i
nput line 213.
(pdftex.def)             Requested size: 614.29349pt x 794.96806pt.
File: Resources/LSPACE/LSPACE-MCA_TEAM_01_MDR.pdf Graphic file (type pdf)
<use Resources/LSPACE/LSPACE-MCA_TEAM_01_MDR.pdf>
Package pdftex.def Info: Resources/LSPACE/LSPACE-MCA_TEAM_01_MDR.pdf  used on i
nput line 213.
(pdftex.def)             Requested size: 614.29349pt x 794.96806pt.
<Resources/LSPACE/LSPACE-MCA_TEAM_01_MDR.pdf, id=3369, page=1, 614.295pt x 794.
97pt>
File: Resources/LSPACE/LSPACE-MCA_TEAM_01_MDR.pdf Graphic file (type pdf)
<use Resources/LSPACE/LSPACE-MCA_TEAM_01_MDR.pdf, page 1>
Package pdftex.def Info: Resources/LSPACE/LSPACE-MCA_TEAM_01_MDR.pdf , page1 us
ed on input line 213.
(pdftex.def)             Requested size: 614.29349pt x 794.96806pt.
File: Resources/LSPACE/LSPACE-MCA_TEAM_01_MDR.pdf Graphic file (type pdf)
<use Resources/LSPACE/LSPACE-MCA_TEAM_01_MDR.pdf, page 1>
Package pdftex.def Info: Resources/LSPACE/LSPACE-MCA_TEAM_01_MDR.pdf , page1 us
ed on input line 213.
(pdftex.def)             Requested size: 597.78697pt x 773.60669pt.
File: Resources/LSPACE/LSPACE-MCA_TEAM_01_MDR.pdf Graphic file (type pdf)
<use Resources/LSPACE/LSPACE-MCA_TEAM_01_MDR.pdf, page 1>
Package pdftex.def Info: Resources/LSPACE/LSPACE-MCA_TEAM_01_MDR.pdf , page1 us
ed on input line 213.
(pdftex.def)             Requested size: 597.78697pt x 773.60669pt.
File: Resources/LSPACE/LSPACE-MCA_TEAM_01_MDR.pdf Graphic file (type pdf)
<use Resources/LSPACE/LSPACE-MCA_TEAM_01_MDR.pdf, page 1>
Package pdftex.def Info: Resources/LSPACE/LSPACE-MCA_TEAM_01_MDR.pdf , page1 us
ed on input line 213.
(pdftex.def)             Requested size: 597.78697pt x 773.60669pt.
File: Resources/LSPACE/LSPACE-MCA_TEAM_01_MDR.pdf Graphic file (type pdf)
<use Resources/LSPACE/LSPACE-MCA_TEAM_01_MDR.pdf, page 1>
Package pdftex.def Info: Resources/LSPACE/LSPACE-MCA_TEAM_01_MDR.pdf , page1 us
ed on input line 213.
(pdftex.def)             Requested size: 597.78697pt x 773.60669pt.
 [353 <./Resources/LSPACE/LSPACE-MCA_TEAM_01_MDR.pdf>]
<Resources/LSPACE/LSPACE-MCA_TEAM_01_MDR.pdf, id=3419, page=2, 614.295pt x 794.
97pt>
File: Resources/LSPACE/LSPACE-MCA_TEAM_01_MDR.pdf Graphic file (type pdf)
<use Resources/LSPACE/LSPACE-MCA_TEAM_01_MDR.pdf, page 2>
Package pdftex.def Info: Resources/LSPACE/LSPACE-MCA_TEAM_01_MDR.pdf , page2 us
ed on input line 213.
(pdftex.def)             Requested size: 597.78697pt x 773.60669pt.
File: Resources/LSPACE/LSPACE-MCA_TEAM_01_MDR.pdf Graphic file (type pdf)
<use Resources/LSPACE/LSPACE-MCA_TEAM_01_MDR.pdf, page 2>
Package pdftex.def Info: Resources/LSPACE/LSPACE-MCA_TEAM_01_MDR.pdf , page2 us
ed on input line 213.
(pdftex.def)             Requested size: 597.78697pt x 773.60669pt.
File: Resources/LSPACE/LSPACE-MCA_TEAM_01_MDR.pdf Graphic file (type pdf)
<use Resources/LSPACE/LSPACE-MCA_TEAM_01_MDR.pdf, page 2>
Package pdftex.def Info: Resources/LSPACE/LSPACE-MCA_TEAM_01_MDR.pdf , page2 us
ed on input line 213.
(pdftex.def)             Requested size: 597.78697pt x 773.60669pt.
 [354 <./Resources/LSPACE/LSPACE-MCA_TEAM_01_MDR.pdf>]
<Resources/LSPACE/LSPACE-MCA_TEAM_01_MDR.pdf, id=3424, page=3, 614.295pt x 794.
97pt>
File: Resources/LSPACE/LSPACE-MCA_TEAM_01_MDR.pdf Graphic file (type pdf)
<use Resources/LSPACE/LSPACE-MCA_TEAM_01_MDR.pdf, page 3>
Package pdftex.def Info: Resources/LSPACE/LSPACE-MCA_TEAM_01_MDR.pdf , page3 us
ed on input line 213.
(pdftex.def)             Requested size: 597.78697pt x 773.60669pt.
File: Resources/LSPACE/LSPACE-MCA_TEAM_01_MDR.pdf Graphic file (type pdf)
<use Resources/LSPACE/LSPACE-MCA_TEAM_01_MDR.pdf, page 3>
Package pdftex.def Info: Resources/LSPACE/LSPACE-MCA_TEAM_01_MDR.pdf , page3 us
ed on input line 213.
(pdftex.def)             Requested size: 597.78697pt x 773.60669pt.
File: Resources/LSPACE/LSPACE-MCA_TEAM_01_MDR.pdf Graphic file (type pdf)
<use Resources/LSPACE/LSPACE-MCA_TEAM_01_MDR.pdf, page 3>
Package pdftex.def Info: Resources/LSPACE/LSPACE-MCA_TEAM_01_MDR.pdf , page3 us
ed on input line 213.
(pdftex.def)             Requested size: 597.78697pt x 773.60669pt.

[355 <./Resources/LSPACE/LSPACE-MCA_TEAM_01_MDR.pdf>]
<Resources/LSPACE/LSPACE-MCA_TEAM_01_MDR.pdf, id=3430, page=4, 614.295pt x 794.
97pt>
File: Resources/LSPACE/LSPACE-MCA_TEAM_01_MDR.pdf Graphic file (type pdf)
<use Resources/LSPACE/LSPACE-MCA_TEAM_01_MDR.pdf, page 4>
Package pdftex.def Info: Resources/LSPACE/LSPACE-MCA_TEAM_01_MDR.pdf , page4 us
ed on input line 213.
(pdftex.def)             Requested size: 597.78697pt x 773.60669pt.
File: Resources/LSPACE/LSPACE-MCA_TEAM_01_MDR.pdf Graphic file (type pdf)
<use Resources/LSPACE/LSPACE-MCA_TEAM_01_MDR.pdf, page 4>
Package pdftex.def Info: Resources/LSPACE/LSPACE-MCA_TEAM_01_MDR.pdf , page4 us
ed on input line 213.
(pdftex.def)             Requested size: 597.78697pt x 773.60669pt.
File: Resources/LSPACE/LSPACE-MCA_TEAM_01_MDR.pdf Graphic file (type pdf)
<use Resources/LSPACE/LSPACE-MCA_TEAM_01_MDR.pdf, page 4>
Package pdftex.def Info: Resources/LSPACE/LSPACE-MCA_TEAM_01_MDR.pdf , page4 us
ed on input line 213.
(pdftex.def)             Requested size: 597.78697pt x 773.60669pt.
 [356 <./Resources/LSPACE/LSPACE-MCA_TEAM_01_MDR.pdf>]
<Resources/LSPACE/LSPACE-MCA_TEAM_01_MDR.pdf, id=3435, page=5, 614.295pt x 794.
97pt>
File: Resources/LSPACE/LSPACE-MCA_TEAM_01_MDR.pdf Graphic file (type pdf)
<use Resources/LSPACE/LSPACE-MCA_TEAM_01_MDR.pdf, page 5>
Package pdftex.def Info: Resources/LSPACE/LSPACE-MCA_TEAM_01_MDR.pdf , page5 us
ed on input line 213.
(pdftex.def)             Requested size: 597.78697pt x 773.60669pt.
File: Resources/LSPACE/LSPACE-MCA_TEAM_01_MDR.pdf Graphic file (type pdf)
<use Resources/LSPACE/LSPACE-MCA_TEAM_01_MDR.pdf, page 5>
Package pdftex.def Info: Resources/LSPACE/LSPACE-MCA_TEAM_01_MDR.pdf , page5 us
ed on input line 213.
(pdftex.def)             Requested size: 597.78697pt x 773.60669pt.
File: Resources/LSPACE/LSPACE-MCA_TEAM_01_MDR.pdf Graphic file (type pdf)
<use Resources/LSPACE/LSPACE-MCA_TEAM_01_MDR.pdf, page 5>
Package pdftex.def Info: Resources/LSPACE/LSPACE-MCA_TEAM_01_MDR.pdf , page5 us
ed on input line 213.
(pdftex.def)             Requested size: 597.78697pt x 773.60669pt.
 [357 <./Resources/LSPACE/LSPACE-MCA_TEAM_01_MDR.pdf>]
<Resources/LSPACE/LSPACE-MCA_TEAM_01_MDR.pdf, id=3440, page=6, 614.295pt x 794.
97pt>
File: Resources/LSPACE/LSPACE-MCA_TEAM_01_MDR.pdf Graphic file (type pdf)
<use Resources/LSPACE/LSPACE-MCA_TEAM_01_MDR.pdf, page 6>
Package pdftex.def Info: Resources/LSPACE/LSPACE-MCA_TEAM_01_MDR.pdf , page6 us
ed on input line 213.
(pdftex.def)             Requested size: 597.78697pt x 773.60669pt.
File: Resources/LSPACE/LSPACE-MCA_TEAM_01_MDR.pdf Graphic file (type pdf)
<use Resources/LSPACE/LSPACE-MCA_TEAM_01_MDR.pdf, page 6>
Package pdftex.def Info: Resources/LSPACE/LSPACE-MCA_TEAM_01_MDR.pdf , page6 us
ed on input line 213.
(pdftex.def)             Requested size: 597.78697pt x 773.60669pt.
File: Resources/LSPACE/LSPACE-MCA_TEAM_01_MDR.pdf Graphic file (type pdf)
<use Resources/LSPACE/LSPACE-MCA_TEAM_01_MDR.pdf, page 6>
Package pdftex.def Info: Resources/LSPACE/LSPACE-MCA_TEAM_01_MDR.pdf , page6 us
ed on input line 213.
(pdftex.def)             Requested size: 597.78697pt x 773.60669pt.
 [358 <./Resources/LSPACE/LSPACE-MCA_TEAM_01_MDR.pdf>]
<Resources/LSPACE/LSPACE-MCA_TEAM_01_MDR.pdf, id=3445, page=7, 614.295pt x 794.
97pt>
File: Resources/LSPACE/LSPACE-MCA_TEAM_01_MDR.pdf Graphic file (type pdf)
<use Resources/LSPACE/LSPACE-MCA_TEAM_01_MDR.pdf, page 7>
Package pdftex.def Info: Resources/LSPACE/LSPACE-MCA_TEAM_01_MDR.pdf , page7 us
ed on input line 213.
(pdftex.def)             Requested size: 597.78697pt x 773.60669pt.
File: Resources/LSPACE/LSPACE-MCA_TEAM_01_MDR.pdf Graphic file (type pdf)
<use Resources/LSPACE/LSPACE-MCA_TEAM_01_MDR.pdf, page 7>
Package pdftex.def Info: Resources/LSPACE/LSPACE-MCA_TEAM_01_MDR.pdf , page7 us
ed on input line 213.
(pdftex.def)             Requested size: 597.78697pt x 773.60669pt.
File: Resources/LSPACE/LSPACE-MCA_TEAM_01_MDR.pdf Graphic file (type pdf)
<use Resources/LSPACE/LSPACE-MCA_TEAM_01_MDR.pdf, page 7>
Package pdftex.def Info: Resources/LSPACE/LSPACE-MCA_TEAM_01_MDR.pdf , page7 us
ed on input line 213.
(pdftex.def)             Requested size: 597.78697pt x 773.60669pt.
 [359 <./Resources/LSPACE/LSPACE-MCA_TEAM_01_MDR.pdf>]
<Resources/LSPACE/LSPACE-MCA_TEAM_01_MDR.pdf, id=3450, page=8, 614.295pt x 794.
97pt>
File: Resources/LSPACE/LSPACE-MCA_TEAM_01_MDR.pdf Graphic file (type pdf)
<use Resources/LSPACE/LSPACE-MCA_TEAM_01_MDR.pdf, page 8>
Package pdftex.def Info: Resources/LSPACE/LSPACE-MCA_TEAM_01_MDR.pdf , page8 us
ed on input line 213.
(pdftex.def)             Requested size: 597.78697pt x 773.60669pt.
File: Resources/LSPACE/LSPACE-MCA_TEAM_01_MDR.pdf Graphic file (type pdf)
<use Resources/LSPACE/LSPACE-MCA_TEAM_01_MDR.pdf, page 8>
Package pdftex.def Info: Resources/LSPACE/LSPACE-MCA_TEAM_01_MDR.pdf , page8 us
ed on input line 213.
(pdftex.def)             Requested size: 597.78697pt x 773.60669pt.
File: Resources/LSPACE/LSPACE-MCA_TEAM_01_MDR.pdf Graphic file (type pdf)
<use Resources/LSPACE/LSPACE-MCA_TEAM_01_MDR.pdf, page 8>
Package pdftex.def Info: Resources/LSPACE/LSPACE-MCA_TEAM_01_MDR.pdf , page8 us
ed on input line 213.
(pdftex.def)             Requested size: 597.78697pt x 773.60669pt.
 [360 <./Resources/LSPACE/LSPACE-MCA_TEAM_01_MDR.pdf>]
<Resources/LSPACE/LSPACE-MCA_TEAM_01_MDR.pdf, id=3460, page=9, 614.295pt x 794.
97pt>
File: Resources/LSPACE/LSPACE-MCA_TEAM_01_MDR.pdf Graphic file (type pdf)
<use Resources/LSPACE/LSPACE-MCA_TEAM_01_MDR.pdf, page 9>
Package pdftex.def Info: Resources/LSPACE/LSPACE-MCA_TEAM_01_MDR.pdf , page9 us
ed on input line 213.
(pdftex.def)             Requested size: 597.78697pt x 773.60669pt.
File: Resources/LSPACE/LSPACE-MCA_TEAM_01_MDR.pdf Graphic file (type pdf)
<use Resources/LSPACE/LSPACE-MCA_TEAM_01_MDR.pdf, page 9>
Package pdftex.def Info: Resources/LSPACE/LSPACE-MCA_TEAM_01_MDR.pdf , page9 us
ed on input line 213.
(pdftex.def)             Requested size: 597.78697pt x 773.60669pt.
File: Resources/LSPACE/LSPACE-MCA_TEAM_01_MDR.pdf Graphic file (type pdf)
<use Resources/LSPACE/LSPACE-MCA_TEAM_01_MDR.pdf, page 9>
Package pdftex.def Info: Resources/LSPACE/LSPACE-MCA_TEAM_01_MDR.pdf , page9 us
ed on input line 213.
(pdftex.def)             Requested size: 597.78697pt x 773.60669pt.
 [361 <./Resources/LSPACE/LSPACE-MCA_TEAM_01_MDR.pdf>]
<Resources/LSPACE/LSPACE-MCA_TEAM_01_MDR.pdf, id=3466, page=10, 614.295pt x 794
.97pt>
File: Resources/LSPACE/LSPACE-MCA_TEAM_01_MDR.pdf Graphic file (type pdf)
<use Resources/LSPACE/LSPACE-MCA_TEAM_01_MDR.pdf, page 10>
Package pdftex.def Info: Resources/LSPACE/LSPACE-MCA_TEAM_01_MDR.pdf , page10 u
sed on input line 213.
(pdftex.def)             Requested size: 597.78697pt x 773.60669pt.
File: Resources/LSPACE/LSPACE-MCA_TEAM_01_MDR.pdf Graphic file (type pdf)
<use Resources/LSPACE/LSPACE-MCA_TEAM_01_MDR.pdf, page 10>
Package pdftex.def Info: Resources/LSPACE/LSPACE-MCA_TEAM_01_MDR.pdf , page10 u
sed on input line 213.
(pdftex.def)             Requested size: 597.78697pt x 773.60669pt.
File: Resources/LSPACE/LSPACE-MCA_TEAM_01_MDR.pdf Graphic file (type pdf)
<use Resources/LSPACE/LSPACE-MCA_TEAM_01_MDR.pdf, page 10>
Package pdftex.def Info: Resources/LSPACE/LSPACE-MCA_TEAM_01_MDR.pdf , page10 u
sed on input line 213.
(pdftex.def)             Requested size: 597.78697pt x 773.60669pt.
 [362 <./Resources/LSPACE/LSPACE-MCA_TEAM_01_MDR.pdf>]
<Resources/LSPACE/LSPACE-MCA_TEAM_01_MDR.pdf, id=3477, page=11, 614.295pt x 794
.97pt>
File: Resources/LSPACE/LSPACE-MCA_TEAM_01_MDR.pdf Graphic file (type pdf)
<use Resources/LSPACE/LSPACE-MCA_TEAM_01_MDR.pdf, page 11>
Package pdftex.def Info: Resources/LSPACE/LSPACE-MCA_TEAM_01_MDR.pdf , page11 u
sed on input line 213.
(pdftex.def)             Requested size: 597.78697pt x 773.60669pt.
File: Resources/LSPACE/LSPACE-MCA_TEAM_01_MDR.pdf Graphic file (type pdf)
<use Resources/LSPACE/LSPACE-MCA_TEAM_01_MDR.pdf, page 11>
Package pdftex.def Info: Resources/LSPACE/LSPACE-MCA_TEAM_01_MDR.pdf , page11 u
sed on input line 213.
(pdftex.def)             Requested size: 597.78697pt x 773.60669pt.
File: Resources/LSPACE/LSPACE-MCA_TEAM_01_MDR.pdf Graphic file (type pdf)
<use Resources/LSPACE/LSPACE-MCA_TEAM_01_MDR.pdf, page 11>
Package pdftex.def Info: Resources/LSPACE/LSPACE-MCA_TEAM_01_MDR.pdf , page11 u
sed on input line 213.
(pdftex.def)             Requested size: 597.78697pt x 773.60669pt.
 [363 <./Resources/LSPACE/LSPACE-MCA_TEAM_01_MDR.pdf>]
<Resources/LSPACE/LSPACE-MCA_TEAM_01_MDR.pdf, id=3487, page=12, 794.97pt x 614.
295pt>
File: Resources/LSPACE/LSPACE-MCA_TEAM_01_MDR.pdf Graphic file (type pdf)
<use Resources/LSPACE/LSPACE-MCA_TEAM_01_MDR.pdf, page 12>
Package pdftex.def Info: Resources/LSPACE/LSPACE-MCA_TEAM_01_MDR.pdf , page12 u
sed on input line 213.
(pdftex.def)             Requested size: 773.60669pt x 597.78697pt.
File: Resources/LSPACE/LSPACE-MCA_TEAM_01_MDR.pdf Graphic file (type pdf)
<use Resources/LSPACE/LSPACE-MCA_TEAM_01_MDR.pdf, page 12>
Package pdftex.def Info: Resources/LSPACE/LSPACE-MCA_TEAM_01_MDR.pdf , page12 u
sed on input line 213.
(pdftex.def)             Requested size: 773.60669pt x 597.78697pt.
File: Resources/LSPACE/LSPACE-MCA_TEAM_01_MDR.pdf Graphic file (type pdf)
<use Resources/LSPACE/LSPACE-MCA_TEAM_01_MDR.pdf, page 12>
Package pdftex.def Info: Resources/LSPACE/LSPACE-MCA_TEAM_01_MDR.pdf , page12 u
sed on input line 213.
(pdftex.def)             Requested size: 773.60669pt x 597.78697pt.
 [364 <./Resources/LSPACE/LSPACE-MCA_TEAM_01_MDR.pdf>]
<Resources/LSPACE/LSPACE-MCA_TEAM_01_MDR.pdf, id=3493, page=13, 794.97pt x 614.
295pt>
File: Resources/LSPACE/LSPACE-MCA_TEAM_01_MDR.pdf Graphic file (type pdf)
<use Resources/LSPACE/LSPACE-MCA_TEAM_01_MDR.pdf, page 13>
Package pdftex.def Info: Resources/LSPACE/LSPACE-MCA_TEAM_01_MDR.pdf , page13 u
sed on input line 213.
(pdftex.def)             Requested size: 773.60669pt x 597.78697pt.
File: Resources/LSPACE/LSPACE-MCA_TEAM_01_MDR.pdf Graphic file (type pdf)
<use Resources/LSPACE/LSPACE-MCA_TEAM_01_MDR.pdf, page 13>
Package pdftex.def Info: Resources/LSPACE/LSPACE-MCA_TEAM_01_MDR.pdf , page13 u
sed on input line 213.
(pdftex.def)             Requested size: 773.60669pt x 597.78697pt.
File: Resources/LSPACE/LSPACE-MCA_TEAM_01_MDR.pdf Graphic file (type pdf)
<use Resources/LSPACE/LSPACE-MCA_TEAM_01_MDR.pdf, page 13>
Package pdftex.def Info: Resources/LSPACE/LSPACE-MCA_TEAM_01_MDR.pdf , page13 u
sed on input line 213.
(pdftex.def)             Requested size: 773.60669pt x 597.78697pt.
 [365 <./Resources/LSPACE/LSPACE-MCA_TEAM_01_MDR.pdf>]
<Resources/LSPACE/LSPACE-MCA_TEAM_01_MDR.pdf, id=3503, page=14, 614.295pt x 794
.97pt>
File: Resources/LSPACE/LSPACE-MCA_TEAM_01_MDR.pdf Graphic file (type pdf)
<use Resources/LSPACE/LSPACE-MCA_TEAM_01_MDR.pdf, page 14>
Package pdftex.def Info: Resources/LSPACE/LSPACE-MCA_TEAM_01_MDR.pdf , page14 u
sed on input line 213.
(pdftex.def)             Requested size: 597.78697pt x 773.60669pt.
File: Resources/LSPACE/LSPACE-MCA_TEAM_01_MDR.pdf Graphic file (type pdf)
<use Resources/LSPACE/LSPACE-MCA_TEAM_01_MDR.pdf, page 14>
Package pdftex.def Info: Resources/LSPACE/LSPACE-MCA_TEAM_01_MDR.pdf , page14 u
sed on input line 213.
(pdftex.def)             Requested size: 597.78697pt x 773.60669pt.
File: Resources/LSPACE/LSPACE-MCA_TEAM_01_MDR.pdf Graphic file (type pdf)
<use Resources/LSPACE/LSPACE-MCA_TEAM_01_MDR.pdf, page 14>
Package pdftex.def Info: Resources/LSPACE/LSPACE-MCA_TEAM_01_MDR.pdf , page14 u
sed on input line 213.
(pdftex.def)             Requested size: 597.78697pt x 773.60669pt.
 [366 <./Resources/LSPACE/LSPACE-MCA_TEAM_01_MDR.pdf>]
<Resources/LSPACE/LSPACE-MCA_TEAM_01_MDR.pdf, id=3508, page=15, 794.97pt x 614.
295pt>
File: Resources/LSPACE/LSPACE-MCA_TEAM_01_MDR.pdf Graphic file (type pdf)
<use Resources/LSPACE/LSPACE-MCA_TEAM_01_MDR.pdf, page 15>
Package pdftex.def Info: Resources/LSPACE/LSPACE-MCA_TEAM_01_MDR.pdf , page15 u
sed on input line 213.
(pdftex.def)             Requested size: 773.60669pt x 597.78697pt.
File: Resources/LSPACE/LSPACE-MCA_TEAM_01_MDR.pdf Graphic file (type pdf)
<use Resources/LSPACE/LSPACE-MCA_TEAM_01_MDR.pdf, page 15>
Package pdftex.def Info: Resources/LSPACE/LSPACE-MCA_TEAM_01_MDR.pdf , page15 u
sed on input line 213.
(pdftex.def)             Requested size: 773.60669pt x 597.78697pt.
File: Resources/LSPACE/LSPACE-MCA_TEAM_01_MDR.pdf Graphic file (type pdf)
<use Resources/LSPACE/LSPACE-MCA_TEAM_01_MDR.pdf, page 15>
Package pdftex.def Info: Resources/LSPACE/LSPACE-MCA_TEAM_01_MDR.pdf , page15 u
sed on input line 213.
(pdftex.def)             Requested size: 773.60669pt x 597.78697pt.
 [367 <./Resources/LSPACE/LSPACE-MCA_TEAM_01_MDR.pdf>]
<Resources/LSPACE/LSPACE-MCA_TEAM_01_MDR.pdf, id=3519, page=16, 794.97pt x 614.
295pt>
File: Resources/LSPACE/LSPACE-MCA_TEAM_01_MDR.pdf Graphic file (type pdf)
<use Resources/LSPACE/LSPACE-MCA_TEAM_01_MDR.pdf, page 16>
Package pdftex.def Info: Resources/LSPACE/LSPACE-MCA_TEAM_01_MDR.pdf , page16 u
sed on input line 213.
(pdftex.def)             Requested size: 773.60669pt x 597.78697pt.
File: Resources/LSPACE/LSPACE-MCA_TEAM_01_MDR.pdf Graphic file (type pdf)
<use Resources/LSPACE/LSPACE-MCA_TEAM_01_MDR.pdf, page 16>
Package pdftex.def Info: Resources/LSPACE/LSPACE-MCA_TEAM_01_MDR.pdf , page16 u
sed on input line 213.
(pdftex.def)             Requested size: 773.60669pt x 597.78697pt.
File: Resources/LSPACE/LSPACE-MCA_TEAM_01_MDR.pdf Graphic file (type pdf)
<use Resources/LSPACE/LSPACE-MCA_TEAM_01_MDR.pdf, page 16>
Package pdftex.def Info: Resources/LSPACE/LSPACE-MCA_TEAM_01_MDR.pdf , page16 u
sed on input line 213.
(pdftex.def)             Requested size: 773.60669pt x 597.78697pt.
 [368 <./Resources/LSPACE/LSPACE-MCA_TEAM_01_MDR.pdf>]
<Resources/LSPACE/LSPACE-MCA_TEAM_01_MDR.pdf, id=3524, page=17, 794.97pt x 614.
295pt>
File: Resources/LSPACE/LSPACE-MCA_TEAM_01_MDR.pdf Graphic file (type pdf)
<use Resources/LSPACE/LSPACE-MCA_TEAM_01_MDR.pdf, page 17>
Package pdftex.def Info: Resources/LSPACE/LSPACE-MCA_TEAM_01_MDR.pdf , page17 u
sed on input line 213.
(pdftex.def)             Requested size: 773.60669pt x 597.78697pt.
File: Resources/LSPACE/LSPACE-MCA_TEAM_01_MDR.pdf Graphic file (type pdf)
<use Resources/LSPACE/LSPACE-MCA_TEAM_01_MDR.pdf, page 17>
Package pdftex.def Info: Resources/LSPACE/LSPACE-MCA_TEAM_01_MDR.pdf , page17 u
sed on input line 213.
(pdftex.def)             Requested size: 773.60669pt x 597.78697pt.
File: Resources/LSPACE/LSPACE-MCA_TEAM_01_MDR.pdf Graphic file (type pdf)
<use Resources/LSPACE/LSPACE-MCA_TEAM_01_MDR.pdf, page 17>
Package pdftex.def Info: Resources/LSPACE/LSPACE-MCA_TEAM_01_MDR.pdf , page17 u
sed on input line 213.
(pdftex.def)             Requested size: 773.60669pt x 597.78697pt.
 [369 <./Resources/LSPACE/LSPACE-MCA_TEAM_01_MDR.pdf>]
<Resources/LSPACE/LSPACE-MCA_TEAM_01_MDR.pdf, id=3529, page=18, 794.97pt x 614.
295pt>
File: Resources/LSPACE/LSPACE-MCA_TEAM_01_MDR.pdf Graphic file (type pdf)
<use Resources/LSPACE/LSPACE-MCA_TEAM_01_MDR.pdf, page 18>
Package pdftex.def Info: Resources/LSPACE/LSPACE-MCA_TEAM_01_MDR.pdf , page18 u
sed on input line 213.
(pdftex.def)             Requested size: 773.60669pt x 597.78697pt.
File: Resources/LSPACE/LSPACE-MCA_TEAM_01_MDR.pdf Graphic file (type pdf)
<use Resources/LSPACE/LSPACE-MCA_TEAM_01_MDR.pdf, page 18>
Package pdftex.def Info: Resources/LSPACE/LSPACE-MCA_TEAM_01_MDR.pdf , page18 u
sed on input line 213.
(pdftex.def)             Requested size: 773.60669pt x 597.78697pt.
File: Resources/LSPACE/LSPACE-MCA_TEAM_01_MDR.pdf Graphic file (type pdf)
<use Resources/LSPACE/LSPACE-MCA_TEAM_01_MDR.pdf, page 18>
Package pdftex.def Info: Resources/LSPACE/LSPACE-MCA_TEAM_01_MDR.pdf , page18 u
sed on input line 213.
(pdftex.def)             Requested size: 773.60669pt x 597.78697pt.
 [370 <./Resources/LSPACE/LSPACE-MCA_TEAM_01_MDR.pdf>]
<Resources/LSPACE/LSPACE-MCA_TEAM_01_MDR.pdf, id=3534, page=19, 794.97pt x 614.
295pt>
File: Resources/LSPACE/LSPACE-MCA_TEAM_01_MDR.pdf Graphic file (type pdf)
<use Resources/LSPACE/LSPACE-MCA_TEAM_01_MDR.pdf, page 19>
Package pdftex.def Info: Resources/LSPACE/LSPACE-MCA_TEAM_01_MDR.pdf , page19 u
sed on input line 213.
(pdftex.def)             Requested size: 773.60669pt x 597.78697pt.
File: Resources/LSPACE/LSPACE-MCA_TEAM_01_MDR.pdf Graphic file (type pdf)
<use Resources/LSPACE/LSPACE-MCA_TEAM_01_MDR.pdf, page 19>
Package pdftex.def Info: Resources/LSPACE/LSPACE-MCA_TEAM_01_MDR.pdf , page19 u
sed on input line 213.
(pdftex.def)             Requested size: 773.60669pt x 597.78697pt.
File: Resources/LSPACE/LSPACE-MCA_TEAM_01_MDR.pdf Graphic file (type pdf)
<use Resources/LSPACE/LSPACE-MCA_TEAM_01_MDR.pdf, page 19>
Package pdftex.def Info: Resources/LSPACE/LSPACE-MCA_TEAM_01_MDR.pdf , page19 u
sed on input line 213.
(pdftex.def)             Requested size: 773.60669pt x 597.78697pt.

[371 <./Resources/LSPACE/LSPACE-MCA_TEAM_01_MDR.pdf>]
<Resources/LSPACE/LSPACE-MCA_TEAM_01_MDR.pdf, id=3539, page=20, 614.295pt x 794
.97pt>
File: Resources/LSPACE/LSPACE-MCA_TEAM_01_MDR.pdf Graphic file (type pdf)
<use Resources/LSPACE/LSPACE-MCA_TEAM_01_MDR.pdf, page 20>
Package pdftex.def Info: Resources/LSPACE/LSPACE-MCA_TEAM_01_MDR.pdf , page20 u
sed on input line 213.
(pdftex.def)             Requested size: 597.78697pt x 773.60669pt.
File: Resources/LSPACE/LSPACE-MCA_TEAM_01_MDR.pdf Graphic file (type pdf)
<use Resources/LSPACE/LSPACE-MCA_TEAM_01_MDR.pdf, page 20>
Package pdftex.def Info: Resources/LSPACE/LSPACE-MCA_TEAM_01_MDR.pdf , page20 u
sed on input line 213.
(pdftex.def)             Requested size: 597.78697pt x 773.60669pt.
File: Resources/LSPACE/LSPACE-MCA_TEAM_01_MDR.pdf Graphic file (type pdf)
<use Resources/LSPACE/LSPACE-MCA_TEAM_01_MDR.pdf, page 20>
Package pdftex.def Info: Resources/LSPACE/LSPACE-MCA_TEAM_01_MDR.pdf , page20 u
sed on input line 213.
(pdftex.def)             Requested size: 597.78697pt x 773.60669pt.
 [372 <./Resources/LSPACE/LSPACE-MCA_TEAM_01_MDR.pdf>]
<Resources/LSPACE/LSPACE-MCA_TEAM_01_MDR.pdf, id=3549, page=21, 614.295pt x 794
.97pt>
File: Resources/LSPACE/LSPACE-MCA_TEAM_01_MDR.pdf Graphic file (type pdf)
<use Resources/LSPACE/LSPACE-MCA_TEAM_01_MDR.pdf, page 21>
Package pdftex.def Info: Resources/LSPACE/LSPACE-MCA_TEAM_01_MDR.pdf , page21 u
sed on input line 213.
(pdftex.def)             Requested size: 597.78697pt x 773.60669pt.
File: Resources/LSPACE/LSPACE-MCA_TEAM_01_MDR.pdf Graphic file (type pdf)
<use Resources/LSPACE/LSPACE-MCA_TEAM_01_MDR.pdf, page 21>
Package pdftex.def Info: Resources/LSPACE/LSPACE-MCA_TEAM_01_MDR.pdf , page21 u
sed on input line 213.
(pdftex.def)             Requested size: 597.78697pt x 773.60669pt.
File: Resources/LSPACE/LSPACE-MCA_TEAM_01_MDR.pdf Graphic file (type pdf)
<use Resources/LSPACE/LSPACE-MCA_TEAM_01_MDR.pdf, page 21>
Package pdftex.def Info: Resources/LSPACE/LSPACE-MCA_TEAM_01_MDR.pdf , page21 u
sed on input line 213.
(pdftex.def)             Requested size: 597.78697pt x 773.60669pt.
 [373 <./Resources/LSPACE/LSPACE-MCA_TEAM_01_MDR.pdf>]
<Resources/LSPACE/LSPACE-MCA_TEAM_01_MDR.pdf, id=3555, page=22, 794.97pt x 614.
295pt>
File: Resources/LSPACE/LSPACE-MCA_TEAM_01_MDR.pdf Graphic file (type pdf)
<use Resources/LSPACE/LSPACE-MCA_TEAM_01_MDR.pdf, page 22>
Package pdftex.def Info: Resources/LSPACE/LSPACE-MCA_TEAM_01_MDR.pdf , page22 u
sed on input line 213.
(pdftex.def)             Requested size: 773.60669pt x 597.78697pt.
File: Resources/LSPACE/LSPACE-MCA_TEAM_01_MDR.pdf Graphic file (type pdf)
<use Resources/LSPACE/LSPACE-MCA_TEAM_01_MDR.pdf, page 22>
Package pdftex.def Info: Resources/LSPACE/LSPACE-MCA_TEAM_01_MDR.pdf , page22 u
sed on input line 213.
(pdftex.def)             Requested size: 773.60669pt x 597.78697pt.
File: Resources/LSPACE/LSPACE-MCA_TEAM_01_MDR.pdf Graphic file (type pdf)
<use Resources/LSPACE/LSPACE-MCA_TEAM_01_MDR.pdf, page 22>
Package pdftex.def Info: Resources/LSPACE/LSPACE-MCA_TEAM_01_MDR.pdf , page22 u
sed on input line 213.
(pdftex.def)             Requested size: 773.60669pt x 597.78697pt.
 [374 <./Resources/LSPACE/LSPACE-MCA_TEAM_01_MDR.pdf>]
<Resources/LSPACE/LSPACE-MCA_TEAM_01_MDR.pdf, id=3561, page=23, 614.295pt x 794
.97pt>
File: Resources/LSPACE/LSPACE-MCA_TEAM_01_MDR.pdf Graphic file (type pdf)
<use Resources/LSPACE/LSPACE-MCA_TEAM_01_MDR.pdf, page 23>
Package pdftex.def Info: Resources/LSPACE/LSPACE-MCA_TEAM_01_MDR.pdf , page23 u
sed on input line 213.
(pdftex.def)             Requested size: 597.78697pt x 773.60669pt.
File: Resources/LSPACE/LSPACE-MCA_TEAM_01_MDR.pdf Graphic file (type pdf)
<use Resources/LSPACE/LSPACE-MCA_TEAM_01_MDR.pdf, page 23>
Package pdftex.def Info: Resources/LSPACE/LSPACE-MCA_TEAM_01_MDR.pdf , page23 u
sed on input line 213.
(pdftex.def)             Requested size: 597.78697pt x 773.60669pt.
File: Resources/LSPACE/LSPACE-MCA_TEAM_01_MDR.pdf Graphic file (type pdf)
<use Resources/LSPACE/LSPACE-MCA_TEAM_01_MDR.pdf, page 23>
Package pdftex.def Info: Resources/LSPACE/LSPACE-MCA_TEAM_01_MDR.pdf , page23 u
sed on input line 213.
(pdftex.def)             Requested size: 597.78697pt x 773.60669pt.
 [375 <./Resources/LSPACE/LSPACE-MCA_TEAM_01_MDR.pdf>]
<Resources/LSPACE/LSPACE-MCA_TEAM_01_MDR.pdf, id=3568, page=24, 614.295pt x 794
.97pt>
File: Resources/LSPACE/LSPACE-MCA_TEAM_01_MDR.pdf Graphic file (type pdf)
<use Resources/LSPACE/LSPACE-MCA_TEAM_01_MDR.pdf, page 24>
Package pdftex.def Info: Resources/LSPACE/LSPACE-MCA_TEAM_01_MDR.pdf , page24 u
sed on input line 213.
(pdftex.def)             Requested size: 597.78697pt x 773.60669pt.
File: Resources/LSPACE/LSPACE-MCA_TEAM_01_MDR.pdf Graphic file (type pdf)
<use Resources/LSPACE/LSPACE-MCA_TEAM_01_MDR.pdf, page 24>
Package pdftex.def Info: Resources/LSPACE/LSPACE-MCA_TEAM_01_MDR.pdf , page24 u
sed on input line 213.
(pdftex.def)             Requested size: 597.78697pt x 773.60669pt.
File: Resources/LSPACE/LSPACE-MCA_TEAM_01_MDR.pdf Graphic file (type pdf)
<use Resources/LSPACE/LSPACE-MCA_TEAM_01_MDR.pdf, page 24>
Package pdftex.def Info: Resources/LSPACE/LSPACE-MCA_TEAM_01_MDR.pdf , page24 u
sed on input line 213.
(pdftex.def)             Requested size: 597.78697pt x 773.60669pt.
 [376 <./Resources/LSPACE/LSPACE-MCA_TEAM_01_MDR.pdf>]
<Resources/LSPACE/LSPACE-MCA_TEAM_01_MDR.pdf, id=3573, page=25, 614.295pt x 794
.97pt>
File: Resources/LSPACE/LSPACE-MCA_TEAM_01_MDR.pdf Graphic file (type pdf)
<use Resources/LSPACE/LSPACE-MCA_TEAM_01_MDR.pdf, page 25>
Package pdftex.def Info: Resources/LSPACE/LSPACE-MCA_TEAM_01_MDR.pdf , page25 u
sed on input line 213.
(pdftex.def)             Requested size: 597.78697pt x 773.60669pt.
File: Resources/LSPACE/LSPACE-MCA_TEAM_01_MDR.pdf Graphic file (type pdf)
<use Resources/LSPACE/LSPACE-MCA_TEAM_01_MDR.pdf, page 25>
Package pdftex.def Info: Resources/LSPACE/LSPACE-MCA_TEAM_01_MDR.pdf , page25 u
sed on input line 213.
(pdftex.def)             Requested size: 597.78697pt x 773.60669pt.
File: Resources/LSPACE/LSPACE-MCA_TEAM_01_MDR.pdf Graphic file (type pdf)
<use Resources/LSPACE/LSPACE-MCA_TEAM_01_MDR.pdf, page 25>
Package pdftex.def Info: Resources/LSPACE/LSPACE-MCA_TEAM_01_MDR.pdf , page25 u
sed on input line 213.
(pdftex.def)             Requested size: 597.78697pt x 773.60669pt.
 [377 <./Resources/LSPACE/LSPACE-MCA_TEAM_01_MDR.pdf>]
<Resources/LSPACE/LSPACE-MCA_TEAM_01_MDR.pdf, id=3579, page=26, 614.295pt x 794
.97pt>
File: Resources/LSPACE/LSPACE-MCA_TEAM_01_MDR.pdf Graphic file (type pdf)
<use Resources/LSPACE/LSPACE-MCA_TEAM_01_MDR.pdf, page 26>
Package pdftex.def Info: Resources/LSPACE/LSPACE-MCA_TEAM_01_MDR.pdf , page26 u
sed on input line 213.
(pdftex.def)             Requested size: 597.78697pt x 773.60669pt.
File: Resources/LSPACE/LSPACE-MCA_TEAM_01_MDR.pdf Graphic file (type pdf)
<use Resources/LSPACE/LSPACE-MCA_TEAM_01_MDR.pdf, page 26>
Package pdftex.def Info: Resources/LSPACE/LSPACE-MCA_TEAM_01_MDR.pdf , page26 u
sed on input line 213.
(pdftex.def)             Requested size: 597.78697pt x 773.60669pt.
File: Resources/LSPACE/LSPACE-MCA_TEAM_01_MDR.pdf Graphic file (type pdf)
<use Resources/LSPACE/LSPACE-MCA_TEAM_01_MDR.pdf, page 26>
Package pdftex.def Info: Resources/LSPACE/LSPACE-MCA_TEAM_01_MDR.pdf , page26 u
sed on input line 213.
(pdftex.def)             Requested size: 597.78697pt x 773.60669pt.
 [378 <./Resources/LSPACE/LSPACE-MCA_TEAM_01_MDR.pdf>]
<Resources/LSPACE/LSPACE-MCA_TEAM_01_MDR.pdf, id=3584, page=27, 614.295pt x 794
.97pt>
File: Resources/LSPACE/LSPACE-MCA_TEAM_01_MDR.pdf Graphic file (type pdf)
<use Resources/LSPACE/LSPACE-MCA_TEAM_01_MDR.pdf, page 27>
Package pdftex.def Info: Resources/LSPACE/LSPACE-MCA_TEAM_01_MDR.pdf , page27 u
sed on input line 213.
(pdftex.def)             Requested size: 597.78697pt x 773.60669pt.
File: Resources/LSPACE/LSPACE-MCA_TEAM_01_MDR.pdf Graphic file (type pdf)
<use Resources/LSPACE/LSPACE-MCA_TEAM_01_MDR.pdf, page 27>
Package pdftex.def Info: Resources/LSPACE/LSPACE-MCA_TEAM_01_MDR.pdf , page27 u
sed on input line 213.
(pdftex.def)             Requested size: 597.78697pt x 773.60669pt.
File: Resources/LSPACE/LSPACE-MCA_TEAM_01_MDR.pdf Graphic file (type pdf)
<use Resources/LSPACE/LSPACE-MCA_TEAM_01_MDR.pdf, page 27>
Package pdftex.def Info: Resources/LSPACE/LSPACE-MCA_TEAM_01_MDR.pdf , page27 u
sed on input line 213.
(pdftex.def)             Requested size: 597.78697pt x 773.60669pt.
 [379 <./Resources/LSPACE/LSPACE-MCA_TEAM_01_MDR.pdf>]
<Resources/LSPACE/LSPACE-MCA_TEAM_01_MDR.pdf, id=3590, page=28, 614.295pt x 794
.97pt>
File: Resources/LSPACE/LSPACE-MCA_TEAM_01_MDR.pdf Graphic file (type pdf)
<use Resources/LSPACE/LSPACE-MCA_TEAM_01_MDR.pdf, page 28>
Package pdftex.def Info: Resources/LSPACE/LSPACE-MCA_TEAM_01_MDR.pdf , page28 u
sed on input line 213.
(pdftex.def)             Requested size: 597.78697pt x 773.60669pt.
File: Resources/LSPACE/LSPACE-MCA_TEAM_01_MDR.pdf Graphic file (type pdf)
<use Resources/LSPACE/LSPACE-MCA_TEAM_01_MDR.pdf, page 28>
Package pdftex.def Info: Resources/LSPACE/LSPACE-MCA_TEAM_01_MDR.pdf , page28 u
sed on input line 213.
(pdftex.def)             Requested size: 597.78697pt x 773.60669pt.
File: Resources/LSPACE/LSPACE-MCA_TEAM_01_MDR.pdf Graphic file (type pdf)
<use Resources/LSPACE/LSPACE-MCA_TEAM_01_MDR.pdf, page 28>
Package pdftex.def Info: Resources/LSPACE/LSPACE-MCA_TEAM_01_MDR.pdf , page28 u
sed on input line 213.
(pdftex.def)             Requested size: 597.78697pt x 773.60669pt.
 [380 <./Resources/LSPACE/LSPACE-MCA_TEAM_01_MDR.pdf>]
<Resources/LSPACE/LSPACE-MCA_TEAM_01_MDR.pdf, id=3595, page=29, 614.295pt x 794
.97pt>
File: Resources/LSPACE/LSPACE-MCA_TEAM_01_MDR.pdf Graphic file (type pdf)
<use Resources/LSPACE/LSPACE-MCA_TEAM_01_MDR.pdf, page 29>
Package pdftex.def Info: Resources/LSPACE/LSPACE-MCA_TEAM_01_MDR.pdf , page29 u
sed on input line 213.
(pdftex.def)             Requested size: 597.78697pt x 773.60669pt.
File: Resources/LSPACE/LSPACE-MCA_TEAM_01_MDR.pdf Graphic file (type pdf)
<use Resources/LSPACE/LSPACE-MCA_TEAM_01_MDR.pdf, page 29>
Package pdftex.def Info: Resources/LSPACE/LSPACE-MCA_TEAM_01_MDR.pdf , page29 u
sed on input line 213.
(pdftex.def)             Requested size: 597.78697pt x 773.60669pt.
File: Resources/LSPACE/LSPACE-MCA_TEAM_01_MDR.pdf Graphic file (type pdf)
<use Resources/LSPACE/LSPACE-MCA_TEAM_01_MDR.pdf, page 29>
Package pdftex.def Info: Resources/LSPACE/LSPACE-MCA_TEAM_01_MDR.pdf , page29 u
sed on input line 213.
(pdftex.def)             Requested size: 597.78697pt x 773.60669pt.
 [381 <./Resources/LSPACE/LSPACE-MCA_TEAM_01_MDR.pdf>]
<Resources/LSPACE/LSPACE-MCA_TEAM_01_MDR.pdf, id=3600, page=30, 614.295pt x 794
.97pt>
File: Resources/LSPACE/LSPACE-MCA_TEAM_01_MDR.pdf Graphic file (type pdf)
<use Resources/LSPACE/LSPACE-MCA_TEAM_01_MDR.pdf, page 30>
Package pdftex.def Info: Resources/LSPACE/LSPACE-MCA_TEAM_01_MDR.pdf , page30 u
sed on input line 213.
(pdftex.def)             Requested size: 597.78697pt x 773.60669pt.
File: Resources/LSPACE/LSPACE-MCA_TEAM_01_MDR.pdf Graphic file (type pdf)
<use Resources/LSPACE/LSPACE-MCA_TEAM_01_MDR.pdf, page 30>
Package pdftex.def Info: Resources/LSPACE/LSPACE-MCA_TEAM_01_MDR.pdf , page30 u
sed on input line 213.
(pdftex.def)             Requested size: 597.78697pt x 773.60669pt.
File: Resources/LSPACE/LSPACE-MCA_TEAM_01_MDR.pdf Graphic file (type pdf)
<use Resources/LSPACE/LSPACE-MCA_TEAM_01_MDR.pdf, page 30>
Package pdftex.def Info: Resources/LSPACE/LSPACE-MCA_TEAM_01_MDR.pdf , page30 u
sed on input line 213.
(pdftex.def)             Requested size: 597.78697pt x 773.60669pt.
 [382 <./Resources/LSPACE/LSPACE-MCA_TEAM_01_MDR.pdf>]
<Resources/LSPACE/LSPACE-MCA_TEAM_01_MDR.pdf, id=3610, page=31, 614.295pt x 794
.97pt>
File: Resources/LSPACE/LSPACE-MCA_TEAM_01_MDR.pdf Graphic file (type pdf)
<use Resources/LSPACE/LSPACE-MCA_TEAM_01_MDR.pdf, page 31>
Package pdftex.def Info: Resources/LSPACE/LSPACE-MCA_TEAM_01_MDR.pdf , page31 u
sed on input line 213.
(pdftex.def)             Requested size: 597.78697pt x 773.60669pt.
File: Resources/LSPACE/LSPACE-MCA_TEAM_01_MDR.pdf Graphic file (type pdf)
<use Resources/LSPACE/LSPACE-MCA_TEAM_01_MDR.pdf, page 31>
Package pdftex.def Info: Resources/LSPACE/LSPACE-MCA_TEAM_01_MDR.pdf , page31 u
sed on input line 213.
(pdftex.def)             Requested size: 597.78697pt x 773.60669pt.
File: Resources/LSPACE/LSPACE-MCA_TEAM_01_MDR.pdf Graphic file (type pdf)
<use Resources/LSPACE/LSPACE-MCA_TEAM_01_MDR.pdf, page 31>
Package pdftex.def Info: Resources/LSPACE/LSPACE-MCA_TEAM_01_MDR.pdf , page31 u
sed on input line 213.
(pdftex.def)             Requested size: 597.78697pt x 773.60669pt.
 [383 <./Resources/LSPACE/LSPACE-MCA_TEAM_01_MDR.pdf>]
<Resources/LSPACE/LSPACE-MCA_TEAM_01_MDR.pdf, id=3615, page=32, 614.295pt x 794
.97pt>
File: Resources/LSPACE/LSPACE-MCA_TEAM_01_MDR.pdf Graphic file (type pdf)
<use Resources/LSPACE/LSPACE-MCA_TEAM_01_MDR.pdf, page 32>
Package pdftex.def Info: Resources/LSPACE/LSPACE-MCA_TEAM_01_MDR.pdf , page32 u
sed on input line 213.
(pdftex.def)             Requested size: 597.78697pt x 773.60669pt.
File: Resources/LSPACE/LSPACE-MCA_TEAM_01_MDR.pdf Graphic file (type pdf)
<use Resources/LSPACE/LSPACE-MCA_TEAM_01_MDR.pdf, page 32>
Package pdftex.def Info: Resources/LSPACE/LSPACE-MCA_TEAM_01_MDR.pdf , page32 u
sed on input line 213.
(pdftex.def)             Requested size: 597.78697pt x 773.60669pt.
File: Resources/LSPACE/LSPACE-MCA_TEAM_01_MDR.pdf Graphic file (type pdf)
<use Resources/LSPACE/LSPACE-MCA_TEAM_01_MDR.pdf, page 32>
Package pdftex.def Info: Resources/LSPACE/LSPACE-MCA_TEAM_01_MDR.pdf , page32 u
sed on input line 213.
(pdftex.def)             Requested size: 597.78697pt x 773.60669pt.
 [384 <./Resources/LSPACE/LSPACE-MCA_TEAM_01_MDR.pdf>]
<Resources/LSPACE/LSPACE-MCA_TEAM_01_MDR.pdf, id=3620, page=33, 614.295pt x 794
.97pt>
File: Resources/LSPACE/LSPACE-MCA_TEAM_01_MDR.pdf Graphic file (type pdf)
<use Resources/LSPACE/LSPACE-MCA_TEAM_01_MDR.pdf, page 33>
Package pdftex.def Info: Resources/LSPACE/LSPACE-MCA_TEAM_01_MDR.pdf , page33 u
sed on input line 213.
(pdftex.def)             Requested size: 597.78697pt x 773.60669pt.
File: Resources/LSPACE/LSPACE-MCA_TEAM_01_MDR.pdf Graphic file (type pdf)
<use Resources/LSPACE/LSPACE-MCA_TEAM_01_MDR.pdf, page 33>
Package pdftex.def Info: Resources/LSPACE/LSPACE-MCA_TEAM_01_MDR.pdf , page33 u
sed on input line 213.
(pdftex.def)             Requested size: 597.78697pt x 773.60669pt.
File: Resources/LSPACE/LSPACE-MCA_TEAM_01_MDR.pdf Graphic file (type pdf)
<use Resources/LSPACE/LSPACE-MCA_TEAM_01_MDR.pdf, page 33>
Package pdftex.def Info: Resources/LSPACE/LSPACE-MCA_TEAM_01_MDR.pdf , page33 u
sed on input line 213.
(pdftex.def)             Requested size: 597.78697pt x 773.60669pt.
 [385 <./Resources/LSPACE/LSPACE-MCA_TEAM_01_MDR.pdf>]
<Resources/LSPACE/LSPACE-MCA_TEAM_01_MDR.pdf, id=3626, page=34, 614.295pt x 794
.97pt>
File: Resources/LSPACE/LSPACE-MCA_TEAM_01_MDR.pdf Graphic file (type pdf)
<use Resources/LSPACE/LSPACE-MCA_TEAM_01_MDR.pdf, page 34>
Package pdftex.def Info: Resources/LSPACE/LSPACE-MCA_TEAM_01_MDR.pdf , page34 u
sed on input line 213.
(pdftex.def)             Requested size: 597.78697pt x 773.60669pt.
File: Resources/LSPACE/LSPACE-MCA_TEAM_01_MDR.pdf Graphic file (type pdf)
<use Resources/LSPACE/LSPACE-MCA_TEAM_01_MDR.pdf, page 34>
Package pdftex.def Info: Resources/LSPACE/LSPACE-MCA_TEAM_01_MDR.pdf , page34 u
sed on input line 213.
(pdftex.def)             Requested size: 597.78697pt x 773.60669pt.
File: Resources/LSPACE/LSPACE-MCA_TEAM_01_MDR.pdf Graphic file (type pdf)
<use Resources/LSPACE/LSPACE-MCA_TEAM_01_MDR.pdf, page 34>
Package pdftex.def Info: Resources/LSPACE/LSPACE-MCA_TEAM_01_MDR.pdf , page34 u
sed on input line 213.
(pdftex.def)             Requested size: 597.78697pt x 773.60669pt.
 [386 <./Resources/LSPACE/LSPACE-MCA_TEAM_01_MDR.pdf>]
<Resources/LSPACE/LSPACE-MCA_TEAM_01_MDR.pdf, id=3631, page=35, 614.295pt x 794
.97pt>
File: Resources/LSPACE/LSPACE-MCA_TEAM_01_MDR.pdf Graphic file (type pdf)
<use Resources/LSPACE/LSPACE-MCA_TEAM_01_MDR.pdf, page 35>
Package pdftex.def Info: Resources/LSPACE/LSPACE-MCA_TEAM_01_MDR.pdf , page35 u
sed on input line 213.
(pdftex.def)             Requested size: 597.78697pt x 773.60669pt.
File: Resources/LSPACE/LSPACE-MCA_TEAM_01_MDR.pdf Graphic file (type pdf)
<use Resources/LSPACE/LSPACE-MCA_TEAM_01_MDR.pdf, page 35>
Package pdftex.def Info: Resources/LSPACE/LSPACE-MCA_TEAM_01_MDR.pdf , page35 u
sed on input line 213.
(pdftex.def)             Requested size: 597.78697pt x 773.60669pt.
File: Resources/LSPACE/LSPACE-MCA_TEAM_01_MDR.pdf Graphic file (type pdf)
<use Resources/LSPACE/LSPACE-MCA_TEAM_01_MDR.pdf, page 35>
Package pdftex.def Info: Resources/LSPACE/LSPACE-MCA_TEAM_01_MDR.pdf , page35 u
sed on input line 213.
(pdftex.def)             Requested size: 597.78697pt x 773.60669pt.

[387 <./Resources/LSPACE/LSPACE-MCA_TEAM_01_MDR.pdf>]
<Resources/LSPACE/LSPACE-MCA_TEAM_01_MDR.pdf, id=3636, page=36, 614.295pt x 794
.97pt>
File: Resources/LSPACE/LSPACE-MCA_TEAM_01_MDR.pdf Graphic file (type pdf)
<use Resources/LSPACE/LSPACE-MCA_TEAM_01_MDR.pdf, page 36>
Package pdftex.def Info: Resources/LSPACE/LSPACE-MCA_TEAM_01_MDR.pdf , page36 u
sed on input line 213.
(pdftex.def)             Requested size: 597.78697pt x 773.60669pt.
File: Resources/LSPACE/LSPACE-MCA_TEAM_01_MDR.pdf Graphic file (type pdf)
<use Resources/LSPACE/LSPACE-MCA_TEAM_01_MDR.pdf, page 36>
Package pdftex.def Info: Resources/LSPACE/LSPACE-MCA_TEAM_01_MDR.pdf , page36 u
sed on input line 213.
(pdftex.def)             Requested size: 597.78697pt x 773.60669pt.
File: Resources/LSPACE/LSPACE-MCA_TEAM_01_MDR.pdf Graphic file (type pdf)
<use Resources/LSPACE/LSPACE-MCA_TEAM_01_MDR.pdf, page 36>
Package pdftex.def Info: Resources/LSPACE/LSPACE-MCA_TEAM_01_MDR.pdf , page36 u
sed on input line 213.
(pdftex.def)             Requested size: 597.78697pt x 773.60669pt.
 [388 <./Resources/LSPACE/LSPACE-MCA_TEAM_01_MDR.pdf>]
<Resources/LSPACE/LSPACE-MCA_TEAM_01_MDR.pdf, id=3641, page=37, 614.295pt x 794
.97pt>
File: Resources/LSPACE/LSPACE-MCA_TEAM_01_MDR.pdf Graphic file (type pdf)
<use Resources/LSPACE/LSPACE-MCA_TEAM_01_MDR.pdf, page 37>
Package pdftex.def Info: Resources/LSPACE/LSPACE-MCA_TEAM_01_MDR.pdf , page37 u
sed on input line 213.
(pdftex.def)             Requested size: 597.78697pt x 773.60669pt.
File: Resources/LSPACE/LSPACE-MCA_TEAM_01_MDR.pdf Graphic file (type pdf)
<use Resources/LSPACE/LSPACE-MCA_TEAM_01_MDR.pdf, page 37>
Package pdftex.def Info: Resources/LSPACE/LSPACE-MCA_TEAM_01_MDR.pdf , page37 u
sed on input line 213.
(pdftex.def)             Requested size: 597.78697pt x 773.60669pt.
File: Resources/LSPACE/LSPACE-MCA_TEAM_01_MDR.pdf Graphic file (type pdf)
<use Resources/LSPACE/LSPACE-MCA_TEAM_01_MDR.pdf, page 37>
Package pdftex.def Info: Resources/LSPACE/LSPACE-MCA_TEAM_01_MDR.pdf , page37 u
sed on input line 213.
(pdftex.def)             Requested size: 597.78697pt x 773.60669pt.
 [389 <./Resources/LSPACE/LSPACE-MCA_TEAM_01_MDR.pdf>]
<Resources/LSPACE/LSPACE-MCA_TEAM_01_MDR.pdf, id=3646, page=38, 614.295pt x 794
.97pt>
File: Resources/LSPACE/LSPACE-MCA_TEAM_01_MDR.pdf Graphic file (type pdf)
<use Resources/LSPACE/LSPACE-MCA_TEAM_01_MDR.pdf, page 38>
Package pdftex.def Info: Resources/LSPACE/LSPACE-MCA_TEAM_01_MDR.pdf , page38 u
sed on input line 213.
(pdftex.def)             Requested size: 597.78697pt x 773.60669pt.
File: Resources/LSPACE/LSPACE-MCA_TEAM_01_MDR.pdf Graphic file (type pdf)
<use Resources/LSPACE/LSPACE-MCA_TEAM_01_MDR.pdf, page 38>
Package pdftex.def Info: Resources/LSPACE/LSPACE-MCA_TEAM_01_MDR.pdf , page38 u
sed on input line 213.
(pdftex.def)             Requested size: 597.78697pt x 773.60669pt.
File: Resources/LSPACE/LSPACE-MCA_TEAM_01_MDR.pdf Graphic file (type pdf)
<use Resources/LSPACE/LSPACE-MCA_TEAM_01_MDR.pdf, page 38>
Package pdftex.def Info: Resources/LSPACE/LSPACE-MCA_TEAM_01_MDR.pdf , page38 u
sed on input line 213.
(pdftex.def)             Requested size: 597.78697pt x 773.60669pt.
 [390 <./Resources/LSPACE/LSPACE-MCA_TEAM_01_MDR.pdf>]
<Resources/LSPACE/LSPACE-MCA_TEAM_01_MDR.pdf, id=3652, page=39, 614.295pt x 794
.97pt>
File: Resources/LSPACE/LSPACE-MCA_TEAM_01_MDR.pdf Graphic file (type pdf)
<use Resources/LSPACE/LSPACE-MCA_TEAM_01_MDR.pdf, page 39>
Package pdftex.def Info: Resources/LSPACE/LSPACE-MCA_TEAM_01_MDR.pdf , page39 u
sed on input line 213.
(pdftex.def)             Requested size: 597.78697pt x 773.60669pt.
File: Resources/LSPACE/LSPACE-MCA_TEAM_01_MDR.pdf Graphic file (type pdf)
<use Resources/LSPACE/LSPACE-MCA_TEAM_01_MDR.pdf, page 39>
Package pdftex.def Info: Resources/LSPACE/LSPACE-MCA_TEAM_01_MDR.pdf , page39 u
sed on input line 213.
(pdftex.def)             Requested size: 597.78697pt x 773.60669pt.
File: Resources/LSPACE/LSPACE-MCA_TEAM_01_MDR.pdf Graphic file (type pdf)
<use Resources/LSPACE/LSPACE-MCA_TEAM_01_MDR.pdf, page 39>
Package pdftex.def Info: Resources/LSPACE/LSPACE-MCA_TEAM_01_MDR.pdf , page39 u
sed on input line 213.
(pdftex.def)             Requested size: 597.78697pt x 773.60669pt.
 [391 <./Resources/LSPACE/LSPACE-MCA_TEAM_01_MDR.pdf>]
<Resources/LSPACE/LSPACE-MCA_TEAM_01_MDR.pdf, id=3658, page=40, 614.295pt x 794
.97pt>
File: Resources/LSPACE/LSPACE-MCA_TEAM_01_MDR.pdf Graphic file (type pdf)
<use Resources/LSPACE/LSPACE-MCA_TEAM_01_MDR.pdf, page 40>
Package pdftex.def Info: Resources/LSPACE/LSPACE-MCA_TEAM_01_MDR.pdf , page40 u
sed on input line 213.
(pdftex.def)             Requested size: 597.78697pt x 773.60669pt.
File: Resources/LSPACE/LSPACE-MCA_TEAM_01_MDR.pdf Graphic file (type pdf)
<use Resources/LSPACE/LSPACE-MCA_TEAM_01_MDR.pdf, page 40>
Package pdftex.def Info: Resources/LSPACE/LSPACE-MCA_TEAM_01_MDR.pdf , page40 u
sed on input line 213.
(pdftex.def)             Requested size: 597.78697pt x 773.60669pt.
File: Resources/LSPACE/LSPACE-MCA_TEAM_01_MDR.pdf Graphic file (type pdf)
<use Resources/LSPACE/LSPACE-MCA_TEAM_01_MDR.pdf, page 40>
Package pdftex.def Info: Resources/LSPACE/LSPACE-MCA_TEAM_01_MDR.pdf , page40 u
sed on input line 213.
(pdftex.def)             Requested size: 597.78697pt x 773.60669pt.
 [392 <./Resources/LSPACE/LSPACE-MCA_TEAM_01_MDR.pdf>]
<Resources/LSPACE/LSPACE-MCA_TEAM_01_MDR.pdf, id=3668, page=41, 794.97pt x 614.
295pt>
File: Resources/LSPACE/LSPACE-MCA_TEAM_01_MDR.pdf Graphic file (type pdf)
<use Resources/LSPACE/LSPACE-MCA_TEAM_01_MDR.pdf, page 41>
Package pdftex.def Info: Resources/LSPACE/LSPACE-MCA_TEAM_01_MDR.pdf , page41 u
sed on input line 213.
(pdftex.def)             Requested size: 773.60669pt x 597.78697pt.
File: Resources/LSPACE/LSPACE-MCA_TEAM_01_MDR.pdf Graphic file (type pdf)
<use Resources/LSPACE/LSPACE-MCA_TEAM_01_MDR.pdf, page 41>
Package pdftex.def Info: Resources/LSPACE/LSPACE-MCA_TEAM_01_MDR.pdf , page41 u
sed on input line 213.
(pdftex.def)             Requested size: 773.60669pt x 597.78697pt.
File: Resources/LSPACE/LSPACE-MCA_TEAM_01_MDR.pdf Graphic file (type pdf)
<use Resources/LSPACE/LSPACE-MCA_TEAM_01_MDR.pdf, page 41>
Package pdftex.def Info: Resources/LSPACE/LSPACE-MCA_TEAM_01_MDR.pdf , page41 u
sed on input line 213.
(pdftex.def)             Requested size: 773.60669pt x 597.78697pt.
 [393 <./Resources/LSPACE/LSPACE-MCA_TEAM_01_MDR.pdf>]
<Resources/LSPACE/LSPACE-MCA_TEAM_01_MDR.pdf, id=3683, page=42, 794.97pt x 614.
295pt>
File: Resources/LSPACE/LSPACE-MCA_TEAM_01_MDR.pdf Graphic file (type pdf)
<use Resources/LSPACE/LSPACE-MCA_TEAM_01_MDR.pdf, page 42>
Package pdftex.def Info: Resources/LSPACE/LSPACE-MCA_TEAM_01_MDR.pdf , page42 u
sed on input line 213.
(pdftex.def)             Requested size: 773.60669pt x 597.78697pt.
File: Resources/LSPACE/LSPACE-MCA_TEAM_01_MDR.pdf Graphic file (type pdf)
<use Resources/LSPACE/LSPACE-MCA_TEAM_01_MDR.pdf, page 42>
Package pdftex.def Info: Resources/LSPACE/LSPACE-MCA_TEAM_01_MDR.pdf , page42 u
sed on input line 213.
(pdftex.def)             Requested size: 773.60669pt x 597.78697pt.
File: Resources/LSPACE/LSPACE-MCA_TEAM_01_MDR.pdf Graphic file (type pdf)
<use Resources/LSPACE/LSPACE-MCA_TEAM_01_MDR.pdf, page 42>
Package pdftex.def Info: Resources/LSPACE/LSPACE-MCA_TEAM_01_MDR.pdf , page42 u
sed on input line 213.
(pdftex.def)             Requested size: 773.60669pt x 597.78697pt.
 [394 <./Resources/LSPACE/LSPACE-MCA_TEAM_01_MDR.pdf>]
<Resources/LSPACE/LSPACE-MCA_TEAM_01_MDR.pdf, id=3688, page=43, 614.295pt x 794
.97pt>
File: Resources/LSPACE/LSPACE-MCA_TEAM_01_MDR.pdf Graphic file (type pdf)
<use Resources/LSPACE/LSPACE-MCA_TEAM_01_MDR.pdf, page 43>
Package pdftex.def Info: Resources/LSPACE/LSPACE-MCA_TEAM_01_MDR.pdf , page43 u
sed on input line 213.
(pdftex.def)             Requested size: 597.78697pt x 773.60669pt.
File: Resources/LSPACE/LSPACE-MCA_TEAM_01_MDR.pdf Graphic file (type pdf)
<use Resources/LSPACE/LSPACE-MCA_TEAM_01_MDR.pdf, page 43>
Package pdftex.def Info: Resources/LSPACE/LSPACE-MCA_TEAM_01_MDR.pdf , page43 u
sed on input line 213.
(pdftex.def)             Requested size: 597.78697pt x 773.60669pt.
File: Resources/LSPACE/LSPACE-MCA_TEAM_01_MDR.pdf Graphic file (type pdf)
<use Resources/LSPACE/LSPACE-MCA_TEAM_01_MDR.pdf, page 43>
Package pdftex.def Info: Resources/LSPACE/LSPACE-MCA_TEAM_01_MDR.pdf , page43 u
sed on input line 213.
(pdftex.def)             Requested size: 597.78697pt x 773.60669pt.
 [395 <./Resources/LSPACE/LSPACE-MCA_TEAM_01_MDR.pdf>]
<Resources/LSPACE/LSPACE-MCA_TEAM_01_MDR.pdf, id=3693, page=44, 614.295pt x 794
.97pt>
File: Resources/LSPACE/LSPACE-MCA_TEAM_01_MDR.pdf Graphic file (type pdf)
<use Resources/LSPACE/LSPACE-MCA_TEAM_01_MDR.pdf, page 44>
Package pdftex.def Info: Resources/LSPACE/LSPACE-MCA_TEAM_01_MDR.pdf , page44 u
sed on input line 213.
(pdftex.def)             Requested size: 597.78697pt x 773.60669pt.
File: Resources/LSPACE/LSPACE-MCA_TEAM_01_MDR.pdf Graphic file (type pdf)
<use Resources/LSPACE/LSPACE-MCA_TEAM_01_MDR.pdf, page 44>
Package pdftex.def Info: Resources/LSPACE/LSPACE-MCA_TEAM_01_MDR.pdf , page44 u
sed on input line 213.
(pdftex.def)             Requested size: 597.78697pt x 773.60669pt.
File: Resources/LSPACE/LSPACE-MCA_TEAM_01_MDR.pdf Graphic file (type pdf)
<use Resources/LSPACE/LSPACE-MCA_TEAM_01_MDR.pdf, page 44>
Package pdftex.def Info: Resources/LSPACE/LSPACE-MCA_TEAM_01_MDR.pdf , page44 u
sed on input line 213.
(pdftex.def)             Requested size: 597.78697pt x 773.60669pt.
 [396 <./Resources/LSPACE/LSPACE-MCA_TEAM_01_MDR.pdf>]
<Resources/LSPACE/LSPACE-MCA_TEAM_01_MDR.pdf, id=3698, page=45, 794.97pt x 614.
295pt>
File: Resources/LSPACE/LSPACE-MCA_TEAM_01_MDR.pdf Graphic file (type pdf)
<use Resources/LSPACE/LSPACE-MCA_TEAM_01_MDR.pdf, page 45>
Package pdftex.def Info: Resources/LSPACE/LSPACE-MCA_TEAM_01_MDR.pdf , page45 u
sed on input line 213.
(pdftex.def)             Requested size: 773.60669pt x 597.78697pt.
File: Resources/LSPACE/LSPACE-MCA_TEAM_01_MDR.pdf Graphic file (type pdf)
<use Resources/LSPACE/LSPACE-MCA_TEAM_01_MDR.pdf, page 45>
Package pdftex.def Info: Resources/LSPACE/LSPACE-MCA_TEAM_01_MDR.pdf , page45 u
sed on input line 213.
(pdftex.def)             Requested size: 773.60669pt x 597.78697pt.
File: Resources/LSPACE/LSPACE-MCA_TEAM_01_MDR.pdf Graphic file (type pdf)
<use Resources/LSPACE/LSPACE-MCA_TEAM_01_MDR.pdf, page 45>
Package pdftex.def Info: Resources/LSPACE/LSPACE-MCA_TEAM_01_MDR.pdf , page45 u
sed on input line 213.
(pdftex.def)             Requested size: 773.60669pt x 597.78697pt.
 [397 <./Resources/LSPACE/LSPACE-MCA_TEAM_01_MDR.pdf>]
<Resources/LSPACE/LSPACE-MCA_TEAM_01_MDR.pdf, id=3704, page=46, 794.97pt x 614.
295pt>
File: Resources/LSPACE/LSPACE-MCA_TEAM_01_MDR.pdf Graphic file (type pdf)
<use Resources/LSPACE/LSPACE-MCA_TEAM_01_MDR.pdf, page 46>
Package pdftex.def Info: Resources/LSPACE/LSPACE-MCA_TEAM_01_MDR.pdf , page46 u
sed on input line 213.
(pdftex.def)             Requested size: 773.60669pt x 597.78697pt.
File: Resources/LSPACE/LSPACE-MCA_TEAM_01_MDR.pdf Graphic file (type pdf)
<use Resources/LSPACE/LSPACE-MCA_TEAM_01_MDR.pdf, page 46>
Package pdftex.def Info: Resources/LSPACE/LSPACE-MCA_TEAM_01_MDR.pdf , page46 u
sed on input line 213.
(pdftex.def)             Requested size: 773.60669pt x 597.78697pt.
File: Resources/LSPACE/LSPACE-MCA_TEAM_01_MDR.pdf Graphic file (type pdf)
<use Resources/LSPACE/LSPACE-MCA_TEAM_01_MDR.pdf, page 46>
Package pdftex.def Info: Resources/LSPACE/LSPACE-MCA_TEAM_01_MDR.pdf , page46 u
sed on input line 213.
(pdftex.def)             Requested size: 773.60669pt x 597.78697pt.
 [398 <./Resources/LSPACE/LSPACE-MCA_TEAM_01_MDR.pdf>]
<Resources/LSPACE/LSPACE-MCA_TEAM_01_MDR.pdf, id=3709, page=47, 794.97pt x 614.
295pt>
File: Resources/LSPACE/LSPACE-MCA_TEAM_01_MDR.pdf Graphic file (type pdf)
<use Resources/LSPACE/LSPACE-MCA_TEAM_01_MDR.pdf, page 47>
Package pdftex.def Info: Resources/LSPACE/LSPACE-MCA_TEAM_01_MDR.pdf , page47 u
sed on input line 213.
(pdftex.def)             Requested size: 773.60669pt x 597.78697pt.
File: Resources/LSPACE/LSPACE-MCA_TEAM_01_MDR.pdf Graphic file (type pdf)
<use Resources/LSPACE/LSPACE-MCA_TEAM_01_MDR.pdf, page 47>
Package pdftex.def Info: Resources/LSPACE/LSPACE-MCA_TEAM_01_MDR.pdf , page47 u
sed on input line 213.
(pdftex.def)             Requested size: 773.60669pt x 597.78697pt.
File: Resources/LSPACE/LSPACE-MCA_TEAM_01_MDR.pdf Graphic file (type pdf)
<use Resources/LSPACE/LSPACE-MCA_TEAM_01_MDR.pdf, page 47>
Package pdftex.def Info: Resources/LSPACE/LSPACE-MCA_TEAM_01_MDR.pdf , page47 u
sed on input line 213.
(pdftex.def)             Requested size: 773.60669pt x 597.78697pt.
 [399 <./Resources/LSPACE/LSPACE-MCA_TEAM_01_MDR.pdf>]
<Resources/LSPACE/LSPACE-MCA_TEAM_01_MDR.pdf, id=3714, page=48, 614.295pt x 794
.97pt>
File: Resources/LSPACE/LSPACE-MCA_TEAM_01_MDR.pdf Graphic file (type pdf)
<use Resources/LSPACE/LSPACE-MCA_TEAM_01_MDR.pdf, page 48>
Package pdftex.def Info: Resources/LSPACE/LSPACE-MCA_TEAM_01_MDR.pdf , page48 u
sed on input line 213.
(pdftex.def)             Requested size: 597.78697pt x 773.60669pt.
File: Resources/LSPACE/LSPACE-MCA_TEAM_01_MDR.pdf Graphic file (type pdf)
<use Resources/LSPACE/LSPACE-MCA_TEAM_01_MDR.pdf, page 48>
Package pdftex.def Info: Resources/LSPACE/LSPACE-MCA_TEAM_01_MDR.pdf , page48 u
sed on input line 213.
(pdftex.def)             Requested size: 597.78697pt x 773.60669pt.
File: Resources/LSPACE/LSPACE-MCA_TEAM_01_MDR.pdf Graphic file (type pdf)
<use Resources/LSPACE/LSPACE-MCA_TEAM_01_MDR.pdf, page 48>
Package pdftex.def Info: Resources/LSPACE/LSPACE-MCA_TEAM_01_MDR.pdf , page48 u
sed on input line 213.
(pdftex.def)             Requested size: 597.78697pt x 773.60669pt.
 [400 <./Resources/LSPACE/LSPACE-MCA_TEAM_01_MDR.pdf>]
<Resources/LSPACE/LSPACE-MCA_TEAM_01_MDR.pdf, id=3719, page=49, 614.295pt x 794
.97pt>
File: Resources/LSPACE/LSPACE-MCA_TEAM_01_MDR.pdf Graphic file (type pdf)
<use Resources/LSPACE/LSPACE-MCA_TEAM_01_MDR.pdf, page 49>
Package pdftex.def Info: Resources/LSPACE/LSPACE-MCA_TEAM_01_MDR.pdf , page49 u
sed on input line 213.
(pdftex.def)             Requested size: 597.78697pt x 773.60669pt.
File: Resources/LSPACE/LSPACE-MCA_TEAM_01_MDR.pdf Graphic file (type pdf)
<use Resources/LSPACE/LSPACE-MCA_TEAM_01_MDR.pdf, page 49>
Package pdftex.def Info: Resources/LSPACE/LSPACE-MCA_TEAM_01_MDR.pdf , page49 u
sed on input line 213.
(pdftex.def)             Requested size: 597.78697pt x 773.60669pt.
File: Resources/LSPACE/LSPACE-MCA_TEAM_01_MDR.pdf Graphic file (type pdf)
<use Resources/LSPACE/LSPACE-MCA_TEAM_01_MDR.pdf, page 49>
Package pdftex.def Info: Resources/LSPACE/LSPACE-MCA_TEAM_01_MDR.pdf , page49 u
sed on input line 213.
(pdftex.def)             Requested size: 597.78697pt x 773.60669pt.
 [401 <./Resources/LSPACE/LSPACE-MCA_TEAM_01_MDR.pdf>]
<Resources/LSPACE/LSPACE-MCA_TEAM_01_MDR.pdf, id=3724, page=50, 614.295pt x 794
.97pt>
File: Resources/LSPACE/LSPACE-MCA_TEAM_01_MDR.pdf Graphic file (type pdf)
<use Resources/LSPACE/LSPACE-MCA_TEAM_01_MDR.pdf, page 50>
Package pdftex.def Info: Resources/LSPACE/LSPACE-MCA_TEAM_01_MDR.pdf , page50 u
sed on input line 213.
(pdftex.def)             Requested size: 597.78697pt x 773.60669pt.
File: Resources/LSPACE/LSPACE-MCA_TEAM_01_MDR.pdf Graphic file (type pdf)
<use Resources/LSPACE/LSPACE-MCA_TEAM_01_MDR.pdf, page 50>
Package pdftex.def Info: Resources/LSPACE/LSPACE-MCA_TEAM_01_MDR.pdf , page50 u
sed on input line 213.
(pdftex.def)             Requested size: 597.78697pt x 773.60669pt.
File: Resources/LSPACE/LSPACE-MCA_TEAM_01_MDR.pdf Graphic file (type pdf)
<use Resources/LSPACE/LSPACE-MCA_TEAM_01_MDR.pdf, page 50>
Package pdftex.def Info: Resources/LSPACE/LSPACE-MCA_TEAM_01_MDR.pdf , page50 u
sed on input line 213.
(pdftex.def)             Requested size: 597.78697pt x 773.60669pt.
 [402 <./Resources/LSPACE/LSPACE-MCA_TEAM_01_MDR.pdf>]
<Resources/LSPACE/LSPACE-MCA_TEAM_01_MDR.pdf, id=3729, page=51, 614.295pt x 794
.97pt>
File: Resources/LSPACE/LSPACE-MCA_TEAM_01_MDR.pdf Graphic file (type pdf)
<use Resources/LSPACE/LSPACE-MCA_TEAM_01_MDR.pdf, page 51>
Package pdftex.def Info: Resources/LSPACE/LSPACE-MCA_TEAM_01_MDR.pdf , page51 u
sed on input line 213.
(pdftex.def)             Requested size: 597.78697pt x 773.60669pt.
File: Resources/LSPACE/LSPACE-MCA_TEAM_01_MDR.pdf Graphic file (type pdf)
<use Resources/LSPACE/LSPACE-MCA_TEAM_01_MDR.pdf, page 51>
Package pdftex.def Info: Resources/LSPACE/LSPACE-MCA_TEAM_01_MDR.pdf , page51 u
sed on input line 213.
(pdftex.def)             Requested size: 597.78697pt x 773.60669pt.
File: Resources/LSPACE/LSPACE-MCA_TEAM_01_MDR.pdf Graphic file (type pdf)
<use Resources/LSPACE/LSPACE-MCA_TEAM_01_MDR.pdf, page 51>
Package pdftex.def Info: Resources/LSPACE/LSPACE-MCA_TEAM_01_MDR.pdf , page51 u
sed on input line 213.
(pdftex.def)             Requested size: 597.78697pt x 773.60669pt.

[403 <./Resources/LSPACE/LSPACE-MCA_TEAM_01_MDR.pdf>]
<Resources/LSPACE/LSPACE-MCA_TEAM_01_MDR.pdf, id=3740, page=52, 614.295pt x 794
.97pt>
File: Resources/LSPACE/LSPACE-MCA_TEAM_01_MDR.pdf Graphic file (type pdf)
<use Resources/LSPACE/LSPACE-MCA_TEAM_01_MDR.pdf, page 52>
Package pdftex.def Info: Resources/LSPACE/LSPACE-MCA_TEAM_01_MDR.pdf , page52 u
sed on input line 213.
(pdftex.def)             Requested size: 597.78697pt x 773.60669pt.
File: Resources/LSPACE/LSPACE-MCA_TEAM_01_MDR.pdf Graphic file (type pdf)
<use Resources/LSPACE/LSPACE-MCA_TEAM_01_MDR.pdf, page 52>
Package pdftex.def Info: Resources/LSPACE/LSPACE-MCA_TEAM_01_MDR.pdf , page52 u
sed on input line 213.
(pdftex.def)             Requested size: 597.78697pt x 773.60669pt.
File: Resources/LSPACE/LSPACE-MCA_TEAM_01_MDR.pdf Graphic file (type pdf)
<use Resources/LSPACE/LSPACE-MCA_TEAM_01_MDR.pdf, page 52>
Package pdftex.def Info: Resources/LSPACE/LSPACE-MCA_TEAM_01_MDR.pdf , page52 u
sed on input line 213.
(pdftex.def)             Requested size: 597.78697pt x 773.60669pt.
 [404 <./Resources/LSPACE/LSPACE-MCA_TEAM_01_MDR.pdf>]
<Resources/LSPACE/LSPACE-MCA_TEAM_01_MDR.pdf, id=3745, page=53, 614.295pt x 794
.97pt>
File: Resources/LSPACE/LSPACE-MCA_TEAM_01_MDR.pdf Graphic file (type pdf)
<use Resources/LSPACE/LSPACE-MCA_TEAM_01_MDR.pdf, page 53>
Package pdftex.def Info: Resources/LSPACE/LSPACE-MCA_TEAM_01_MDR.pdf , page53 u
sed on input line 213.
(pdftex.def)             Requested size: 597.78697pt x 773.60669pt.
File: Resources/LSPACE/LSPACE-MCA_TEAM_01_MDR.pdf Graphic file (type pdf)
<use Resources/LSPACE/LSPACE-MCA_TEAM_01_MDR.pdf, page 53>
Package pdftex.def Info: Resources/LSPACE/LSPACE-MCA_TEAM_01_MDR.pdf , page53 u
sed on input line 213.
(pdftex.def)             Requested size: 597.78697pt x 773.60669pt.
File: Resources/LSPACE/LSPACE-MCA_TEAM_01_MDR.pdf Graphic file (type pdf)
<use Resources/LSPACE/LSPACE-MCA_TEAM_01_MDR.pdf, page 53>
Package pdftex.def Info: Resources/LSPACE/LSPACE-MCA_TEAM_01_MDR.pdf , page53 u
sed on input line 213.
(pdftex.def)             Requested size: 597.78697pt x 773.60669pt.
 [405 <./Resources/LSPACE/LSPACE-MCA_TEAM_01_MDR.pdf>]
<Resources/LSPACE/LSPACE-MCA_TEAM_01_MDR.pdf, id=3750, page=54, 614.295pt x 794
.97pt>
File: Resources/LSPACE/LSPACE-MCA_TEAM_01_MDR.pdf Graphic file (type pdf)
<use Resources/LSPACE/LSPACE-MCA_TEAM_01_MDR.pdf, page 54>
Package pdftex.def Info: Resources/LSPACE/LSPACE-MCA_TEAM_01_MDR.pdf , page54 u
sed on input line 213.
(pdftex.def)             Requested size: 597.78697pt x 773.60669pt.
File: Resources/LSPACE/LSPACE-MCA_TEAM_01_MDR.pdf Graphic file (type pdf)
<use Resources/LSPACE/LSPACE-MCA_TEAM_01_MDR.pdf, page 54>
Package pdftex.def Info: Resources/LSPACE/LSPACE-MCA_TEAM_01_MDR.pdf , page54 u
sed on input line 213.
(pdftex.def)             Requested size: 597.78697pt x 773.60669pt.
File: Resources/LSPACE/LSPACE-MCA_TEAM_01_MDR.pdf Graphic file (type pdf)
<use Resources/LSPACE/LSPACE-MCA_TEAM_01_MDR.pdf, page 54>
Package pdftex.def Info: Resources/LSPACE/LSPACE-MCA_TEAM_01_MDR.pdf , page54 u
sed on input line 213.
(pdftex.def)             Requested size: 597.78697pt x 773.60669pt.
 [406 <./Resources/LSPACE/LSPACE-MCA_TEAM_01_MDR.pdf>]
<Resources/LSPACE/LSPACE-MCA_TEAM_01_MDR.pdf, id=3755, page=55, 614.295pt x 794
.97pt>
File: Resources/LSPACE/LSPACE-MCA_TEAM_01_MDR.pdf Graphic file (type pdf)
<use Resources/LSPACE/LSPACE-MCA_TEAM_01_MDR.pdf, page 55>
Package pdftex.def Info: Resources/LSPACE/LSPACE-MCA_TEAM_01_MDR.pdf , page55 u
sed on input line 213.
(pdftex.def)             Requested size: 597.78697pt x 773.60669pt.
File: Resources/LSPACE/LSPACE-MCA_TEAM_01_MDR.pdf Graphic file (type pdf)
<use Resources/LSPACE/LSPACE-MCA_TEAM_01_MDR.pdf, page 55>
Package pdftex.def Info: Resources/LSPACE/LSPACE-MCA_TEAM_01_MDR.pdf , page55 u
sed on input line 213.
(pdftex.def)             Requested size: 597.78697pt x 773.60669pt.
File: Resources/LSPACE/LSPACE-MCA_TEAM_01_MDR.pdf Graphic file (type pdf)
<use Resources/LSPACE/LSPACE-MCA_TEAM_01_MDR.pdf, page 55>
Package pdftex.def Info: Resources/LSPACE/LSPACE-MCA_TEAM_01_MDR.pdf , page55 u
sed on input line 213.
(pdftex.def)             Requested size: 597.78697pt x 773.60669pt.
 [407 <./Resources/LSPACE/LSPACE-MCA_TEAM_01_MDR.pdf>]
<Resources/LSPACE/LSPACE-MCA_TEAM_01_MDR.pdf, id=3760, page=56, 794.97pt x 614.
295pt>
File: Resources/LSPACE/LSPACE-MCA_TEAM_01_MDR.pdf Graphic file (type pdf)
<use Resources/LSPACE/LSPACE-MCA_TEAM_01_MDR.pdf, page 56>
Package pdftex.def Info: Resources/LSPACE/LSPACE-MCA_TEAM_01_MDR.pdf , page56 u
sed on input line 213.
(pdftex.def)             Requested size: 773.60669pt x 597.78697pt.
File: Resources/LSPACE/LSPACE-MCA_TEAM_01_MDR.pdf Graphic file (type pdf)
<use Resources/LSPACE/LSPACE-MCA_TEAM_01_MDR.pdf, page 56>
Package pdftex.def Info: Resources/LSPACE/LSPACE-MCA_TEAM_01_MDR.pdf , page56 u
sed on input line 213.
(pdftex.def)             Requested size: 773.60669pt x 597.78697pt.
File: Resources/LSPACE/LSPACE-MCA_TEAM_01_MDR.pdf Graphic file (type pdf)
<use Resources/LSPACE/LSPACE-MCA_TEAM_01_MDR.pdf, page 56>
Package pdftex.def Info: Resources/LSPACE/LSPACE-MCA_TEAM_01_MDR.pdf , page56 u
sed on input line 213.
(pdftex.def)             Requested size: 773.60669pt x 597.78697pt.
 [408 <./Resources/LSPACE/LSPACE-MCA_TEAM_01_MDR.pdf>]
<Resources/LSPACE/LSPACE-MCA_TEAM_01_MDR.pdf, id=3768, page=57, 794.97pt x 614.
295pt>
File: Resources/LSPACE/LSPACE-MCA_TEAM_01_MDR.pdf Graphic file (type pdf)
<use Resources/LSPACE/LSPACE-MCA_TEAM_01_MDR.pdf, page 57>
Package pdftex.def Info: Resources/LSPACE/LSPACE-MCA_TEAM_01_MDR.pdf , page57 u
sed on input line 213.
(pdftex.def)             Requested size: 773.60669pt x 597.78697pt.
File: Resources/LSPACE/LSPACE-MCA_TEAM_01_MDR.pdf Graphic file (type pdf)
<use Resources/LSPACE/LSPACE-MCA_TEAM_01_MDR.pdf, page 57>
Package pdftex.def Info: Resources/LSPACE/LSPACE-MCA_TEAM_01_MDR.pdf , page57 u
sed on input line 213.
(pdftex.def)             Requested size: 773.60669pt x 597.78697pt.
File: Resources/LSPACE/LSPACE-MCA_TEAM_01_MDR.pdf Graphic file (type pdf)
<use Resources/LSPACE/LSPACE-MCA_TEAM_01_MDR.pdf, page 57>
Package pdftex.def Info: Resources/LSPACE/LSPACE-MCA_TEAM_01_MDR.pdf , page57 u
sed on input line 213.
(pdftex.def)             Requested size: 773.60669pt x 597.78697pt.
 [409 <./Resources/LSPACE/LSPACE-MCA_TEAM_01_MDR.pdf>]
<Resources/LSPACE/LSPACE-MCA_TEAM_01_MDR.pdf, id=3776, page=58, 794.97pt x 614.
295pt>
File: Resources/LSPACE/LSPACE-MCA_TEAM_01_MDR.pdf Graphic file (type pdf)
<use Resources/LSPACE/LSPACE-MCA_TEAM_01_MDR.pdf, page 58>
Package pdftex.def Info: Resources/LSPACE/LSPACE-MCA_TEAM_01_MDR.pdf , page58 u
sed on input line 213.
(pdftex.def)             Requested size: 773.60669pt x 597.78697pt.
File: Resources/LSPACE/LSPACE-MCA_TEAM_01_MDR.pdf Graphic file (type pdf)
<use Resources/LSPACE/LSPACE-MCA_TEAM_01_MDR.pdf, page 58>
Package pdftex.def Info: Resources/LSPACE/LSPACE-MCA_TEAM_01_MDR.pdf , page58 u
sed on input line 213.
(pdftex.def)             Requested size: 773.60669pt x 597.78697pt.
File: Resources/LSPACE/LSPACE-MCA_TEAM_01_MDR.pdf Graphic file (type pdf)
<use Resources/LSPACE/LSPACE-MCA_TEAM_01_MDR.pdf, page 58>
Package pdftex.def Info: Resources/LSPACE/LSPACE-MCA_TEAM_01_MDR.pdf , page58 u
sed on input line 213.
(pdftex.def)             Requested size: 773.60669pt x 597.78697pt.
 [410 <./Resources/LSPACE/LSPACE-MCA_TEAM_01_MDR.pdf>]
<Resources/LSPACE/LSPACE-MCA_TEAM_01_MDR.pdf, id=3783, page=59, 794.97pt x 614.
295pt>
File: Resources/LSPACE/LSPACE-MCA_TEAM_01_MDR.pdf Graphic file (type pdf)
<use Resources/LSPACE/LSPACE-MCA_TEAM_01_MDR.pdf, page 59>
Package pdftex.def Info: Resources/LSPACE/LSPACE-MCA_TEAM_01_MDR.pdf , page59 u
sed on input line 213.
(pdftex.def)             Requested size: 773.60669pt x 597.78697pt.
File: Resources/LSPACE/LSPACE-MCA_TEAM_01_MDR.pdf Graphic file (type pdf)
<use Resources/LSPACE/LSPACE-MCA_TEAM_01_MDR.pdf, page 59>
Package pdftex.def Info: Resources/LSPACE/LSPACE-MCA_TEAM_01_MDR.pdf , page59 u
sed on input line 213.
(pdftex.def)             Requested size: 773.60669pt x 597.78697pt.
File: Resources/LSPACE/LSPACE-MCA_TEAM_01_MDR.pdf Graphic file (type pdf)
<use Resources/LSPACE/LSPACE-MCA_TEAM_01_MDR.pdf, page 59>
Package pdftex.def Info: Resources/LSPACE/LSPACE-MCA_TEAM_01_MDR.pdf , page59 u
sed on input line 213.
(pdftex.def)             Requested size: 773.60669pt x 597.78697pt.
 [411 <./Resources/LSPACE/LSPACE-MCA_TEAM_01_MDR.pdf>]
<Resources/LSPACE/LSPACE-MCA_TEAM_01_MDR.pdf, id=3790, page=60, 794.97pt x 614.
295pt>
File: Resources/LSPACE/LSPACE-MCA_TEAM_01_MDR.pdf Graphic file (type pdf)
<use Resources/LSPACE/LSPACE-MCA_TEAM_01_MDR.pdf, page 60>
Package pdftex.def Info: Resources/LSPACE/LSPACE-MCA_TEAM_01_MDR.pdf , page60 u
sed on input line 213.
(pdftex.def)             Requested size: 773.60669pt x 597.78697pt.
File: Resources/LSPACE/LSPACE-MCA_TEAM_01_MDR.pdf Graphic file (type pdf)
<use Resources/LSPACE/LSPACE-MCA_TEAM_01_MDR.pdf, page 60>
Package pdftex.def Info: Resources/LSPACE/LSPACE-MCA_TEAM_01_MDR.pdf , page60 u
sed on input line 213.
(pdftex.def)             Requested size: 773.60669pt x 597.78697pt.
File: Resources/LSPACE/LSPACE-MCA_TEAM_01_MDR.pdf Graphic file (type pdf)
<use Resources/LSPACE/LSPACE-MCA_TEAM_01_MDR.pdf, page 60>
Package pdftex.def Info: Resources/LSPACE/LSPACE-MCA_TEAM_01_MDR.pdf , page60 u
sed on input line 213.
(pdftex.def)             Requested size: 773.60669pt x 597.78697pt.
 [412 <./Resources/LSPACE/LSPACE-MCA_TEAM_01_MDR.pdf>]
<Resources/LSPACE/LSPACE-MCA_TEAM_01_MDR.pdf, id=3796, page=61, 614.295pt x 794
.97pt>
File: Resources/LSPACE/LSPACE-MCA_TEAM_01_MDR.pdf Graphic file (type pdf)
<use Resources/LSPACE/LSPACE-MCA_TEAM_01_MDR.pdf, page 61>
Package pdftex.def Info: Resources/LSPACE/LSPACE-MCA_TEAM_01_MDR.pdf , page61 u
sed on input line 213.
(pdftex.def)             Requested size: 597.78697pt x 773.60669pt.
File: Resources/LSPACE/LSPACE-MCA_TEAM_01_MDR.pdf Graphic file (type pdf)
<use Resources/LSPACE/LSPACE-MCA_TEAM_01_MDR.pdf, page 61>
Package pdftex.def Info: Resources/LSPACE/LSPACE-MCA_TEAM_01_MDR.pdf , page61 u
sed on input line 213.
(pdftex.def)             Requested size: 597.78697pt x 773.60669pt.
File: Resources/LSPACE/LSPACE-MCA_TEAM_01_MDR.pdf Graphic file (type pdf)
<use Resources/LSPACE/LSPACE-MCA_TEAM_01_MDR.pdf, page 61>
Package pdftex.def Info: Resources/LSPACE/LSPACE-MCA_TEAM_01_MDR.pdf , page61 u
sed on input line 213.
(pdftex.def)             Requested size: 597.78697pt x 773.60669pt.
 [413 <./Resources/LSPACE/LSPACE-MCA_TEAM_01_MDR.pdf>]
<Resources/LSPACE/LSPACE-MCA_TEAM_01_MDR.pdf, id=3802, page=62, 614.295pt x 794
.97pt>
File: Resources/LSPACE/LSPACE-MCA_TEAM_01_MDR.pdf Graphic file (type pdf)
<use Resources/LSPACE/LSPACE-MCA_TEAM_01_MDR.pdf, page 62>
Package pdftex.def Info: Resources/LSPACE/LSPACE-MCA_TEAM_01_MDR.pdf , page62 u
sed on input line 213.
(pdftex.def)             Requested size: 597.78697pt x 773.60669pt.
File: Resources/LSPACE/LSPACE-MCA_TEAM_01_MDR.pdf Graphic file (type pdf)
<use Resources/LSPACE/LSPACE-MCA_TEAM_01_MDR.pdf, page 62>
Package pdftex.def Info: Resources/LSPACE/LSPACE-MCA_TEAM_01_MDR.pdf , page62 u
sed on input line 213.
(pdftex.def)             Requested size: 597.78697pt x 773.60669pt.
File: Resources/LSPACE/LSPACE-MCA_TEAM_01_MDR.pdf Graphic file (type pdf)
<use Resources/LSPACE/LSPACE-MCA_TEAM_01_MDR.pdf, page 62>
Package pdftex.def Info: Resources/LSPACE/LSPACE-MCA_TEAM_01_MDR.pdf , page62 u
sed on input line 213.
(pdftex.def)             Requested size: 597.78697pt x 773.60669pt.
 [414 <./Resources/LSPACE/LSPACE-MCA_TEAM_01_MDR.pdf>]
<Resources/LSPACE/LSPACE-MCA_TEAM_01_MDR.pdf, id=3812, page=63, 614.295pt x 794
.97pt>
File: Resources/LSPACE/LSPACE-MCA_TEAM_01_MDR.pdf Graphic file (type pdf)
<use Resources/LSPACE/LSPACE-MCA_TEAM_01_MDR.pdf, page 63>
Package pdftex.def Info: Resources/LSPACE/LSPACE-MCA_TEAM_01_MDR.pdf , page63 u
sed on input line 213.
(pdftex.def)             Requested size: 597.78697pt x 773.60669pt.
File: Resources/LSPACE/LSPACE-MCA_TEAM_01_MDR.pdf Graphic file (type pdf)
<use Resources/LSPACE/LSPACE-MCA_TEAM_01_MDR.pdf, page 63>
Package pdftex.def Info: Resources/LSPACE/LSPACE-MCA_TEAM_01_MDR.pdf , page63 u
sed on input line 213.
(pdftex.def)             Requested size: 597.78697pt x 773.60669pt.
File: Resources/LSPACE/LSPACE-MCA_TEAM_01_MDR.pdf Graphic file (type pdf)
<use Resources/LSPACE/LSPACE-MCA_TEAM_01_MDR.pdf, page 63>
Package pdftex.def Info: Resources/LSPACE/LSPACE-MCA_TEAM_01_MDR.pdf , page63 u
sed on input line 213.
(pdftex.def)             Requested size: 597.78697pt x 773.60669pt.
 [415 <./Resources/LSPACE/LSPACE-MCA_TEAM_01_MDR.pdf>]
<Resources/LSPACE/LSPACE-MCA_TEAM_01_MDR.pdf, id=3818, page=64, 614.295pt x 794
.97pt>
File: Resources/LSPACE/LSPACE-MCA_TEAM_01_MDR.pdf Graphic file (type pdf)
<use Resources/LSPACE/LSPACE-MCA_TEAM_01_MDR.pdf, page 64>
Package pdftex.def Info: Resources/LSPACE/LSPACE-MCA_TEAM_01_MDR.pdf , page64 u
sed on input line 213.
(pdftex.def)             Requested size: 597.78697pt x 773.60669pt.
File: Resources/LSPACE/LSPACE-MCA_TEAM_01_MDR.pdf Graphic file (type pdf)
<use Resources/LSPACE/LSPACE-MCA_TEAM_01_MDR.pdf, page 64>
Package pdftex.def Info: Resources/LSPACE/LSPACE-MCA_TEAM_01_MDR.pdf , page64 u
sed on input line 213.
(pdftex.def)             Requested size: 597.78697pt x 773.60669pt.
File: Resources/LSPACE/LSPACE-MCA_TEAM_01_MDR.pdf Graphic file (type pdf)
<use Resources/LSPACE/LSPACE-MCA_TEAM_01_MDR.pdf, page 64>
Package pdftex.def Info: Resources/LSPACE/LSPACE-MCA_TEAM_01_MDR.pdf , page64 u
sed on input line 213.
(pdftex.def)             Requested size: 597.78697pt x 773.60669pt.
 [416 <./Resources/LSPACE/LSPACE-MCA_TEAM_01_MDR.pdf>]
<Resources/LSPACE/LSPACE-MCA_TEAM_01_MDR.pdf, id=3823, page=65, 614.295pt x 794
.97pt>
File: Resources/LSPACE/LSPACE-MCA_TEAM_01_MDR.pdf Graphic file (type pdf)
<use Resources/LSPACE/LSPACE-MCA_TEAM_01_MDR.pdf, page 65>
Package pdftex.def Info: Resources/LSPACE/LSPACE-MCA_TEAM_01_MDR.pdf , page65 u
sed on input line 213.
(pdftex.def)             Requested size: 597.78697pt x 773.60669pt.
File: Resources/LSPACE/LSPACE-MCA_TEAM_01_MDR.pdf Graphic file (type pdf)
<use Resources/LSPACE/LSPACE-MCA_TEAM_01_MDR.pdf, page 65>
Package pdftex.def Info: Resources/LSPACE/LSPACE-MCA_TEAM_01_MDR.pdf , page65 u
sed on input line 213.
(pdftex.def)             Requested size: 597.78697pt x 773.60669pt.
File: Resources/LSPACE/LSPACE-MCA_TEAM_01_MDR.pdf Graphic file (type pdf)
<use Resources/LSPACE/LSPACE-MCA_TEAM_01_MDR.pdf, page 65>
Package pdftex.def Info: Resources/LSPACE/LSPACE-MCA_TEAM_01_MDR.pdf , page65 u
sed on input line 213.
(pdftex.def)             Requested size: 597.78697pt x 773.60669pt.
 [417 <./Resources/LSPACE/LSPACE-MCA_TEAM_01_MDR.pdf>]
<Resources/LSPACE/LSPACE-MCA_TEAM_01_MDR.pdf, id=3828, page=66, 614.295pt x 794
.97pt>
File: Resources/LSPACE/LSPACE-MCA_TEAM_01_MDR.pdf Graphic file (type pdf)
<use Resources/LSPACE/LSPACE-MCA_TEAM_01_MDR.pdf, page 66>
Package pdftex.def Info: Resources/LSPACE/LSPACE-MCA_TEAM_01_MDR.pdf , page66 u
sed on input line 213.
(pdftex.def)             Requested size: 597.78697pt x 773.60669pt.
File: Resources/LSPACE/LSPACE-MCA_TEAM_01_MDR.pdf Graphic file (type pdf)
<use Resources/LSPACE/LSPACE-MCA_TEAM_01_MDR.pdf, page 66>
Package pdftex.def Info: Resources/LSPACE/LSPACE-MCA_TEAM_01_MDR.pdf , page66 u
sed on input line 213.
(pdftex.def)             Requested size: 597.78697pt x 773.60669pt.
File: Resources/LSPACE/LSPACE-MCA_TEAM_01_MDR.pdf Graphic file (type pdf)
<use Resources/LSPACE/LSPACE-MCA_TEAM_01_MDR.pdf, page 66>
Package pdftex.def Info: Resources/LSPACE/LSPACE-MCA_TEAM_01_MDR.pdf , page66 u
sed on input line 213.
(pdftex.def)             Requested size: 597.78697pt x 773.60669pt.
 [418 <./Resources/LSPACE/LSPACE-MCA_TEAM_01_MDR.pdf>]
<Resources/LSPACE/LSPACE-MCA_TEAM_01_MDR.pdf, id=3834, page=67, 614.295pt x 794
.97pt>
File: Resources/LSPACE/LSPACE-MCA_TEAM_01_MDR.pdf Graphic file (type pdf)
<use Resources/LSPACE/LSPACE-MCA_TEAM_01_MDR.pdf, page 67>
Package pdftex.def Info: Resources/LSPACE/LSPACE-MCA_TEAM_01_MDR.pdf , page67 u
sed on input line 213.
(pdftex.def)             Requested size: 597.78697pt x 773.60669pt.
File: Resources/LSPACE/LSPACE-MCA_TEAM_01_MDR.pdf Graphic file (type pdf)
<use Resources/LSPACE/LSPACE-MCA_TEAM_01_MDR.pdf, page 67>
Package pdftex.def Info: Resources/LSPACE/LSPACE-MCA_TEAM_01_MDR.pdf , page67 u
sed on input line 213.
(pdftex.def)             Requested size: 597.78697pt x 773.60669pt.
File: Resources/LSPACE/LSPACE-MCA_TEAM_01_MDR.pdf Graphic file (type pdf)
<use Resources/LSPACE/LSPACE-MCA_TEAM_01_MDR.pdf, page 67>
Package pdftex.def Info: Resources/LSPACE/LSPACE-MCA_TEAM_01_MDR.pdf , page67 u
sed on input line 213.
(pdftex.def)             Requested size: 597.78697pt x 773.60669pt.

[419 <./Resources/LSPACE/LSPACE-MCA_TEAM_01_MDR.pdf>]
<Resources/LSPACE/LSPACE-MCA_TEAM_01_MDR.pdf, id=3840, page=68, 614.295pt x 794
.97pt>
File: Resources/LSPACE/LSPACE-MCA_TEAM_01_MDR.pdf Graphic file (type pdf)
<use Resources/LSPACE/LSPACE-MCA_TEAM_01_MDR.pdf, page 68>
Package pdftex.def Info: Resources/LSPACE/LSPACE-MCA_TEAM_01_MDR.pdf , page68 u
sed on input line 213.
(pdftex.def)             Requested size: 597.78697pt x 773.60669pt.
File: Resources/LSPACE/LSPACE-MCA_TEAM_01_MDR.pdf Graphic file (type pdf)
<use Resources/LSPACE/LSPACE-MCA_TEAM_01_MDR.pdf, page 68>
Package pdftex.def Info: Resources/LSPACE/LSPACE-MCA_TEAM_01_MDR.pdf , page68 u
sed on input line 213.
(pdftex.def)             Requested size: 597.78697pt x 773.60669pt.
File: Resources/LSPACE/LSPACE-MCA_TEAM_01_MDR.pdf Graphic file (type pdf)
<use Resources/LSPACE/LSPACE-MCA_TEAM_01_MDR.pdf, page 68>
Package pdftex.def Info: Resources/LSPACE/LSPACE-MCA_TEAM_01_MDR.pdf , page68 u
sed on input line 213.
(pdftex.def)             Requested size: 597.78697pt x 773.60669pt.
 [420 <./Resources/LSPACE/LSPACE-MCA_TEAM_01_MDR.pdf>]
<Resources/LSPACE/LSPACE-MCA_TEAM_01_MDR.pdf, id=3846, page=69, 614.295pt x 794
.97pt>
File: Resources/LSPACE/LSPACE-MCA_TEAM_01_MDR.pdf Graphic file (type pdf)
<use Resources/LSPACE/LSPACE-MCA_TEAM_01_MDR.pdf, page 69>
Package pdftex.def Info: Resources/LSPACE/LSPACE-MCA_TEAM_01_MDR.pdf , page69 u
sed on input line 213.
(pdftex.def)             Requested size: 597.78697pt x 773.60669pt.
File: Resources/LSPACE/LSPACE-MCA_TEAM_01_MDR.pdf Graphic file (type pdf)
<use Resources/LSPACE/LSPACE-MCA_TEAM_01_MDR.pdf, page 69>
Package pdftex.def Info: Resources/LSPACE/LSPACE-MCA_TEAM_01_MDR.pdf , page69 u
sed on input line 213.
(pdftex.def)             Requested size: 597.78697pt x 773.60669pt.
File: Resources/LSPACE/LSPACE-MCA_TEAM_01_MDR.pdf Graphic file (type pdf)
<use Resources/LSPACE/LSPACE-MCA_TEAM_01_MDR.pdf, page 69>
Package pdftex.def Info: Resources/LSPACE/LSPACE-MCA_TEAM_01_MDR.pdf , page69 u
sed on input line 213.
(pdftex.def)             Requested size: 597.78697pt x 773.60669pt.
 [421 <./Resources/LSPACE/LSPACE-MCA_TEAM_01_MDR.pdf>]
<Resources/LSPACE/LSPACE-MCA_TEAM_01_MDR.pdf, id=3857, page=70, 614.295pt x 794
.97pt>
File: Resources/LSPACE/LSPACE-MCA_TEAM_01_MDR.pdf Graphic file (type pdf)
<use Resources/LSPACE/LSPACE-MCA_TEAM_01_MDR.pdf, page 70>
Package pdftex.def Info: Resources/LSPACE/LSPACE-MCA_TEAM_01_MDR.pdf , page70 u
sed on input line 213.
(pdftex.def)             Requested size: 597.78697pt x 773.60669pt.
File: Resources/LSPACE/LSPACE-MCA_TEAM_01_MDR.pdf Graphic file (type pdf)
<use Resources/LSPACE/LSPACE-MCA_TEAM_01_MDR.pdf, page 70>
Package pdftex.def Info: Resources/LSPACE/LSPACE-MCA_TEAM_01_MDR.pdf , page70 u
sed on input line 213.
(pdftex.def)             Requested size: 597.78697pt x 773.60669pt.
File: Resources/LSPACE/LSPACE-MCA_TEAM_01_MDR.pdf Graphic file (type pdf)
<use Resources/LSPACE/LSPACE-MCA_TEAM_01_MDR.pdf, page 70>
Package pdftex.def Info: Resources/LSPACE/LSPACE-MCA_TEAM_01_MDR.pdf , page70 u
sed on input line 213.
(pdftex.def)             Requested size: 597.78697pt x 773.60669pt.
 [422 <./Resources/LSPACE/LSPACE-MCA_TEAM_01_MDR.pdf>]
<Resources/LSPACE/LSPACE-MCA_TEAM_01_MDR.pdf, id=3862, page=71, 614.295pt x 794
.97pt>
File: Resources/LSPACE/LSPACE-MCA_TEAM_01_MDR.pdf Graphic file (type pdf)
<use Resources/LSPACE/LSPACE-MCA_TEAM_01_MDR.pdf, page 71>
Package pdftex.def Info: Resources/LSPACE/LSPACE-MCA_TEAM_01_MDR.pdf , page71 u
sed on input line 213.
(pdftex.def)             Requested size: 597.78697pt x 773.60669pt.
File: Resources/LSPACE/LSPACE-MCA_TEAM_01_MDR.pdf Graphic file (type pdf)
<use Resources/LSPACE/LSPACE-MCA_TEAM_01_MDR.pdf, page 71>
Package pdftex.def Info: Resources/LSPACE/LSPACE-MCA_TEAM_01_MDR.pdf , page71 u
sed on input line 213.
(pdftex.def)             Requested size: 597.78697pt x 773.60669pt.
File: Resources/LSPACE/LSPACE-MCA_TEAM_01_MDR.pdf Graphic file (type pdf)
<use Resources/LSPACE/LSPACE-MCA_TEAM_01_MDR.pdf, page 71>
Package pdftex.def Info: Resources/LSPACE/LSPACE-MCA_TEAM_01_MDR.pdf , page71 u
sed on input line 213.
(pdftex.def)             Requested size: 597.78697pt x 773.60669pt.
 [423 <./Resources/LSPACE/LSPACE-MCA_TEAM_01_MDR.pdf>]
<Resources/LSPACE/LSPACE-MCA_TEAM_01_MDR.pdf, id=3867, page=72, 614.295pt x 794
.97pt>
File: Resources/LSPACE/LSPACE-MCA_TEAM_01_MDR.pdf Graphic file (type pdf)
<use Resources/LSPACE/LSPACE-MCA_TEAM_01_MDR.pdf, page 72>
Package pdftex.def Info: Resources/LSPACE/LSPACE-MCA_TEAM_01_MDR.pdf , page72 u
sed on input line 213.
(pdftex.def)             Requested size: 597.78697pt x 773.60669pt.
File: Resources/LSPACE/LSPACE-MCA_TEAM_01_MDR.pdf Graphic file (type pdf)
<use Resources/LSPACE/LSPACE-MCA_TEAM_01_MDR.pdf, page 72>
Package pdftex.def Info: Resources/LSPACE/LSPACE-MCA_TEAM_01_MDR.pdf , page72 u
sed on input line 213.
(pdftex.def)             Requested size: 597.78697pt x 773.60669pt.
File: Resources/LSPACE/LSPACE-MCA_TEAM_01_MDR.pdf Graphic file (type pdf)
<use Resources/LSPACE/LSPACE-MCA_TEAM_01_MDR.pdf, page 72>
Package pdftex.def Info: Resources/LSPACE/LSPACE-MCA_TEAM_01_MDR.pdf , page72 u
sed on input line 213.
(pdftex.def)             Requested size: 597.78697pt x 773.60669pt.
 [424 <./Resources/LSPACE/LSPACE-MCA_TEAM_01_MDR.pdf>]
<Resources/LSPACE/LSPACE-MCA_TEAM_01_MDR.pdf, id=3877, page=73, 614.295pt x 794
.97pt>
File: Resources/LSPACE/LSPACE-MCA_TEAM_01_MDR.pdf Graphic file (type pdf)
<use Resources/LSPACE/LSPACE-MCA_TEAM_01_MDR.pdf, page 73>
Package pdftex.def Info: Resources/LSPACE/LSPACE-MCA_TEAM_01_MDR.pdf , page73 u
sed on input line 213.
(pdftex.def)             Requested size: 597.78697pt x 773.60669pt.
File: Resources/LSPACE/LSPACE-MCA_TEAM_01_MDR.pdf Graphic file (type pdf)
<use Resources/LSPACE/LSPACE-MCA_TEAM_01_MDR.pdf, page 73>
Package pdftex.def Info: Resources/LSPACE/LSPACE-MCA_TEAM_01_MDR.pdf , page73 u
sed on input line 213.
(pdftex.def)             Requested size: 597.78697pt x 773.60669pt.
File: Resources/LSPACE/LSPACE-MCA_TEAM_01_MDR.pdf Graphic file (type pdf)
<use Resources/LSPACE/LSPACE-MCA_TEAM_01_MDR.pdf, page 73>
Package pdftex.def Info: Resources/LSPACE/LSPACE-MCA_TEAM_01_MDR.pdf , page73 u
sed on input line 213.
(pdftex.def)             Requested size: 597.78697pt x 773.60669pt.
 [425 <./Resources/LSPACE/LSPACE-MCA_TEAM_01_MDR.pdf>]
<Resources/LSPACE/LSPACE-MCA_TEAM_01_MDR.pdf, id=3882, page=74, 614.295pt x 794
.97pt>
File: Resources/LSPACE/LSPACE-MCA_TEAM_01_MDR.pdf Graphic file (type pdf)
<use Resources/LSPACE/LSPACE-MCA_TEAM_01_MDR.pdf, page 74>
Package pdftex.def Info: Resources/LSPACE/LSPACE-MCA_TEAM_01_MDR.pdf , page74 u
sed on input line 213.
(pdftex.def)             Requested size: 597.78697pt x 773.60669pt.
File: Resources/LSPACE/LSPACE-MCA_TEAM_01_MDR.pdf Graphic file (type pdf)
<use Resources/LSPACE/LSPACE-MCA_TEAM_01_MDR.pdf, page 74>
Package pdftex.def Info: Resources/LSPACE/LSPACE-MCA_TEAM_01_MDR.pdf , page74 u
sed on input line 213.
(pdftex.def)             Requested size: 597.78697pt x 773.60669pt.
File: Resources/LSPACE/LSPACE-MCA_TEAM_01_MDR.pdf Graphic file (type pdf)
<use Resources/LSPACE/LSPACE-MCA_TEAM_01_MDR.pdf, page 74>
Package pdftex.def Info: Resources/LSPACE/LSPACE-MCA_TEAM_01_MDR.pdf , page74 u
sed on input line 213.
(pdftex.def)             Requested size: 597.78697pt x 773.60669pt.
 [426 <./Resources/LSPACE/LSPACE-MCA_TEAM_01_MDR.pdf>]
<Resources/LSPACE/LSPACE-MCA_TEAM_01_MDR.pdf, id=3887, page=75, 614.295pt x 794
.97pt>
File: Resources/LSPACE/LSPACE-MCA_TEAM_01_MDR.pdf Graphic file (type pdf)
<use Resources/LSPACE/LSPACE-MCA_TEAM_01_MDR.pdf, page 75>
Package pdftex.def Info: Resources/LSPACE/LSPACE-MCA_TEAM_01_MDR.pdf , page75 u
sed on input line 213.
(pdftex.def)             Requested size: 597.78697pt x 773.60669pt.
File: Resources/LSPACE/LSPACE-MCA_TEAM_01_MDR.pdf Graphic file (type pdf)
<use Resources/LSPACE/LSPACE-MCA_TEAM_01_MDR.pdf, page 75>
Package pdftex.def Info: Resources/LSPACE/LSPACE-MCA_TEAM_01_MDR.pdf , page75 u
sed on input line 213.
(pdftex.def)             Requested size: 597.78697pt x 773.60669pt.
File: Resources/LSPACE/LSPACE-MCA_TEAM_01_MDR.pdf Graphic file (type pdf)
<use Resources/LSPACE/LSPACE-MCA_TEAM_01_MDR.pdf, page 75>
Package pdftex.def Info: Resources/LSPACE/LSPACE-MCA_TEAM_01_MDR.pdf , page75 u
sed on input line 213.
(pdftex.def)             Requested size: 597.78697pt x 773.60669pt.
 [427 <./Resources/LSPACE/LSPACE-MCA_TEAM_01_MDR.pdf>]
<Resources/LSPACE/LSPACE-MCA_TEAM_01_MDR.pdf, id=3893, page=76, 794.97pt x 614.
295pt>
File: Resources/LSPACE/LSPACE-MCA_TEAM_01_MDR.pdf Graphic file (type pdf)
<use Resources/LSPACE/LSPACE-MCA_TEAM_01_MDR.pdf, page 76>
Package pdftex.def Info: Resources/LSPACE/LSPACE-MCA_TEAM_01_MDR.pdf , page76 u
sed on input line 213.
(pdftex.def)             Requested size: 773.60669pt x 597.78697pt.
File: Resources/LSPACE/LSPACE-MCA_TEAM_01_MDR.pdf Graphic file (type pdf)
<use Resources/LSPACE/LSPACE-MCA_TEAM_01_MDR.pdf, page 76>
Package pdftex.def Info: Resources/LSPACE/LSPACE-MCA_TEAM_01_MDR.pdf , page76 u
sed on input line 213.
(pdftex.def)             Requested size: 773.60669pt x 597.78697pt.
File: Resources/LSPACE/LSPACE-MCA_TEAM_01_MDR.pdf Graphic file (type pdf)
<use Resources/LSPACE/LSPACE-MCA_TEAM_01_MDR.pdf, page 76>
Package pdftex.def Info: Resources/LSPACE/LSPACE-MCA_TEAM_01_MDR.pdf , page76 u
sed on input line 213.
(pdftex.def)             Requested size: 773.60669pt x 597.78697pt.
 [428 <./Resources/LSPACE/LSPACE-MCA_TEAM_01_MDR.pdf>]
<Resources/LSPACE/LSPACE-MCA_TEAM_01_MDR.pdf, id=3923, page=77, 614.295pt x 794
.97pt>
File: Resources/LSPACE/LSPACE-MCA_TEAM_01_MDR.pdf Graphic file (type pdf)
<use Resources/LSPACE/LSPACE-MCA_TEAM_01_MDR.pdf, page 77>
Package pdftex.def Info: Resources/LSPACE/LSPACE-MCA_TEAM_01_MDR.pdf , page77 u
sed on input line 213.
(pdftex.def)             Requested size: 597.78697pt x 773.60669pt.
File: Resources/LSPACE/LSPACE-MCA_TEAM_01_MDR.pdf Graphic file (type pdf)
<use Resources/LSPACE/LSPACE-MCA_TEAM_01_MDR.pdf, page 77>
Package pdftex.def Info: Resources/LSPACE/LSPACE-MCA_TEAM_01_MDR.pdf , page77 u
sed on input line 213.
(pdftex.def)             Requested size: 597.78697pt x 773.60669pt.
File: Resources/LSPACE/LSPACE-MCA_TEAM_01_MDR.pdf Graphic file (type pdf)
<use Resources/LSPACE/LSPACE-MCA_TEAM_01_MDR.pdf, page 77>
Package pdftex.def Info: Resources/LSPACE/LSPACE-MCA_TEAM_01_MDR.pdf , page77 u
sed on input line 213.
(pdftex.def)             Requested size: 597.78697pt x 773.60669pt.
 [429 <./Resources/LSPACE/LSPACE-MCA_TEAM_01_MDR.pdf>]
<Resources/LSPACE/LSPACE-MCA_TEAM_01_MDR.pdf, id=3928, page=78, 614.295pt x 794
.97pt>
File: Resources/LSPACE/LSPACE-MCA_TEAM_01_MDR.pdf Graphic file (type pdf)
<use Resources/LSPACE/LSPACE-MCA_TEAM_01_MDR.pdf, page 78>
Package pdftex.def Info: Resources/LSPACE/LSPACE-MCA_TEAM_01_MDR.pdf , page78 u
sed on input line 213.
(pdftex.def)             Requested size: 597.78697pt x 773.60669pt.
File: Resources/LSPACE/LSPACE-MCA_TEAM_01_MDR.pdf Graphic file (type pdf)
<use Resources/LSPACE/LSPACE-MCA_TEAM_01_MDR.pdf, page 78>
Package pdftex.def Info: Resources/LSPACE/LSPACE-MCA_TEAM_01_MDR.pdf , page78 u
sed on input line 213.
(pdftex.def)             Requested size: 597.78697pt x 773.60669pt.
File: Resources/LSPACE/LSPACE-MCA_TEAM_01_MDR.pdf Graphic file (type pdf)
<use Resources/LSPACE/LSPACE-MCA_TEAM_01_MDR.pdf, page 78>
Package pdftex.def Info: Resources/LSPACE/LSPACE-MCA_TEAM_01_MDR.pdf , page78 u
sed on input line 213.
(pdftex.def)             Requested size: 597.78697pt x 773.60669pt.
 [430 <./Resources/LSPACE/LSPACE-MCA_TEAM_01_MDR.pdf>]
<Resources/LSPACE/LSPACE-MCA_TEAM_01_MDR.pdf, id=3933, page=79, 614.295pt x 794
.97pt>
File: Resources/LSPACE/LSPACE-MCA_TEAM_01_MDR.pdf Graphic file (type pdf)
<use Resources/LSPACE/LSPACE-MCA_TEAM_01_MDR.pdf, page 79>
Package pdftex.def Info: Resources/LSPACE/LSPACE-MCA_TEAM_01_MDR.pdf , page79 u
sed on input line 213.
(pdftex.def)             Requested size: 597.78697pt x 773.60669pt.
File: Resources/LSPACE/LSPACE-MCA_TEAM_01_MDR.pdf Graphic file (type pdf)
<use Resources/LSPACE/LSPACE-MCA_TEAM_01_MDR.pdf, page 79>
Package pdftex.def Info: Resources/LSPACE/LSPACE-MCA_TEAM_01_MDR.pdf , page79 u
sed on input line 213.
(pdftex.def)             Requested size: 597.78697pt x 773.60669pt.
File: Resources/LSPACE/LSPACE-MCA_TEAM_01_MDR.pdf Graphic file (type pdf)
<use Resources/LSPACE/LSPACE-MCA_TEAM_01_MDR.pdf, page 79>
Package pdftex.def Info: Resources/LSPACE/LSPACE-MCA_TEAM_01_MDR.pdf , page79 u
sed on input line 213.
(pdftex.def)             Requested size: 597.78697pt x 773.60669pt.
 [431 <./Resources/LSPACE/LSPACE-MCA_TEAM_01_MDR.pdf>]
<Resources/LSPACE/LSPACE-MCA_TEAM_01_MDR.pdf, id=3938, page=80, 614.295pt x 794
.97pt>
File: Resources/LSPACE/LSPACE-MCA_TEAM_01_MDR.pdf Graphic file (type pdf)
<use Resources/LSPACE/LSPACE-MCA_TEAM_01_MDR.pdf, page 80>
Package pdftex.def Info: Resources/LSPACE/LSPACE-MCA_TEAM_01_MDR.pdf , page80 u
sed on input line 213.
(pdftex.def)             Requested size: 597.78697pt x 773.60669pt.
File: Resources/LSPACE/LSPACE-MCA_TEAM_01_MDR.pdf Graphic file (type pdf)
<use Resources/LSPACE/LSPACE-MCA_TEAM_01_MDR.pdf, page 80>
Package pdftex.def Info: Resources/LSPACE/LSPACE-MCA_TEAM_01_MDR.pdf , page80 u
sed on input line 213.
(pdftex.def)             Requested size: 597.78697pt x 773.60669pt.
File: Resources/LSPACE/LSPACE-MCA_TEAM_01_MDR.pdf Graphic file (type pdf)
<use Resources/LSPACE/LSPACE-MCA_TEAM_01_MDR.pdf, page 80>
Package pdftex.def Info: Resources/LSPACE/LSPACE-MCA_TEAM_01_MDR.pdf , page80 u
sed on input line 213.
(pdftex.def)             Requested size: 597.78697pt x 773.60669pt.
 [432 <./Resources/LSPACE/LSPACE-MCA_TEAM_01_MDR.pdf>]
<Resources/LSPACE/LSPACE-MCA_TEAM_01_MDR.pdf, id=3943, page=81, 614.295pt x 794
.97pt>
File: Resources/LSPACE/LSPACE-MCA_TEAM_01_MDR.pdf Graphic file (type pdf)
<use Resources/LSPACE/LSPACE-MCA_TEAM_01_MDR.pdf, page 81>
Package pdftex.def Info: Resources/LSPACE/LSPACE-MCA_TEAM_01_MDR.pdf , page81 u
sed on input line 213.
(pdftex.def)             Requested size: 597.78697pt x 773.60669pt.
File: Resources/LSPACE/LSPACE-MCA_TEAM_01_MDR.pdf Graphic file (type pdf)
<use Resources/LSPACE/LSPACE-MCA_TEAM_01_MDR.pdf, page 81>
Package pdftex.def Info: Resources/LSPACE/LSPACE-MCA_TEAM_01_MDR.pdf , page81 u
sed on input line 213.
(pdftex.def)             Requested size: 597.78697pt x 773.60669pt.
File: Resources/LSPACE/LSPACE-MCA_TEAM_01_MDR.pdf Graphic file (type pdf)
<use Resources/LSPACE/LSPACE-MCA_TEAM_01_MDR.pdf, page 81>
Package pdftex.def Info: Resources/LSPACE/LSPACE-MCA_TEAM_01_MDR.pdf , page81 u
sed on input line 213.
(pdftex.def)             Requested size: 597.78697pt x 773.60669pt.
 [433 <./Resources/LSPACE/LSPACE-MCA_TEAM_01_MDR.pdf>]
<Resources/LSPACE/LSPACE-MCA_TEAM_01_MDR.pdf, id=3949, page=82, 614.295pt x 794
.97pt>
File: Resources/LSPACE/LSPACE-MCA_TEAM_01_MDR.pdf Graphic file (type pdf)
<use Resources/LSPACE/LSPACE-MCA_TEAM_01_MDR.pdf, page 82>
Package pdftex.def Info: Resources/LSPACE/LSPACE-MCA_TEAM_01_MDR.pdf , page82 u
sed on input line 213.
(pdftex.def)             Requested size: 597.78697pt x 773.60669pt.
File: Resources/LSPACE/LSPACE-MCA_TEAM_01_MDR.pdf Graphic file (type pdf)
<use Resources/LSPACE/LSPACE-MCA_TEAM_01_MDR.pdf, page 82>
Package pdftex.def Info: Resources/LSPACE/LSPACE-MCA_TEAM_01_MDR.pdf , page82 u
sed on input line 213.
(pdftex.def)             Requested size: 597.78697pt x 773.60669pt.
File: Resources/LSPACE/LSPACE-MCA_TEAM_01_MDR.pdf Graphic file (type pdf)
<use Resources/LSPACE/LSPACE-MCA_TEAM_01_MDR.pdf, page 82>
Package pdftex.def Info: Resources/LSPACE/LSPACE-MCA_TEAM_01_MDR.pdf , page82 u
sed on input line 213.
(pdftex.def)             Requested size: 597.78697pt x 773.60669pt.
 [434 <./Resources/LSPACE/LSPACE-MCA_TEAM_01_MDR.pdf>]
<Resources/LSPACE/LSPACE-MCA_TEAM_01_MDR.pdf, id=3959, page=83, 614.295pt x 794
.97pt>
File: Resources/LSPACE/LSPACE-MCA_TEAM_01_MDR.pdf Graphic file (type pdf)
<use Resources/LSPACE/LSPACE-MCA_TEAM_01_MDR.pdf, page 83>
Package pdftex.def Info: Resources/LSPACE/LSPACE-MCA_TEAM_01_MDR.pdf , page83 u
sed on input line 213.
(pdftex.def)             Requested size: 597.78697pt x 773.60669pt.
File: Resources/LSPACE/LSPACE-MCA_TEAM_01_MDR.pdf Graphic file (type pdf)
<use Resources/LSPACE/LSPACE-MCA_TEAM_01_MDR.pdf, page 83>
Package pdftex.def Info: Resources/LSPACE/LSPACE-MCA_TEAM_01_MDR.pdf , page83 u
sed on input line 213.
(pdftex.def)             Requested size: 597.78697pt x 773.60669pt.
File: Resources/LSPACE/LSPACE-MCA_TEAM_01_MDR.pdf Graphic file (type pdf)
<use Resources/LSPACE/LSPACE-MCA_TEAM_01_MDR.pdf, page 83>
Package pdftex.def Info: Resources/LSPACE/LSPACE-MCA_TEAM_01_MDR.pdf , page83 u
sed on input line 213.
(pdftex.def)             Requested size: 597.78697pt x 773.60669pt.

[435 <./Resources/LSPACE/LSPACE-MCA_TEAM_01_MDR.pdf>]
<Resources/LSPACE/LSPACE-MCA_TEAM_01_MDR.pdf, id=3964, page=84, 614.295pt x 794
.97pt>
File: Resources/LSPACE/LSPACE-MCA_TEAM_01_MDR.pdf Graphic file (type pdf)
<use Resources/LSPACE/LSPACE-MCA_TEAM_01_MDR.pdf, page 84>
Package pdftex.def Info: Resources/LSPACE/LSPACE-MCA_TEAM_01_MDR.pdf , page84 u
sed on input line 213.
(pdftex.def)             Requested size: 597.78697pt x 773.60669pt.
File: Resources/LSPACE/LSPACE-MCA_TEAM_01_MDR.pdf Graphic file (type pdf)
<use Resources/LSPACE/LSPACE-MCA_TEAM_01_MDR.pdf, page 84>
Package pdftex.def Info: Resources/LSPACE/LSPACE-MCA_TEAM_01_MDR.pdf , page84 u
sed on input line 213.
(pdftex.def)             Requested size: 597.78697pt x 773.60669pt.
File: Resources/LSPACE/LSPACE-MCA_TEAM_01_MDR.pdf Graphic file (type pdf)
<use Resources/LSPACE/LSPACE-MCA_TEAM_01_MDR.pdf, page 84>
Package pdftex.def Info: Resources/LSPACE/LSPACE-MCA_TEAM_01_MDR.pdf , page84 u
sed on input line 213.
(pdftex.def)             Requested size: 597.78697pt x 773.60669pt.
 [436 <./Resources/LSPACE/LSPACE-MCA_TEAM_01_MDR.pdf>]
<Resources/LSPACE/LSPACE-MCA_TEAM_01_MDR.pdf, id=3969, page=85, 614.295pt x 794
.97pt>
File: Resources/LSPACE/LSPACE-MCA_TEAM_01_MDR.pdf Graphic file (type pdf)
<use Resources/LSPACE/LSPACE-MCA_TEAM_01_MDR.pdf, page 85>
Package pdftex.def Info: Resources/LSPACE/LSPACE-MCA_TEAM_01_MDR.pdf , page85 u
sed on input line 213.
(pdftex.def)             Requested size: 597.78697pt x 773.60669pt.
File: Resources/LSPACE/LSPACE-MCA_TEAM_01_MDR.pdf Graphic file (type pdf)
<use Resources/LSPACE/LSPACE-MCA_TEAM_01_MDR.pdf, page 85>
Package pdftex.def Info: Resources/LSPACE/LSPACE-MCA_TEAM_01_MDR.pdf , page85 u
sed on input line 213.
(pdftex.def)             Requested size: 597.78697pt x 773.60669pt.
File: Resources/LSPACE/LSPACE-MCA_TEAM_01_MDR.pdf Graphic file (type pdf)
<use Resources/LSPACE/LSPACE-MCA_TEAM_01_MDR.pdf, page 85>
Package pdftex.def Info: Resources/LSPACE/LSPACE-MCA_TEAM_01_MDR.pdf , page85 u
sed on input line 213.
(pdftex.def)             Requested size: 597.78697pt x 773.60669pt.
 [437 <./Resources/LSPACE/LSPACE-MCA_TEAM_01_MDR.pdf>]
<Resources/LSPACE/LSPACE-MCA_TEAM_01_MDR.pdf, id=3974, page=86, 614.295pt x 794
.97pt>
File: Resources/LSPACE/LSPACE-MCA_TEAM_01_MDR.pdf Graphic file (type pdf)
<use Resources/LSPACE/LSPACE-MCA_TEAM_01_MDR.pdf, page 86>
Package pdftex.def Info: Resources/LSPACE/LSPACE-MCA_TEAM_01_MDR.pdf , page86 u
sed on input line 213.
(pdftex.def)             Requested size: 597.78697pt x 773.60669pt.
File: Resources/LSPACE/LSPACE-MCA_TEAM_01_MDR.pdf Graphic file (type pdf)
<use Resources/LSPACE/LSPACE-MCA_TEAM_01_MDR.pdf, page 86>
Package pdftex.def Info: Resources/LSPACE/LSPACE-MCA_TEAM_01_MDR.pdf , page86 u
sed on input line 213.
(pdftex.def)             Requested size: 597.78697pt x 773.60669pt.
File: Resources/LSPACE/LSPACE-MCA_TEAM_01_MDR.pdf Graphic file (type pdf)
<use Resources/LSPACE/LSPACE-MCA_TEAM_01_MDR.pdf, page 86>
Package pdftex.def Info: Resources/LSPACE/LSPACE-MCA_TEAM_01_MDR.pdf , page86 u
sed on input line 213.
(pdftex.def)             Requested size: 597.78697pt x 773.60669pt.
 [438 <./Resources/LSPACE/LSPACE-MCA_TEAM_01_MDR.pdf>]
<Resources/LSPACE/LSPACE-MCA_TEAM_01_MDR.pdf, id=3979, page=87, 614.295pt x 794
.97pt>
File: Resources/LSPACE/LSPACE-MCA_TEAM_01_MDR.pdf Graphic file (type pdf)
<use Resources/LSPACE/LSPACE-MCA_TEAM_01_MDR.pdf, page 87>
Package pdftex.def Info: Resources/LSPACE/LSPACE-MCA_TEAM_01_MDR.pdf , page87 u
sed on input line 213.
(pdftex.def)             Requested size: 597.78697pt x 773.60669pt.
File: Resources/LSPACE/LSPACE-MCA_TEAM_01_MDR.pdf Graphic file (type pdf)
<use Resources/LSPACE/LSPACE-MCA_TEAM_01_MDR.pdf, page 87>
Package pdftex.def Info: Resources/LSPACE/LSPACE-MCA_TEAM_01_MDR.pdf , page87 u
sed on input line 213.
(pdftex.def)             Requested size: 597.78697pt x 773.60669pt.
File: Resources/LSPACE/LSPACE-MCA_TEAM_01_MDR.pdf Graphic file (type pdf)
<use Resources/LSPACE/LSPACE-MCA_TEAM_01_MDR.pdf, page 87>
Package pdftex.def Info: Resources/LSPACE/LSPACE-MCA_TEAM_01_MDR.pdf , page87 u
sed on input line 213.
(pdftex.def)             Requested size: 597.78697pt x 773.60669pt.
 [439 <./Resources/LSPACE/LSPACE-MCA_TEAM_01_MDR.pdf>]
<Resources/LSPACE/LSPACE-MCA_TEAM_01_MDR.pdf, id=3985, page=88, 614.295pt x 794
.97pt>
File: Resources/LSPACE/LSPACE-MCA_TEAM_01_MDR.pdf Graphic file (type pdf)
<use Resources/LSPACE/LSPACE-MCA_TEAM_01_MDR.pdf, page 88>
Package pdftex.def Info: Resources/LSPACE/LSPACE-MCA_TEAM_01_MDR.pdf , page88 u
sed on input line 213.
(pdftex.def)             Requested size: 597.78697pt x 773.60669pt.
File: Resources/LSPACE/LSPACE-MCA_TEAM_01_MDR.pdf Graphic file (type pdf)
<use Resources/LSPACE/LSPACE-MCA_TEAM_01_MDR.pdf, page 88>
Package pdftex.def Info: Resources/LSPACE/LSPACE-MCA_TEAM_01_MDR.pdf , page88 u
sed on input line 213.
(pdftex.def)             Requested size: 597.78697pt x 773.60669pt.
File: Resources/LSPACE/LSPACE-MCA_TEAM_01_MDR.pdf Graphic file (type pdf)
<use Resources/LSPACE/LSPACE-MCA_TEAM_01_MDR.pdf, page 88>
Package pdftex.def Info: Resources/LSPACE/LSPACE-MCA_TEAM_01_MDR.pdf , page88 u
sed on input line 213.
(pdftex.def)             Requested size: 597.78697pt x 773.60669pt.
 [440 <./Resources/LSPACE/LSPACE-MCA_TEAM_01_MDR.pdf>]
<Resources/LSPACE/LSPACE-MCA_TEAM_01_MDR.pdf, id=3990, page=89, 614.295pt x 794
.97pt>
File: Resources/LSPACE/LSPACE-MCA_TEAM_01_MDR.pdf Graphic file (type pdf)
<use Resources/LSPACE/LSPACE-MCA_TEAM_01_MDR.pdf, page 89>
Package pdftex.def Info: Resources/LSPACE/LSPACE-MCA_TEAM_01_MDR.pdf , page89 u
sed on input line 213.
(pdftex.def)             Requested size: 597.78697pt x 773.60669pt.
File: Resources/LSPACE/LSPACE-MCA_TEAM_01_MDR.pdf Graphic file (type pdf)
<use Resources/LSPACE/LSPACE-MCA_TEAM_01_MDR.pdf, page 89>
Package pdftex.def Info: Resources/LSPACE/LSPACE-MCA_TEAM_01_MDR.pdf , page89 u
sed on input line 213.
(pdftex.def)             Requested size: 597.78697pt x 773.60669pt.
File: Resources/LSPACE/LSPACE-MCA_TEAM_01_MDR.pdf Graphic file (type pdf)
<use Resources/LSPACE/LSPACE-MCA_TEAM_01_MDR.pdf, page 89>
Package pdftex.def Info: Resources/LSPACE/LSPACE-MCA_TEAM_01_MDR.pdf , page89 u
sed on input line 213.
(pdftex.def)             Requested size: 597.78697pt x 773.60669pt.
 [441 <./Resources/LSPACE/LSPACE-MCA_TEAM_01_MDR.pdf>]
<Resources/LSPACE/LSPACE-MCA_TEAM_01_MDR.pdf, id=3995, page=90, 614.295pt x 794
.97pt>
File: Resources/LSPACE/LSPACE-MCA_TEAM_01_MDR.pdf Graphic file (type pdf)
<use Resources/LSPACE/LSPACE-MCA_TEAM_01_MDR.pdf, page 90>
Package pdftex.def Info: Resources/LSPACE/LSPACE-MCA_TEAM_01_MDR.pdf , page90 u
sed on input line 213.
(pdftex.def)             Requested size: 597.78697pt x 773.60669pt.
File: Resources/LSPACE/LSPACE-MCA_TEAM_01_MDR.pdf Graphic file (type pdf)
<use Resources/LSPACE/LSPACE-MCA_TEAM_01_MDR.pdf, page 90>
Package pdftex.def Info: Resources/LSPACE/LSPACE-MCA_TEAM_01_MDR.pdf , page90 u
sed on input line 213.
(pdftex.def)             Requested size: 597.78697pt x 773.60669pt.
File: Resources/LSPACE/LSPACE-MCA_TEAM_01_MDR.pdf Graphic file (type pdf)
<use Resources/LSPACE/LSPACE-MCA_TEAM_01_MDR.pdf, page 90>
Package pdftex.def Info: Resources/LSPACE/LSPACE-MCA_TEAM_01_MDR.pdf , page90 u
sed on input line 213.
(pdftex.def)             Requested size: 597.78697pt x 773.60669pt.
 [442 <./Resources/LSPACE/LSPACE-MCA_TEAM_01_MDR.pdf>]
<Resources/LSPACE/LSPACE-MCA_TEAM_01_MDR.pdf, id=4000, page=91, 614.295pt x 794
.97pt>
File: Resources/LSPACE/LSPACE-MCA_TEAM_01_MDR.pdf Graphic file (type pdf)
<use Resources/LSPACE/LSPACE-MCA_TEAM_01_MDR.pdf, page 91>
Package pdftex.def Info: Resources/LSPACE/LSPACE-MCA_TEAM_01_MDR.pdf , page91 u
sed on input line 213.
(pdftex.def)             Requested size: 597.78697pt x 773.60669pt.
File: Resources/LSPACE/LSPACE-MCA_TEAM_01_MDR.pdf Graphic file (type pdf)
<use Resources/LSPACE/LSPACE-MCA_TEAM_01_MDR.pdf, page 91>
Package pdftex.def Info: Resources/LSPACE/LSPACE-MCA_TEAM_01_MDR.pdf , page91 u
sed on input line 213.
(pdftex.def)             Requested size: 597.78697pt x 773.60669pt.
File: Resources/LSPACE/LSPACE-MCA_TEAM_01_MDR.pdf Graphic file (type pdf)
<use Resources/LSPACE/LSPACE-MCA_TEAM_01_MDR.pdf, page 91>
Package pdftex.def Info: Resources/LSPACE/LSPACE-MCA_TEAM_01_MDR.pdf , page91 u
sed on input line 213.
(pdftex.def)             Requested size: 597.78697pt x 773.60669pt.
 [443 <./Resources/LSPACE/LSPACE-MCA_TEAM_01_MDR.pdf>]
<Resources/LSPACE/LSPACE-MCA_TEAM_01_MDR.pdf, id=4011, page=92, 614.295pt x 794
.97pt>
File: Resources/LSPACE/LSPACE-MCA_TEAM_01_MDR.pdf Graphic file (type pdf)
<use Resources/LSPACE/LSPACE-MCA_TEAM_01_MDR.pdf, page 92>
Package pdftex.def Info: Resources/LSPACE/LSPACE-MCA_TEAM_01_MDR.pdf , page92 u
sed on input line 213.
(pdftex.def)             Requested size: 597.78697pt x 773.60669pt.
File: Resources/LSPACE/LSPACE-MCA_TEAM_01_MDR.pdf Graphic file (type pdf)
<use Resources/LSPACE/LSPACE-MCA_TEAM_01_MDR.pdf, page 92>
Package pdftex.def Info: Resources/LSPACE/LSPACE-MCA_TEAM_01_MDR.pdf , page92 u
sed on input line 213.
(pdftex.def)             Requested size: 597.78697pt x 773.60669pt.
File: Resources/LSPACE/LSPACE-MCA_TEAM_01_MDR.pdf Graphic file (type pdf)
<use Resources/LSPACE/LSPACE-MCA_TEAM_01_MDR.pdf, page 92>
Package pdftex.def Info: Resources/LSPACE/LSPACE-MCA_TEAM_01_MDR.pdf , page92 u
sed on input line 213.
(pdftex.def)             Requested size: 597.78697pt x 773.60669pt.
 [444 <./Resources/LSPACE/LSPACE-MCA_TEAM_01_MDR.pdf>]
<Resources/LSPACE/LSPACE-MCA_TEAM_01_MDR.pdf, id=4016, page=93, 614.295pt x 794
.97pt>
File: Resources/LSPACE/LSPACE-MCA_TEAM_01_MDR.pdf Graphic file (type pdf)
<use Resources/LSPACE/LSPACE-MCA_TEAM_01_MDR.pdf, page 93>
Package pdftex.def Info: Resources/LSPACE/LSPACE-MCA_TEAM_01_MDR.pdf , page93 u
sed on input line 213.
(pdftex.def)             Requested size: 597.78697pt x 773.60669pt.
File: Resources/LSPACE/LSPACE-MCA_TEAM_01_MDR.pdf Graphic file (type pdf)
<use Resources/LSPACE/LSPACE-MCA_TEAM_01_MDR.pdf, page 93>
Package pdftex.def Info: Resources/LSPACE/LSPACE-MCA_TEAM_01_MDR.pdf , page93 u
sed on input line 213.
(pdftex.def)             Requested size: 597.78697pt x 773.60669pt.
File: Resources/LSPACE/LSPACE-MCA_TEAM_01_MDR.pdf Graphic file (type pdf)
<use Resources/LSPACE/LSPACE-MCA_TEAM_01_MDR.pdf, page 93>
Package pdftex.def Info: Resources/LSPACE/LSPACE-MCA_TEAM_01_MDR.pdf , page93 u
sed on input line 213.
(pdftex.def)             Requested size: 597.78697pt x 773.60669pt.
 [445 <./Resources/LSPACE/LSPACE-MCA_TEAM_01_MDR.pdf>]
<Resources/LSPACE/LSPACE-MCA_TEAM_01_MDR.pdf, id=4032, page=94, 614.295pt x 794
.97pt>
File: Resources/LSPACE/LSPACE-MCA_TEAM_01_MDR.pdf Graphic file (type pdf)
<use Resources/LSPACE/LSPACE-MCA_TEAM_01_MDR.pdf, page 94>
Package pdftex.def Info: Resources/LSPACE/LSPACE-MCA_TEAM_01_MDR.pdf , page94 u
sed on input line 213.
(pdftex.def)             Requested size: 597.78697pt x 773.60669pt.
File: Resources/LSPACE/LSPACE-MCA_TEAM_01_MDR.pdf Graphic file (type pdf)
<use Resources/LSPACE/LSPACE-MCA_TEAM_01_MDR.pdf, page 94>
Package pdftex.def Info: Resources/LSPACE/LSPACE-MCA_TEAM_01_MDR.pdf , page94 u
sed on input line 213.
(pdftex.def)             Requested size: 597.78697pt x 773.60669pt.
File: Resources/LSPACE/LSPACE-MCA_TEAM_01_MDR.pdf Graphic file (type pdf)
<use Resources/LSPACE/LSPACE-MCA_TEAM_01_MDR.pdf, page 94>
Package pdftex.def Info: Resources/LSPACE/LSPACE-MCA_TEAM_01_MDR.pdf , page94 u
sed on input line 213.
(pdftex.def)             Requested size: 597.78697pt x 773.60669pt.
 [446 <./Resources/LSPACE/LSPACE-MCA_TEAM_01_MDR.pdf>]
<Resources/LSPACE/LSPACE-MCA_TEAM_01_MDR.pdf, id=4038, page=95, 614.295pt x 794
.97pt>
File: Resources/LSPACE/LSPACE-MCA_TEAM_01_MDR.pdf Graphic file (type pdf)
<use Resources/LSPACE/LSPACE-MCA_TEAM_01_MDR.pdf, page 95>
Package pdftex.def Info: Resources/LSPACE/LSPACE-MCA_TEAM_01_MDR.pdf , page95 u
sed on input line 213.
(pdftex.def)             Requested size: 597.78697pt x 773.60669pt.
File: Resources/LSPACE/LSPACE-MCA_TEAM_01_MDR.pdf Graphic file (type pdf)
<use Resources/LSPACE/LSPACE-MCA_TEAM_01_MDR.pdf, page 95>
Package pdftex.def Info: Resources/LSPACE/LSPACE-MCA_TEAM_01_MDR.pdf , page95 u
sed on input line 213.
(pdftex.def)             Requested size: 597.78697pt x 773.60669pt.
File: Resources/LSPACE/LSPACE-MCA_TEAM_01_MDR.pdf Graphic file (type pdf)
<use Resources/LSPACE/LSPACE-MCA_TEAM_01_MDR.pdf, page 95>
Package pdftex.def Info: Resources/LSPACE/LSPACE-MCA_TEAM_01_MDR.pdf , page95 u
sed on input line 213.
(pdftex.def)             Requested size: 597.78697pt x 773.60669pt.
 [447 <./Resources/LSPACE/LSPACE-MCA_TEAM_01_MDR.pdf>]
<Resources/LSPACE/LSPACE-MCA_TEAM_01_MDR.pdf, id=4044, page=96, 614.295pt x 794
.97pt>
File: Resources/LSPACE/LSPACE-MCA_TEAM_01_MDR.pdf Graphic file (type pdf)
<use Resources/LSPACE/LSPACE-MCA_TEAM_01_MDR.pdf, page 96>
Package pdftex.def Info: Resources/LSPACE/LSPACE-MCA_TEAM_01_MDR.pdf , page96 u
sed on input line 213.
(pdftex.def)             Requested size: 597.78697pt x 773.60669pt.
File: Resources/LSPACE/LSPACE-MCA_TEAM_01_MDR.pdf Graphic file (type pdf)
<use Resources/LSPACE/LSPACE-MCA_TEAM_01_MDR.pdf, page 96>
Package pdftex.def Info: Resources/LSPACE/LSPACE-MCA_TEAM_01_MDR.pdf , page96 u
sed on input line 213.
(pdftex.def)             Requested size: 597.78697pt x 773.60669pt.
File: Resources/LSPACE/LSPACE-MCA_TEAM_01_MDR.pdf Graphic file (type pdf)
<use Resources/LSPACE/LSPACE-MCA_TEAM_01_MDR.pdf, page 96>
Package pdftex.def Info: Resources/LSPACE/LSPACE-MCA_TEAM_01_MDR.pdf , page96 u
sed on input line 213.
(pdftex.def)             Requested size: 597.78697pt x 773.60669pt.
 [448 <./Resources/LSPACE/LSPACE-MCA_TEAM_01_MDR.pdf>]
<Resources/LSPACE/LSPACE-MCA_TEAM_01_MDR.pdf, id=4050, page=97, 614.295pt x 794
.97pt>
File: Resources/LSPACE/LSPACE-MCA_TEAM_01_MDR.pdf Graphic file (type pdf)
<use Resources/LSPACE/LSPACE-MCA_TEAM_01_MDR.pdf, page 97>
Package pdftex.def Info: Resources/LSPACE/LSPACE-MCA_TEAM_01_MDR.pdf , page97 u
sed on input line 213.
(pdftex.def)             Requested size: 597.78697pt x 773.60669pt.
File: Resources/LSPACE/LSPACE-MCA_TEAM_01_MDR.pdf Graphic file (type pdf)
<use Resources/LSPACE/LSPACE-MCA_TEAM_01_MDR.pdf, page 97>
Package pdftex.def Info: Resources/LSPACE/LSPACE-MCA_TEAM_01_MDR.pdf , page97 u
sed on input line 213.
(pdftex.def)             Requested size: 597.78697pt x 773.60669pt.
File: Resources/LSPACE/LSPACE-MCA_TEAM_01_MDR.pdf Graphic file (type pdf)
<use Resources/LSPACE/LSPACE-MCA_TEAM_01_MDR.pdf, page 97>
Package pdftex.def Info: Resources/LSPACE/LSPACE-MCA_TEAM_01_MDR.pdf , page97 u
sed on input line 213.
(pdftex.def)             Requested size: 597.78697pt x 773.60669pt.
 [449 <./Resources/LSPACE/LSPACE-MCA_TEAM_01_MDR.pdf>]
<Resources/LSPACE/LSPACE-MCA_TEAM_01_MDR.pdf, id=4059, page=98, 614.295pt x 794
.97pt>
File: Resources/LSPACE/LSPACE-MCA_TEAM_01_MDR.pdf Graphic file (type pdf)
<use Resources/LSPACE/LSPACE-MCA_TEAM_01_MDR.pdf, page 98>
Package pdftex.def Info: Resources/LSPACE/LSPACE-MCA_TEAM_01_MDR.pdf , page98 u
sed on input line 213.
(pdftex.def)             Requested size: 597.78697pt x 773.60669pt.
File: Resources/LSPACE/LSPACE-MCA_TEAM_01_MDR.pdf Graphic file (type pdf)
<use Resources/LSPACE/LSPACE-MCA_TEAM_01_MDR.pdf, page 98>
Package pdftex.def Info: Resources/LSPACE/LSPACE-MCA_TEAM_01_MDR.pdf , page98 u
sed on input line 213.
(pdftex.def)             Requested size: 597.78697pt x 773.60669pt.
File: Resources/LSPACE/LSPACE-MCA_TEAM_01_MDR.pdf Graphic file (type pdf)
<use Resources/LSPACE/LSPACE-MCA_TEAM_01_MDR.pdf, page 98>
Package pdftex.def Info: Resources/LSPACE/LSPACE-MCA_TEAM_01_MDR.pdf , page98 u
sed on input line 213.
(pdftex.def)             Requested size: 597.78697pt x 773.60669pt.
 [450 <./Resources/LSPACE/LSPACE-MCA_TEAM_01_MDR.pdf>]
<Resources/LSPACE/LSPACE-MCA_TEAM_01_MDR.pdf, id=4066, page=99, 614.295pt x 794
.97pt>
File: Resources/LSPACE/LSPACE-MCA_TEAM_01_MDR.pdf Graphic file (type pdf)
<use Resources/LSPACE/LSPACE-MCA_TEAM_01_MDR.pdf, page 99>
Package pdftex.def Info: Resources/LSPACE/LSPACE-MCA_TEAM_01_MDR.pdf , page99 u
sed on input line 213.
(pdftex.def)             Requested size: 597.78697pt x 773.60669pt.
File: Resources/LSPACE/LSPACE-MCA_TEAM_01_MDR.pdf Graphic file (type pdf)
<use Resources/LSPACE/LSPACE-MCA_TEAM_01_MDR.pdf, page 99>
Package pdftex.def Info: Resources/LSPACE/LSPACE-MCA_TEAM_01_MDR.pdf , page99 u
sed on input line 213.
(pdftex.def)             Requested size: 597.78697pt x 773.60669pt.
File: Resources/LSPACE/LSPACE-MCA_TEAM_01_MDR.pdf Graphic file (type pdf)
<use Resources/LSPACE/LSPACE-MCA_TEAM_01_MDR.pdf, page 99>
Package pdftex.def Info: Resources/LSPACE/LSPACE-MCA_TEAM_01_MDR.pdf , page99 u
sed on input line 213.
(pdftex.def)             Requested size: 597.78697pt x 773.60669pt.

[451 <./Resources/LSPACE/LSPACE-MCA_TEAM_01_MDR.pdf>]
<Resources/LSPACE/LSPACE-MCA_TEAM_01_MDR.pdf, id=4073, page=100, 614.295pt x 79
4.97pt>
File: Resources/LSPACE/LSPACE-MCA_TEAM_01_MDR.pdf Graphic file (type pdf)
<use Resources/LSPACE/LSPACE-MCA_TEAM_01_MDR.pdf, page 100>
Package pdftex.def Info: Resources/LSPACE/LSPACE-MCA_TEAM_01_MDR.pdf , page100 
used on input line 213.
(pdftex.def)             Requested size: 597.78697pt x 773.60669pt.
File: Resources/LSPACE/LSPACE-MCA_TEAM_01_MDR.pdf Graphic file (type pdf)
<use Resources/LSPACE/LSPACE-MCA_TEAM_01_MDR.pdf, page 100>
Package pdftex.def Info: Resources/LSPACE/LSPACE-MCA_TEAM_01_MDR.pdf , page100 
used on input line 213.
(pdftex.def)             Requested size: 597.78697pt x 773.60669pt.
File: Resources/LSPACE/LSPACE-MCA_TEAM_01_MDR.pdf Graphic file (type pdf)
<use Resources/LSPACE/LSPACE-MCA_TEAM_01_MDR.pdf, page 100>
Package pdftex.def Info: Resources/LSPACE/LSPACE-MCA_TEAM_01_MDR.pdf , page100 
used on input line 213.
(pdftex.def)             Requested size: 597.78697pt x 773.60669pt.
 [452 <./Resources/LSPACE/LSPACE-MCA_TEAM_01_MDR.pdf>]
<Resources/LSPACE/LSPACE-MCA_TEAM_01_PDR.pdf, id=4079, 614.295pt x 794.97pt>
File: Resources/LSPACE/LSPACE-MCA_TEAM_01_PDR.pdf Graphic file (type pdf)
<use Resources/LSPACE/LSPACE-MCA_TEAM_01_PDR.pdf>
Package pdftex.def Info: Resources/LSPACE/LSPACE-MCA_TEAM_01_PDR.pdf  used on i
nput line 214.
(pdftex.def)             Requested size: 614.29349pt x 794.96806pt.
File: Resources/LSPACE/LSPACE-MCA_TEAM_01_PDR.pdf Graphic file (type pdf)
<use Resources/LSPACE/LSPACE-MCA_TEAM_01_PDR.pdf>
Package pdftex.def Info: Resources/LSPACE/LSPACE-MCA_TEAM_01_PDR.pdf  used on i
nput line 214.
(pdftex.def)             Requested size: 614.29349pt x 794.96806pt.
<Resources/LSPACE/LSPACE-MCA_TEAM_01_PDR.pdf, id=4082, page=1, 614.295pt x 794.
97pt>
File: Resources/LSPACE/LSPACE-MCA_TEAM_01_PDR.pdf Graphic file (type pdf)
<use Resources/LSPACE/LSPACE-MCA_TEAM_01_PDR.pdf, page 1>
Package pdftex.def Info: Resources/LSPACE/LSPACE-MCA_TEAM_01_PDR.pdf , page1 us
ed on input line 214.
(pdftex.def)             Requested size: 614.29349pt x 794.96806pt.
File: Resources/LSPACE/LSPACE-MCA_TEAM_01_PDR.pdf Graphic file (type pdf)
<use Resources/LSPACE/LSPACE-MCA_TEAM_01_PDR.pdf, page 1>
Package pdftex.def Info: Resources/LSPACE/LSPACE-MCA_TEAM_01_PDR.pdf , page1 us
ed on input line 214.
(pdftex.def)             Requested size: 597.78697pt x 773.60669pt.
File: Resources/LSPACE/LSPACE-MCA_TEAM_01_PDR.pdf Graphic file (type pdf)
<use Resources/LSPACE/LSPACE-MCA_TEAM_01_PDR.pdf, page 1>
Package pdftex.def Info: Resources/LSPACE/LSPACE-MCA_TEAM_01_PDR.pdf , page1 us
ed on input line 214.
(pdftex.def)             Requested size: 597.78697pt x 773.60669pt.
File: Resources/LSPACE/LSPACE-MCA_TEAM_01_PDR.pdf Graphic file (type pdf)
<use Resources/LSPACE/LSPACE-MCA_TEAM_01_PDR.pdf, page 1>
Package pdftex.def Info: Resources/LSPACE/LSPACE-MCA_TEAM_01_PDR.pdf , page1 us
ed on input line 214.
(pdftex.def)             Requested size: 597.78697pt x 773.60669pt.
File: Resources/LSPACE/LSPACE-MCA_TEAM_01_PDR.pdf Graphic file (type pdf)
<use Resources/LSPACE/LSPACE-MCA_TEAM_01_PDR.pdf, page 1>
Package pdftex.def Info: Resources/LSPACE/LSPACE-MCA_TEAM_01_PDR.pdf , page1 us
ed on input line 214.
(pdftex.def)             Requested size: 597.78697pt x 773.60669pt.
 [453 <./Resources/LSPACE/LSPACE-MCA_TEAM_01_PDR.pdf>]
<Resources/LSPACE/LSPACE-MCA_TEAM_01_PDR.pdf, id=4120, page=2, 614.295pt x 794.
97pt>
File: Resources/LSPACE/LSPACE-MCA_TEAM_01_PDR.pdf Graphic file (type pdf)
<use Resources/LSPACE/LSPACE-MCA_TEAM_01_PDR.pdf, page 2>
Package pdftex.def Info: Resources/LSPACE/LSPACE-MCA_TEAM_01_PDR.pdf , page2 us
ed on input line 214.
(pdftex.def)             Requested size: 597.78697pt x 773.60669pt.
File: Resources/LSPACE/LSPACE-MCA_TEAM_01_PDR.pdf Graphic file (type pdf)
<use Resources/LSPACE/LSPACE-MCA_TEAM_01_PDR.pdf, page 2>
Package pdftex.def Info: Resources/LSPACE/LSPACE-MCA_TEAM_01_PDR.pdf , page2 us
ed on input line 214.
(pdftex.def)             Requested size: 597.78697pt x 773.60669pt.
File: Resources/LSPACE/LSPACE-MCA_TEAM_01_PDR.pdf Graphic file (type pdf)
<use Resources/LSPACE/LSPACE-MCA_TEAM_01_PDR.pdf, page 2>
Package pdftex.def Info: Resources/LSPACE/LSPACE-MCA_TEAM_01_PDR.pdf , page2 us
ed on input line 214.
(pdftex.def)             Requested size: 597.78697pt x 773.60669pt.
 [454 <./Resources/LSPACE/LSPACE-MCA_TEAM_01_PDR.pdf>]
<Resources/LSPACE/LSPACE-MCA_TEAM_01_PDR.pdf, id=4135, page=3, 614.295pt x 794.
97pt>
File: Resources/LSPACE/LSPACE-MCA_TEAM_01_PDR.pdf Graphic file (type pdf)
<use Resources/LSPACE/LSPACE-MCA_TEAM_01_PDR.pdf, page 3>
Package pdftex.def Info: Resources/LSPACE/LSPACE-MCA_TEAM_01_PDR.pdf , page3 us
ed on input line 214.
(pdftex.def)             Requested size: 597.78697pt x 773.60669pt.
File: Resources/LSPACE/LSPACE-MCA_TEAM_01_PDR.pdf Graphic file (type pdf)
<use Resources/LSPACE/LSPACE-MCA_TEAM_01_PDR.pdf, page 3>
Package pdftex.def Info: Resources/LSPACE/LSPACE-MCA_TEAM_01_PDR.pdf , page3 us
ed on input line 214.
(pdftex.def)             Requested size: 597.78697pt x 773.60669pt.
File: Resources/LSPACE/LSPACE-MCA_TEAM_01_PDR.pdf Graphic file (type pdf)
<use Resources/LSPACE/LSPACE-MCA_TEAM_01_PDR.pdf, page 3>
Package pdftex.def Info: Resources/LSPACE/LSPACE-MCA_TEAM_01_PDR.pdf , page3 us
ed on input line 214.
(pdftex.def)             Requested size: 597.78697pt x 773.60669pt.
 [455 <./Resources/LSPACE/LSPACE-MCA_TEAM_01_PDR.pdf>]
<Resources/LSPACE/LSPACE-MCA_TEAM_01_PDR.pdf, id=4144, page=4, 614.295pt x 794.
97pt>
File: Resources/LSPACE/LSPACE-MCA_TEAM_01_PDR.pdf Graphic file (type pdf)
<use Resources/LSPACE/LSPACE-MCA_TEAM_01_PDR.pdf, page 4>
Package pdftex.def Info: Resources/LSPACE/LSPACE-MCA_TEAM_01_PDR.pdf , page4 us
ed on input line 214.
(pdftex.def)             Requested size: 597.78697pt x 773.60669pt.
File: Resources/LSPACE/LSPACE-MCA_TEAM_01_PDR.pdf Graphic file (type pdf)
<use Resources/LSPACE/LSPACE-MCA_TEAM_01_PDR.pdf, page 4>
Package pdftex.def Info: Resources/LSPACE/LSPACE-MCA_TEAM_01_PDR.pdf , page4 us
ed on input line 214.
(pdftex.def)             Requested size: 597.78697pt x 773.60669pt.
File: Resources/LSPACE/LSPACE-MCA_TEAM_01_PDR.pdf Graphic file (type pdf)
<use Resources/LSPACE/LSPACE-MCA_TEAM_01_PDR.pdf, page 4>
Package pdftex.def Info: Resources/LSPACE/LSPACE-MCA_TEAM_01_PDR.pdf , page4 us
ed on input line 214.
(pdftex.def)             Requested size: 597.78697pt x 773.60669pt.
 [456 <./Resources/LSPACE/LSPACE-MCA_TEAM_01_PDR.pdf>]
<Resources/LSPACE/LSPACE-MCA_TEAM_01_PDR.pdf, id=4160, page=5, 614.295pt x 794.
97pt>
File: Resources/LSPACE/LSPACE-MCA_TEAM_01_PDR.pdf Graphic file (type pdf)
<use Resources/LSPACE/LSPACE-MCA_TEAM_01_PDR.pdf, page 5>
Package pdftex.def Info: Resources/LSPACE/LSPACE-MCA_TEAM_01_PDR.pdf , page5 us
ed on input line 214.
(pdftex.def)             Requested size: 597.78697pt x 773.60669pt.
File: Resources/LSPACE/LSPACE-MCA_TEAM_01_PDR.pdf Graphic file (type pdf)
<use Resources/LSPACE/LSPACE-MCA_TEAM_01_PDR.pdf, page 5>
Package pdftex.def Info: Resources/LSPACE/LSPACE-MCA_TEAM_01_PDR.pdf , page5 us
ed on input line 214.
(pdftex.def)             Requested size: 597.78697pt x 773.60669pt.
File: Resources/LSPACE/LSPACE-MCA_TEAM_01_PDR.pdf Graphic file (type pdf)
<use Resources/LSPACE/LSPACE-MCA_TEAM_01_PDR.pdf, page 5>
Package pdftex.def Info: Resources/LSPACE/LSPACE-MCA_TEAM_01_PDR.pdf , page5 us
ed on input line 214.
(pdftex.def)             Requested size: 597.78697pt x 773.60669pt.
 [457 <./Resources/LSPACE/LSPACE-MCA_TEAM_01_PDR.pdf>]
<Resources/LSPACE/LSPACE-MCA_TEAM_01_PDR.pdf, id=4170, page=6, 614.295pt x 794.
97pt>
File: Resources/LSPACE/LSPACE-MCA_TEAM_01_PDR.pdf Graphic file (type pdf)
<use Resources/LSPACE/LSPACE-MCA_TEAM_01_PDR.pdf, page 6>
Package pdftex.def Info: Resources/LSPACE/LSPACE-MCA_TEAM_01_PDR.pdf , page6 us
ed on input line 214.
(pdftex.def)             Requested size: 597.78697pt x 773.60669pt.
File: Resources/LSPACE/LSPACE-MCA_TEAM_01_PDR.pdf Graphic file (type pdf)
<use Resources/LSPACE/LSPACE-MCA_TEAM_01_PDR.pdf, page 6>
Package pdftex.def Info: Resources/LSPACE/LSPACE-MCA_TEAM_01_PDR.pdf , page6 us
ed on input line 214.
(pdftex.def)             Requested size: 597.78697pt x 773.60669pt.
File: Resources/LSPACE/LSPACE-MCA_TEAM_01_PDR.pdf Graphic file (type pdf)
<use Resources/LSPACE/LSPACE-MCA_TEAM_01_PDR.pdf, page 6>
Package pdftex.def Info: Resources/LSPACE/LSPACE-MCA_TEAM_01_PDR.pdf , page6 us
ed on input line 214.
(pdftex.def)             Requested size: 597.78697pt x 773.60669pt.
 [458 <./Resources/LSPACE/LSPACE-MCA_TEAM_01_PDR.pdf>]
<Resources/LSPACE/LSPACE-MCA_TEAM_01_PDR.pdf, id=4179, page=7, 614.295pt x 794.
97pt>
File: Resources/LSPACE/LSPACE-MCA_TEAM_01_PDR.pdf Graphic file (type pdf)
<use Resources/LSPACE/LSPACE-MCA_TEAM_01_PDR.pdf, page 7>
Package pdftex.def Info: Resources/LSPACE/LSPACE-MCA_TEAM_01_PDR.pdf , page7 us
ed on input line 214.
(pdftex.def)             Requested size: 597.78697pt x 773.60669pt.
File: Resources/LSPACE/LSPACE-MCA_TEAM_01_PDR.pdf Graphic file (type pdf)
<use Resources/LSPACE/LSPACE-MCA_TEAM_01_PDR.pdf, page 7>
Package pdftex.def Info: Resources/LSPACE/LSPACE-MCA_TEAM_01_PDR.pdf , page7 us
ed on input line 214.
(pdftex.def)             Requested size: 597.78697pt x 773.60669pt.
File: Resources/LSPACE/LSPACE-MCA_TEAM_01_PDR.pdf Graphic file (type pdf)
<use Resources/LSPACE/LSPACE-MCA_TEAM_01_PDR.pdf, page 7>
Package pdftex.def Info: Resources/LSPACE/LSPACE-MCA_TEAM_01_PDR.pdf , page7 us
ed on input line 214.
(pdftex.def)             Requested size: 597.78697pt x 773.60669pt.
 [459 <./Resources/LSPACE/LSPACE-MCA_TEAM_01_PDR.pdf>]
<Resources/LSPACE/LSPACE-MCA_TEAM_01_PDR.pdf, id=4189, page=8, 614.295pt x 794.
97pt>
File: Resources/LSPACE/LSPACE-MCA_TEAM_01_PDR.pdf Graphic file (type pdf)
<use Resources/LSPACE/LSPACE-MCA_TEAM_01_PDR.pdf, page 8>
Package pdftex.def Info: Resources/LSPACE/LSPACE-MCA_TEAM_01_PDR.pdf , page8 us
ed on input line 214.
(pdftex.def)             Requested size: 597.78697pt x 773.60669pt.
File: Resources/LSPACE/LSPACE-MCA_TEAM_01_PDR.pdf Graphic file (type pdf)
<use Resources/LSPACE/LSPACE-MCA_TEAM_01_PDR.pdf, page 8>
Package pdftex.def Info: Resources/LSPACE/LSPACE-MCA_TEAM_01_PDR.pdf , page8 us
ed on input line 214.
(pdftex.def)             Requested size: 597.78697pt x 773.60669pt.
File: Resources/LSPACE/LSPACE-MCA_TEAM_01_PDR.pdf Graphic file (type pdf)
<use Resources/LSPACE/LSPACE-MCA_TEAM_01_PDR.pdf, page 8>
Package pdftex.def Info: Resources/LSPACE/LSPACE-MCA_TEAM_01_PDR.pdf , page8 us
ed on input line 214.
(pdftex.def)             Requested size: 597.78697pt x 773.60669pt.
 [460 <./Resources/LSPACE/LSPACE-MCA_TEAM_01_PDR.pdf>]
<Resources/LSPACE/LSPACE-MCA_TEAM_01_PDR.pdf, id=4198, page=9, 614.295pt x 794.
97pt>
File: Resources/LSPACE/LSPACE-MCA_TEAM_01_PDR.pdf Graphic file (type pdf)
<use Resources/LSPACE/LSPACE-MCA_TEAM_01_PDR.pdf, page 9>
Package pdftex.def Info: Resources/LSPACE/LSPACE-MCA_TEAM_01_PDR.pdf , page9 us
ed on input line 214.
(pdftex.def)             Requested size: 597.78697pt x 773.60669pt.
File: Resources/LSPACE/LSPACE-MCA_TEAM_01_PDR.pdf Graphic file (type pdf)
<use Resources/LSPACE/LSPACE-MCA_TEAM_01_PDR.pdf, page 9>
Package pdftex.def Info: Resources/LSPACE/LSPACE-MCA_TEAM_01_PDR.pdf , page9 us
ed on input line 214.
(pdftex.def)             Requested size: 597.78697pt x 773.60669pt.
File: Resources/LSPACE/LSPACE-MCA_TEAM_01_PDR.pdf Graphic file (type pdf)
<use Resources/LSPACE/LSPACE-MCA_TEAM_01_PDR.pdf, page 9>
Package pdftex.def Info: Resources/LSPACE/LSPACE-MCA_TEAM_01_PDR.pdf , page9 us
ed on input line 214.
(pdftex.def)             Requested size: 597.78697pt x 773.60669pt.
 [461 <./Resources/LSPACE/LSPACE-MCA_TEAM_01_PDR.pdf>]
<Resources/LSPACE/LSPACE-MCA_TEAM_01_PDR.pdf, id=4207, page=10, 614.295pt x 794
.97pt>
File: Resources/LSPACE/LSPACE-MCA_TEAM_01_PDR.pdf Graphic file (type pdf)
<use Resources/LSPACE/LSPACE-MCA_TEAM_01_PDR.pdf, page 10>
Package pdftex.def Info: Resources/LSPACE/LSPACE-MCA_TEAM_01_PDR.pdf , page10 u
sed on input line 214.
(pdftex.def)             Requested size: 597.78697pt x 773.60669pt.
File: Resources/LSPACE/LSPACE-MCA_TEAM_01_PDR.pdf Graphic file (type pdf)
<use Resources/LSPACE/LSPACE-MCA_TEAM_01_PDR.pdf, page 10>
Package pdftex.def Info: Resources/LSPACE/LSPACE-MCA_TEAM_01_PDR.pdf , page10 u
sed on input line 214.
(pdftex.def)             Requested size: 597.78697pt x 773.60669pt.
File: Resources/LSPACE/LSPACE-MCA_TEAM_01_PDR.pdf Graphic file (type pdf)
<use Resources/LSPACE/LSPACE-MCA_TEAM_01_PDR.pdf, page 10>
Package pdftex.def Info: Resources/LSPACE/LSPACE-MCA_TEAM_01_PDR.pdf , page10 u
sed on input line 214.
(pdftex.def)             Requested size: 597.78697pt x 773.60669pt.
 [462 <./Resources/LSPACE/LSPACE-MCA_TEAM_01_PDR.pdf>]
<Resources/LSPACE/LSPACE-MCA_TEAM_01_PDR.pdf, id=4216, page=11, 614.295pt x 794
.97pt>
File: Resources/LSPACE/LSPACE-MCA_TEAM_01_PDR.pdf Graphic file (type pdf)
<use Resources/LSPACE/LSPACE-MCA_TEAM_01_PDR.pdf, page 11>
Package pdftex.def Info: Resources/LSPACE/LSPACE-MCA_TEAM_01_PDR.pdf , page11 u
sed on input line 214.
(pdftex.def)             Requested size: 597.78697pt x 773.60669pt.
File: Resources/LSPACE/LSPACE-MCA_TEAM_01_PDR.pdf Graphic file (type pdf)
<use Resources/LSPACE/LSPACE-MCA_TEAM_01_PDR.pdf, page 11>
Package pdftex.def Info: Resources/LSPACE/LSPACE-MCA_TEAM_01_PDR.pdf , page11 u
sed on input line 214.
(pdftex.def)             Requested size: 597.78697pt x 773.60669pt.
File: Resources/LSPACE/LSPACE-MCA_TEAM_01_PDR.pdf Graphic file (type pdf)
<use Resources/LSPACE/LSPACE-MCA_TEAM_01_PDR.pdf, page 11>
Package pdftex.def Info: Resources/LSPACE/LSPACE-MCA_TEAM_01_PDR.pdf , page11 u
sed on input line 214.
(pdftex.def)             Requested size: 597.78697pt x 773.60669pt.
 [463 <./Resources/LSPACE/LSPACE-MCA_TEAM_01_PDR.pdf>]
<Resources/LSPACE/LSPACE-MCA_TEAM_01_PDR.pdf, id=4226, page=12, 614.295pt x 794
.97pt>
File: Resources/LSPACE/LSPACE-MCA_TEAM_01_PDR.pdf Graphic file (type pdf)
<use Resources/LSPACE/LSPACE-MCA_TEAM_01_PDR.pdf, page 12>
Package pdftex.def Info: Resources/LSPACE/LSPACE-MCA_TEAM_01_PDR.pdf , page12 u
sed on input line 214.
(pdftex.def)             Requested size: 597.78697pt x 773.60669pt.
File: Resources/LSPACE/LSPACE-MCA_TEAM_01_PDR.pdf Graphic file (type pdf)
<use Resources/LSPACE/LSPACE-MCA_TEAM_01_PDR.pdf, page 12>
Package pdftex.def Info: Resources/LSPACE/LSPACE-MCA_TEAM_01_PDR.pdf , page12 u
sed on input line 214.
(pdftex.def)             Requested size: 597.78697pt x 773.60669pt.
File: Resources/LSPACE/LSPACE-MCA_TEAM_01_PDR.pdf Graphic file (type pdf)
<use Resources/LSPACE/LSPACE-MCA_TEAM_01_PDR.pdf, page 12>
Package pdftex.def Info: Resources/LSPACE/LSPACE-MCA_TEAM_01_PDR.pdf , page12 u
sed on input line 214.
(pdftex.def)             Requested size: 597.78697pt x 773.60669pt.
 [464 <./Resources/LSPACE/LSPACE-MCA_TEAM_01_PDR.pdf>]
<Resources/LSPACE/LSPACE-MCA_TEAM_01_PDR.pdf, id=4235, page=13, 614.295pt x 794
.97pt>
File: Resources/LSPACE/LSPACE-MCA_TEAM_01_PDR.pdf Graphic file (type pdf)
<use Resources/LSPACE/LSPACE-MCA_TEAM_01_PDR.pdf, page 13>
Package pdftex.def Info: Resources/LSPACE/LSPACE-MCA_TEAM_01_PDR.pdf , page13 u
sed on input line 214.
(pdftex.def)             Requested size: 597.78697pt x 773.60669pt.
File: Resources/LSPACE/LSPACE-MCA_TEAM_01_PDR.pdf Graphic file (type pdf)
<use Resources/LSPACE/LSPACE-MCA_TEAM_01_PDR.pdf, page 13>
Package pdftex.def Info: Resources/LSPACE/LSPACE-MCA_TEAM_01_PDR.pdf , page13 u
sed on input line 214.
(pdftex.def)             Requested size: 597.78697pt x 773.60669pt.
File: Resources/LSPACE/LSPACE-MCA_TEAM_01_PDR.pdf Graphic file (type pdf)
<use Resources/LSPACE/LSPACE-MCA_TEAM_01_PDR.pdf, page 13>
Package pdftex.def Info: Resources/LSPACE/LSPACE-MCA_TEAM_01_PDR.pdf , page13 u
sed on input line 214.
(pdftex.def)             Requested size: 597.78697pt x 773.60669pt.
 [465 <./Resources/LSPACE/LSPACE-MCA_TEAM_01_PDR.pdf>]
<Resources/LSPACE/LSPACE-MCA_TEAM_01_PDR.pdf, id=4244, page=14, 614.295pt x 794
.97pt>
File: Resources/LSPACE/LSPACE-MCA_TEAM_01_PDR.pdf Graphic file (type pdf)
<use Resources/LSPACE/LSPACE-MCA_TEAM_01_PDR.pdf, page 14>
Package pdftex.def Info: Resources/LSPACE/LSPACE-MCA_TEAM_01_PDR.pdf , page14 u
sed on input line 214.
(pdftex.def)             Requested size: 597.78697pt x 773.60669pt.
File: Resources/LSPACE/LSPACE-MCA_TEAM_01_PDR.pdf Graphic file (type pdf)
<use Resources/LSPACE/LSPACE-MCA_TEAM_01_PDR.pdf, page 14>
Package pdftex.def Info: Resources/LSPACE/LSPACE-MCA_TEAM_01_PDR.pdf , page14 u
sed on input line 214.
(pdftex.def)             Requested size: 597.78697pt x 773.60669pt.
File: Resources/LSPACE/LSPACE-MCA_TEAM_01_PDR.pdf Graphic file (type pdf)
<use Resources/LSPACE/LSPACE-MCA_TEAM_01_PDR.pdf, page 14>
Package pdftex.def Info: Resources/LSPACE/LSPACE-MCA_TEAM_01_PDR.pdf , page14 u
sed on input line 214.
(pdftex.def)             Requested size: 597.78697pt x 773.60669pt.
 [466 <./Resources/LSPACE/LSPACE-MCA_TEAM_01_PDR.pdf>]
<Resources/LSPACE/LSPACE-MCA_TEAM_01_PDR.pdf, id=4253, page=15, 614.295pt x 794
.97pt>
File: Resources/LSPACE/LSPACE-MCA_TEAM_01_PDR.pdf Graphic file (type pdf)
<use Resources/LSPACE/LSPACE-MCA_TEAM_01_PDR.pdf, page 15>
Package pdftex.def Info: Resources/LSPACE/LSPACE-MCA_TEAM_01_PDR.pdf , page15 u
sed on input line 214.
(pdftex.def)             Requested size: 597.78697pt x 773.60669pt.
File: Resources/LSPACE/LSPACE-MCA_TEAM_01_PDR.pdf Graphic file (type pdf)
<use Resources/LSPACE/LSPACE-MCA_TEAM_01_PDR.pdf, page 15>
Package pdftex.def Info: Resources/LSPACE/LSPACE-MCA_TEAM_01_PDR.pdf , page15 u
sed on input line 214.
(pdftex.def)             Requested size: 597.78697pt x 773.60669pt.
File: Resources/LSPACE/LSPACE-MCA_TEAM_01_PDR.pdf Graphic file (type pdf)
<use Resources/LSPACE/LSPACE-MCA_TEAM_01_PDR.pdf, page 15>
Package pdftex.def Info: Resources/LSPACE/LSPACE-MCA_TEAM_01_PDR.pdf , page15 u
sed on input line 214.
(pdftex.def)             Requested size: 597.78697pt x 773.60669pt.

[467 <./Resources/LSPACE/LSPACE-MCA_TEAM_01_PDR.pdf>]
<Resources/LSPACE/LSPACE-MCA_TEAM_01_PDR.pdf, id=4262, page=16, 614.295pt x 794
.97pt>
File: Resources/LSPACE/LSPACE-MCA_TEAM_01_PDR.pdf Graphic file (type pdf)
<use Resources/LSPACE/LSPACE-MCA_TEAM_01_PDR.pdf, page 16>
Package pdftex.def Info: Resources/LSPACE/LSPACE-MCA_TEAM_01_PDR.pdf , page16 u
sed on input line 214.
(pdftex.def)             Requested size: 597.78697pt x 773.60669pt.
File: Resources/LSPACE/LSPACE-MCA_TEAM_01_PDR.pdf Graphic file (type pdf)
<use Resources/LSPACE/LSPACE-MCA_TEAM_01_PDR.pdf, page 16>
Package pdftex.def Info: Resources/LSPACE/LSPACE-MCA_TEAM_01_PDR.pdf , page16 u
sed on input line 214.
(pdftex.def)             Requested size: 597.78697pt x 773.60669pt.
File: Resources/LSPACE/LSPACE-MCA_TEAM_01_PDR.pdf Graphic file (type pdf)
<use Resources/LSPACE/LSPACE-MCA_TEAM_01_PDR.pdf, page 16>
Package pdftex.def Info: Resources/LSPACE/LSPACE-MCA_TEAM_01_PDR.pdf , page16 u
sed on input line 214.
(pdftex.def)             Requested size: 597.78697pt x 773.60669pt.
 [468 <./Resources/LSPACE/LSPACE-MCA_TEAM_01_PDR.pdf>]
<Resources/LSPACE/LSPACE-MCA_TEAM_01_PDR.pdf, id=4271, page=17, 794.97pt x 614.
295pt>
File: Resources/LSPACE/LSPACE-MCA_TEAM_01_PDR.pdf Graphic file (type pdf)
<use Resources/LSPACE/LSPACE-MCA_TEAM_01_PDR.pdf, page 17>
Package pdftex.def Info: Resources/LSPACE/LSPACE-MCA_TEAM_01_PDR.pdf , page17 u
sed on input line 214.
(pdftex.def)             Requested size: 773.60669pt x 597.78697pt.
File: Resources/LSPACE/LSPACE-MCA_TEAM_01_PDR.pdf Graphic file (type pdf)
<use Resources/LSPACE/LSPACE-MCA_TEAM_01_PDR.pdf, page 17>
Package pdftex.def Info: Resources/LSPACE/LSPACE-MCA_TEAM_01_PDR.pdf , page17 u
sed on input line 214.
(pdftex.def)             Requested size: 773.60669pt x 597.78697pt.
File: Resources/LSPACE/LSPACE-MCA_TEAM_01_PDR.pdf Graphic file (type pdf)
<use Resources/LSPACE/LSPACE-MCA_TEAM_01_PDR.pdf, page 17>
Package pdftex.def Info: Resources/LSPACE/LSPACE-MCA_TEAM_01_PDR.pdf , page17 u
sed on input line 214.
(pdftex.def)             Requested size: 773.60669pt x 597.78697pt.
 [469 <./Resources/LSPACE/LSPACE-MCA_TEAM_01_PDR.pdf>]
<Resources/LSPACE/LSPACE-MCA_TEAM_01_PDR.pdf, id=4281, page=18, 794.97pt x 614.
295pt>
File: Resources/LSPACE/LSPACE-MCA_TEAM_01_PDR.pdf Graphic file (type pdf)
<use Resources/LSPACE/LSPACE-MCA_TEAM_01_PDR.pdf, page 18>
Package pdftex.def Info: Resources/LSPACE/LSPACE-MCA_TEAM_01_PDR.pdf , page18 u
sed on input line 214.
(pdftex.def)             Requested size: 773.60669pt x 597.78697pt.
File: Resources/LSPACE/LSPACE-MCA_TEAM_01_PDR.pdf Graphic file (type pdf)
<use Resources/LSPACE/LSPACE-MCA_TEAM_01_PDR.pdf, page 18>
Package pdftex.def Info: Resources/LSPACE/LSPACE-MCA_TEAM_01_PDR.pdf , page18 u
sed on input line 214.
(pdftex.def)             Requested size: 773.60669pt x 597.78697pt.
File: Resources/LSPACE/LSPACE-MCA_TEAM_01_PDR.pdf Graphic file (type pdf)
<use Resources/LSPACE/LSPACE-MCA_TEAM_01_PDR.pdf, page 18>
Package pdftex.def Info: Resources/LSPACE/LSPACE-MCA_TEAM_01_PDR.pdf , page18 u
sed on input line 214.
(pdftex.def)             Requested size: 773.60669pt x 597.78697pt.
 [470 <./Resources/LSPACE/LSPACE-MCA_TEAM_01_PDR.pdf>]
<Resources/LSPACE/LSPACE-MCA_TEAM_01_PDR.pdf, id=4290, page=19, 614.295pt x 794
.97pt>
File: Resources/LSPACE/LSPACE-MCA_TEAM_01_PDR.pdf Graphic file (type pdf)
<use Resources/LSPACE/LSPACE-MCA_TEAM_01_PDR.pdf, page 19>
Package pdftex.def Info: Resources/LSPACE/LSPACE-MCA_TEAM_01_PDR.pdf , page19 u
sed on input line 214.
(pdftex.def)             Requested size: 597.78697pt x 773.60669pt.
File: Resources/LSPACE/LSPACE-MCA_TEAM_01_PDR.pdf Graphic file (type pdf)
<use Resources/LSPACE/LSPACE-MCA_TEAM_01_PDR.pdf, page 19>
Package pdftex.def Info: Resources/LSPACE/LSPACE-MCA_TEAM_01_PDR.pdf , page19 u
sed on input line 214.
(pdftex.def)             Requested size: 597.78697pt x 773.60669pt.
File: Resources/LSPACE/LSPACE-MCA_TEAM_01_PDR.pdf Graphic file (type pdf)
<use Resources/LSPACE/LSPACE-MCA_TEAM_01_PDR.pdf, page 19>
Package pdftex.def Info: Resources/LSPACE/LSPACE-MCA_TEAM_01_PDR.pdf , page19 u
sed on input line 214.
(pdftex.def)             Requested size: 597.78697pt x 773.60669pt.
 [471 <./Resources/LSPACE/LSPACE-MCA_TEAM_01_PDR.pdf>]
<Resources/LSPACE/LSPACE-MCA_TEAM_01_PDR.pdf, id=4299, page=20, 794.97pt x 614.
295pt>
File: Resources/LSPACE/LSPACE-MCA_TEAM_01_PDR.pdf Graphic file (type pdf)
<use Resources/LSPACE/LSPACE-MCA_TEAM_01_PDR.pdf, page 20>
Package pdftex.def Info: Resources/LSPACE/LSPACE-MCA_TEAM_01_PDR.pdf , page20 u
sed on input line 214.
(pdftex.def)             Requested size: 773.60669pt x 597.78697pt.
File: Resources/LSPACE/LSPACE-MCA_TEAM_01_PDR.pdf Graphic file (type pdf)
<use Resources/LSPACE/LSPACE-MCA_TEAM_01_PDR.pdf, page 20>
Package pdftex.def Info: Resources/LSPACE/LSPACE-MCA_TEAM_01_PDR.pdf , page20 u
sed on input line 214.
(pdftex.def)             Requested size: 773.60669pt x 597.78697pt.
File: Resources/LSPACE/LSPACE-MCA_TEAM_01_PDR.pdf Graphic file (type pdf)
<use Resources/LSPACE/LSPACE-MCA_TEAM_01_PDR.pdf, page 20>
Package pdftex.def Info: Resources/LSPACE/LSPACE-MCA_TEAM_01_PDR.pdf , page20 u
sed on input line 214.
(pdftex.def)             Requested size: 773.60669pt x 597.78697pt.
 [472 <./Resources/LSPACE/LSPACE-MCA_TEAM_01_PDR.pdf>]
<Resources/LSPACE/LSPACE-MCA_TEAM_01_PDR.pdf, id=4312, page=21, 794.97pt x 614.
295pt>
File: Resources/LSPACE/LSPACE-MCA_TEAM_01_PDR.pdf Graphic file (type pdf)
<use Resources/LSPACE/LSPACE-MCA_TEAM_01_PDR.pdf, page 21>
Package pdftex.def Info: Resources/LSPACE/LSPACE-MCA_TEAM_01_PDR.pdf , page21 u
sed on input line 214.
(pdftex.def)             Requested size: 773.60669pt x 597.78697pt.
File: Resources/LSPACE/LSPACE-MCA_TEAM_01_PDR.pdf Graphic file (type pdf)
<use Resources/LSPACE/LSPACE-MCA_TEAM_01_PDR.pdf, page 21>
Package pdftex.def Info: Resources/LSPACE/LSPACE-MCA_TEAM_01_PDR.pdf , page21 u
sed on input line 214.
(pdftex.def)             Requested size: 773.60669pt x 597.78697pt.
File: Resources/LSPACE/LSPACE-MCA_TEAM_01_PDR.pdf Graphic file (type pdf)
<use Resources/LSPACE/LSPACE-MCA_TEAM_01_PDR.pdf, page 21>
Package pdftex.def Info: Resources/LSPACE/LSPACE-MCA_TEAM_01_PDR.pdf , page21 u
sed on input line 214.
(pdftex.def)             Requested size: 773.60669pt x 597.78697pt.
 [473 <./Resources/LSPACE/LSPACE-MCA_TEAM_01_PDR.pdf>]
<Resources/LSPACE/LSPACE-MCA_TEAM_01_PDR.pdf, id=4323, page=22, 614.295pt x 794
.97pt>
File: Resources/LSPACE/LSPACE-MCA_TEAM_01_PDR.pdf Graphic file (type pdf)
<use Resources/LSPACE/LSPACE-MCA_TEAM_01_PDR.pdf, page 22>
Package pdftex.def Info: Resources/LSPACE/LSPACE-MCA_TEAM_01_PDR.pdf , page22 u
sed on input line 214.
(pdftex.def)             Requested size: 597.78697pt x 773.60669pt.
File: Resources/LSPACE/LSPACE-MCA_TEAM_01_PDR.pdf Graphic file (type pdf)
<use Resources/LSPACE/LSPACE-MCA_TEAM_01_PDR.pdf, page 22>
Package pdftex.def Info: Resources/LSPACE/LSPACE-MCA_TEAM_01_PDR.pdf , page22 u
sed on input line 214.
(pdftex.def)             Requested size: 597.78697pt x 773.60669pt.
File: Resources/LSPACE/LSPACE-MCA_TEAM_01_PDR.pdf Graphic file (type pdf)
<use Resources/LSPACE/LSPACE-MCA_TEAM_01_PDR.pdf, page 22>
Package pdftex.def Info: Resources/LSPACE/LSPACE-MCA_TEAM_01_PDR.pdf , page22 u
sed on input line 214.
(pdftex.def)             Requested size: 597.78697pt x 773.60669pt.
 [474 <./Resources/LSPACE/LSPACE-MCA_TEAM_01_PDR.pdf>]
<Resources/LSPACE/LSPACE-MCA_TEAM_01_PDR.pdf, id=4332, page=23, 614.295pt x 794
.97pt>
File: Resources/LSPACE/LSPACE-MCA_TEAM_01_PDR.pdf Graphic file (type pdf)
<use Resources/LSPACE/LSPACE-MCA_TEAM_01_PDR.pdf, page 23>
Package pdftex.def Info: Resources/LSPACE/LSPACE-MCA_TEAM_01_PDR.pdf , page23 u
sed on input line 214.
(pdftex.def)             Requested size: 597.78697pt x 773.60669pt.
File: Resources/LSPACE/LSPACE-MCA_TEAM_01_PDR.pdf Graphic file (type pdf)
<use Resources/LSPACE/LSPACE-MCA_TEAM_01_PDR.pdf, page 23>
Package pdftex.def Info: Resources/LSPACE/LSPACE-MCA_TEAM_01_PDR.pdf , page23 u
sed on input line 214.
(pdftex.def)             Requested size: 597.78697pt x 773.60669pt.
File: Resources/LSPACE/LSPACE-MCA_TEAM_01_PDR.pdf Graphic file (type pdf)
<use Resources/LSPACE/LSPACE-MCA_TEAM_01_PDR.pdf, page 23>
Package pdftex.def Info: Resources/LSPACE/LSPACE-MCA_TEAM_01_PDR.pdf , page23 u
sed on input line 214.
(pdftex.def)             Requested size: 597.78697pt x 773.60669pt.
 [475 <./Resources/LSPACE/LSPACE-MCA_TEAM_01_PDR.pdf>]
<Resources/LSPACE/LSPACE-MCA_TEAM_01_PDR.pdf, id=4343, page=24, 794.97pt x 614.
295pt>
File: Resources/LSPACE/LSPACE-MCA_TEAM_01_PDR.pdf Graphic file (type pdf)
<use Resources/LSPACE/LSPACE-MCA_TEAM_01_PDR.pdf, page 24>
Package pdftex.def Info: Resources/LSPACE/LSPACE-MCA_TEAM_01_PDR.pdf , page24 u
sed on input line 214.
(pdftex.def)             Requested size: 773.60669pt x 597.78697pt.
File: Resources/LSPACE/LSPACE-MCA_TEAM_01_PDR.pdf Graphic file (type pdf)
<use Resources/LSPACE/LSPACE-MCA_TEAM_01_PDR.pdf, page 24>
Package pdftex.def Info: Resources/LSPACE/LSPACE-MCA_TEAM_01_PDR.pdf , page24 u
sed on input line 214.
(pdftex.def)             Requested size: 773.60669pt x 597.78697pt.
File: Resources/LSPACE/LSPACE-MCA_TEAM_01_PDR.pdf Graphic file (type pdf)
<use Resources/LSPACE/LSPACE-MCA_TEAM_01_PDR.pdf, page 24>
Package pdftex.def Info: Resources/LSPACE/LSPACE-MCA_TEAM_01_PDR.pdf , page24 u
sed on input line 214.
(pdftex.def)             Requested size: 773.60669pt x 597.78697pt.
 [476 <./Resources/LSPACE/LSPACE-MCA_TEAM_01_PDR.pdf>]
<Resources/LSPACE/LSPACE-MCA_TEAM_01_PDR.pdf, id=4352, page=25, 794.97pt x 614.
295pt>
File: Resources/LSPACE/LSPACE-MCA_TEAM_01_PDR.pdf Graphic file (type pdf)
<use Resources/LSPACE/LSPACE-MCA_TEAM_01_PDR.pdf, page 25>
Package pdftex.def Info: Resources/LSPACE/LSPACE-MCA_TEAM_01_PDR.pdf , page25 u
sed on input line 214.
(pdftex.def)             Requested size: 773.60669pt x 597.78697pt.
File: Resources/LSPACE/LSPACE-MCA_TEAM_01_PDR.pdf Graphic file (type pdf)
<use Resources/LSPACE/LSPACE-MCA_TEAM_01_PDR.pdf, page 25>
Package pdftex.def Info: Resources/LSPACE/LSPACE-MCA_TEAM_01_PDR.pdf , page25 u
sed on input line 214.
(pdftex.def)             Requested size: 773.60669pt x 597.78697pt.
File: Resources/LSPACE/LSPACE-MCA_TEAM_01_PDR.pdf Graphic file (type pdf)
<use Resources/LSPACE/LSPACE-MCA_TEAM_01_PDR.pdf, page 25>
Package pdftex.def Info: Resources/LSPACE/LSPACE-MCA_TEAM_01_PDR.pdf , page25 u
sed on input line 214.
(pdftex.def)             Requested size: 773.60669pt x 597.78697pt.
 [477 <./Resources/LSPACE/LSPACE-MCA_TEAM_01_PDR.pdf>]
<Resources/LSPACE/LSPACE-MCA_TEAM_01_PDR.pdf, id=4361, page=26, 614.295pt x 794
.97pt>
File: Resources/LSPACE/LSPACE-MCA_TEAM_01_PDR.pdf Graphic file (type pdf)
<use Resources/LSPACE/LSPACE-MCA_TEAM_01_PDR.pdf, page 26>
Package pdftex.def Info: Resources/LSPACE/LSPACE-MCA_TEAM_01_PDR.pdf , page26 u
sed on input line 214.
(pdftex.def)             Requested size: 597.78697pt x 773.60669pt.
File: Resources/LSPACE/LSPACE-MCA_TEAM_01_PDR.pdf Graphic file (type pdf)
<use Resources/LSPACE/LSPACE-MCA_TEAM_01_PDR.pdf, page 26>
Package pdftex.def Info: Resources/LSPACE/LSPACE-MCA_TEAM_01_PDR.pdf , page26 u
sed on input line 214.
(pdftex.def)             Requested size: 597.78697pt x 773.60669pt.
File: Resources/LSPACE/LSPACE-MCA_TEAM_01_PDR.pdf Graphic file (type pdf)
<use Resources/LSPACE/LSPACE-MCA_TEAM_01_PDR.pdf, page 26>
Package pdftex.def Info: Resources/LSPACE/LSPACE-MCA_TEAM_01_PDR.pdf , page26 u
sed on input line 214.
(pdftex.def)             Requested size: 597.78697pt x 773.60669pt.
 [478 <./Resources/LSPACE/LSPACE-MCA_TEAM_01_PDR.pdf>]
<Resources/LSPACE/LSPACE-MCA_TEAM_01_PDR.pdf, id=4370, page=27, 614.295pt x 794
.97pt>
File: Resources/LSPACE/LSPACE-MCA_TEAM_01_PDR.pdf Graphic file (type pdf)
<use Resources/LSPACE/LSPACE-MCA_TEAM_01_PDR.pdf, page 27>
Package pdftex.def Info: Resources/LSPACE/LSPACE-MCA_TEAM_01_PDR.pdf , page27 u
sed on input line 214.
(pdftex.def)             Requested size: 597.78697pt x 773.60669pt.
File: Resources/LSPACE/LSPACE-MCA_TEAM_01_PDR.pdf Graphic file (type pdf)
<use Resources/LSPACE/LSPACE-MCA_TEAM_01_PDR.pdf, page 27>
Package pdftex.def Info: Resources/LSPACE/LSPACE-MCA_TEAM_01_PDR.pdf , page27 u
sed on input line 214.
(pdftex.def)             Requested size: 597.78697pt x 773.60669pt.
File: Resources/LSPACE/LSPACE-MCA_TEAM_01_PDR.pdf Graphic file (type pdf)
<use Resources/LSPACE/LSPACE-MCA_TEAM_01_PDR.pdf, page 27>
Package pdftex.def Info: Resources/LSPACE/LSPACE-MCA_TEAM_01_PDR.pdf , page27 u
sed on input line 214.
(pdftex.def)             Requested size: 597.78697pt x 773.60669pt.
 [479 <./Resources/LSPACE/LSPACE-MCA_TEAM_01_PDR.pdf>]
<Resources/LSPACE/LSPACE-MCA_TEAM_01_PDR.pdf, id=4379, page=28, 794.97pt x 614.
295pt>
File: Resources/LSPACE/LSPACE-MCA_TEAM_01_PDR.pdf Graphic file (type pdf)
<use Resources/LSPACE/LSPACE-MCA_TEAM_01_PDR.pdf, page 28>
Package pdftex.def Info: Resources/LSPACE/LSPACE-MCA_TEAM_01_PDR.pdf , page28 u
sed on input line 214.
(pdftex.def)             Requested size: 773.60669pt x 597.78697pt.
File: Resources/LSPACE/LSPACE-MCA_TEAM_01_PDR.pdf Graphic file (type pdf)
<use Resources/LSPACE/LSPACE-MCA_TEAM_01_PDR.pdf, page 28>
Package pdftex.def Info: Resources/LSPACE/LSPACE-MCA_TEAM_01_PDR.pdf , page28 u
sed on input line 214.
(pdftex.def)             Requested size: 773.60669pt x 597.78697pt.
File: Resources/LSPACE/LSPACE-MCA_TEAM_01_PDR.pdf Graphic file (type pdf)
<use Resources/LSPACE/LSPACE-MCA_TEAM_01_PDR.pdf, page 28>
Package pdftex.def Info: Resources/LSPACE/LSPACE-MCA_TEAM_01_PDR.pdf , page28 u
sed on input line 214.
(pdftex.def)             Requested size: 773.60669pt x 597.78697pt.
 [480 <./Resources/LSPACE/LSPACE-MCA_TEAM_01_PDR.pdf>]
<Resources/LSPACE/LSPACE-MCA_TEAM_01_PDR.pdf, id=4390, page=29, 614.295pt x 794
.97pt>
File: Resources/LSPACE/LSPACE-MCA_TEAM_01_PDR.pdf Graphic file (type pdf)
<use Resources/LSPACE/LSPACE-MCA_TEAM_01_PDR.pdf, page 29>
Package pdftex.def Info: Resources/LSPACE/LSPACE-MCA_TEAM_01_PDR.pdf , page29 u
sed on input line 214.
(pdftex.def)             Requested size: 597.78697pt x 773.60669pt.
File: Resources/LSPACE/LSPACE-MCA_TEAM_01_PDR.pdf Graphic file (type pdf)
<use Resources/LSPACE/LSPACE-MCA_TEAM_01_PDR.pdf, page 29>
Package pdftex.def Info: Resources/LSPACE/LSPACE-MCA_TEAM_01_PDR.pdf , page29 u
sed on input line 214.
(pdftex.def)             Requested size: 597.78697pt x 773.60669pt.
File: Resources/LSPACE/LSPACE-MCA_TEAM_01_PDR.pdf Graphic file (type pdf)
<use Resources/LSPACE/LSPACE-MCA_TEAM_01_PDR.pdf, page 29>
Package pdftex.def Info: Resources/LSPACE/LSPACE-MCA_TEAM_01_PDR.pdf , page29 u
sed on input line 214.
(pdftex.def)             Requested size: 597.78697pt x 773.60669pt.
 [481 <./Resources/LSPACE/LSPACE-MCA_TEAM_01_PDR.pdf>]
<Resources/LSPACE/LSPACE-MCA_TEAM_01_PDR.pdf, id=4400, page=30, 614.295pt x 794
.97pt>
File: Resources/LSPACE/LSPACE-MCA_TEAM_01_PDR.pdf Graphic file (type pdf)
<use Resources/LSPACE/LSPACE-MCA_TEAM_01_PDR.pdf, page 30>
Package pdftex.def Info: Resources/LSPACE/LSPACE-MCA_TEAM_01_PDR.pdf , page30 u
sed on input line 214.
(pdftex.def)             Requested size: 597.78697pt x 773.60669pt.
File: Resources/LSPACE/LSPACE-MCA_TEAM_01_PDR.pdf Graphic file (type pdf)
<use Resources/LSPACE/LSPACE-MCA_TEAM_01_PDR.pdf, page 30>
Package pdftex.def Info: Resources/LSPACE/LSPACE-MCA_TEAM_01_PDR.pdf , page30 u
sed on input line 214.
(pdftex.def)             Requested size: 597.78697pt x 773.60669pt.
File: Resources/LSPACE/LSPACE-MCA_TEAM_01_PDR.pdf Graphic file (type pdf)
<use Resources/LSPACE/LSPACE-MCA_TEAM_01_PDR.pdf, page 30>
Package pdftex.def Info: Resources/LSPACE/LSPACE-MCA_TEAM_01_PDR.pdf , page30 u
sed on input line 214.
(pdftex.def)             Requested size: 597.78697pt x 773.60669pt.
 [482 <./Resources/LSPACE/LSPACE-MCA_TEAM_01_PDR.pdf>]
<Resources/LSPACE/LSPACE-MCA_TEAM_01_PDR.pdf, id=4411, page=31, 614.295pt x 794
.97pt>
File: Resources/LSPACE/LSPACE-MCA_TEAM_01_PDR.pdf Graphic file (type pdf)
<use Resources/LSPACE/LSPACE-MCA_TEAM_01_PDR.pdf, page 31>
Package pdftex.def Info: Resources/LSPACE/LSPACE-MCA_TEAM_01_PDR.pdf , page31 u
sed on input line 214.
(pdftex.def)             Requested size: 597.78697pt x 773.60669pt.
File: Resources/LSPACE/LSPACE-MCA_TEAM_01_PDR.pdf Graphic file (type pdf)
<use Resources/LSPACE/LSPACE-MCA_TEAM_01_PDR.pdf, page 31>
Package pdftex.def Info: Resources/LSPACE/LSPACE-MCA_TEAM_01_PDR.pdf , page31 u
sed on input line 214.
(pdftex.def)             Requested size: 597.78697pt x 773.60669pt.
File: Resources/LSPACE/LSPACE-MCA_TEAM_01_PDR.pdf Graphic file (type pdf)
<use Resources/LSPACE/LSPACE-MCA_TEAM_01_PDR.pdf, page 31>
Package pdftex.def Info: Resources/LSPACE/LSPACE-MCA_TEAM_01_PDR.pdf , page31 u
sed on input line 214.
(pdftex.def)             Requested size: 597.78697pt x 773.60669pt.

[483 <./Resources/LSPACE/LSPACE-MCA_TEAM_01_PDR.pdf>]
<Resources/LSPACE/LSPACE-MCA_TEAM_01_PDR.pdf, id=4422, page=32, 614.295pt x 794
.97pt>
File: Resources/LSPACE/LSPACE-MCA_TEAM_01_PDR.pdf Graphic file (type pdf)
<use Resources/LSPACE/LSPACE-MCA_TEAM_01_PDR.pdf, page 32>
Package pdftex.def Info: Resources/LSPACE/LSPACE-MCA_TEAM_01_PDR.pdf , page32 u
sed on input line 214.
(pdftex.def)             Requested size: 597.78697pt x 773.60669pt.
File: Resources/LSPACE/LSPACE-MCA_TEAM_01_PDR.pdf Graphic file (type pdf)
<use Resources/LSPACE/LSPACE-MCA_TEAM_01_PDR.pdf, page 32>
Package pdftex.def Info: Resources/LSPACE/LSPACE-MCA_TEAM_01_PDR.pdf , page32 u
sed on input line 214.
(pdftex.def)             Requested size: 597.78697pt x 773.60669pt.
File: Resources/LSPACE/LSPACE-MCA_TEAM_01_PDR.pdf Graphic file (type pdf)
<use Resources/LSPACE/LSPACE-MCA_TEAM_01_PDR.pdf, page 32>
Package pdftex.def Info: Resources/LSPACE/LSPACE-MCA_TEAM_01_PDR.pdf , page32 u
sed on input line 214.
(pdftex.def)             Requested size: 597.78697pt x 773.60669pt.
 [484 <./Resources/LSPACE/LSPACE-MCA_TEAM_01_PDR.pdf>]
<Resources/LSPACE/LSPACE-MCA_TEAM_01_PDR.pdf, id=4433, page=33, 614.295pt x 794
.97pt>
File: Resources/LSPACE/LSPACE-MCA_TEAM_01_PDR.pdf Graphic file (type pdf)
<use Resources/LSPACE/LSPACE-MCA_TEAM_01_PDR.pdf, page 33>
Package pdftex.def Info: Resources/LSPACE/LSPACE-MCA_TEAM_01_PDR.pdf , page33 u
sed on input line 214.
(pdftex.def)             Requested size: 597.78697pt x 773.60669pt.
File: Resources/LSPACE/LSPACE-MCA_TEAM_01_PDR.pdf Graphic file (type pdf)
<use Resources/LSPACE/LSPACE-MCA_TEAM_01_PDR.pdf, page 33>
Package pdftex.def Info: Resources/LSPACE/LSPACE-MCA_TEAM_01_PDR.pdf , page33 u
sed on input line 214.
(pdftex.def)             Requested size: 597.78697pt x 773.60669pt.
File: Resources/LSPACE/LSPACE-MCA_TEAM_01_PDR.pdf Graphic file (type pdf)
<use Resources/LSPACE/LSPACE-MCA_TEAM_01_PDR.pdf, page 33>
Package pdftex.def Info: Resources/LSPACE/LSPACE-MCA_TEAM_01_PDR.pdf , page33 u
sed on input line 214.
(pdftex.def)             Requested size: 597.78697pt x 773.60669pt.
 [485 <./Resources/LSPACE/LSPACE-MCA_TEAM_01_PDR.pdf>]
<Resources/LSPACE/LSPACE-MCA_TEAM_01_PDR.pdf, id=4444, page=34, 614.295pt x 794
.97pt>
File: Resources/LSPACE/LSPACE-MCA_TEAM_01_PDR.pdf Graphic file (type pdf)
<use Resources/LSPACE/LSPACE-MCA_TEAM_01_PDR.pdf, page 34>
Package pdftex.def Info: Resources/LSPACE/LSPACE-MCA_TEAM_01_PDR.pdf , page34 u
sed on input line 214.
(pdftex.def)             Requested size: 597.78697pt x 773.60669pt.
File: Resources/LSPACE/LSPACE-MCA_TEAM_01_PDR.pdf Graphic file (type pdf)
<use Resources/LSPACE/LSPACE-MCA_TEAM_01_PDR.pdf, page 34>
Package pdftex.def Info: Resources/LSPACE/LSPACE-MCA_TEAM_01_PDR.pdf , page34 u
sed on input line 214.
(pdftex.def)             Requested size: 597.78697pt x 773.60669pt.
File: Resources/LSPACE/LSPACE-MCA_TEAM_01_PDR.pdf Graphic file (type pdf)
<use Resources/LSPACE/LSPACE-MCA_TEAM_01_PDR.pdf, page 34>
Package pdftex.def Info: Resources/LSPACE/LSPACE-MCA_TEAM_01_PDR.pdf , page34 u
sed on input line 214.
(pdftex.def)             Requested size: 597.78697pt x 773.60669pt.
 [486 <./Resources/LSPACE/LSPACE-MCA_TEAM_01_PDR.pdf>]
<Resources/LSPACE/LSPACE-MCA_TEAM_01_PDR.pdf, id=4453, page=35, 614.295pt x 794
.97pt>
File: Resources/LSPACE/LSPACE-MCA_TEAM_01_PDR.pdf Graphic file (type pdf)
<use Resources/LSPACE/LSPACE-MCA_TEAM_01_PDR.pdf, page 35>
Package pdftex.def Info: Resources/LSPACE/LSPACE-MCA_TEAM_01_PDR.pdf , page35 u
sed on input line 214.
(pdftex.def)             Requested size: 597.78697pt x 773.60669pt.
File: Resources/LSPACE/LSPACE-MCA_TEAM_01_PDR.pdf Graphic file (type pdf)
<use Resources/LSPACE/LSPACE-MCA_TEAM_01_PDR.pdf, page 35>
Package pdftex.def Info: Resources/LSPACE/LSPACE-MCA_TEAM_01_PDR.pdf , page35 u
sed on input line 214.
(pdftex.def)             Requested size: 597.78697pt x 773.60669pt.
File: Resources/LSPACE/LSPACE-MCA_TEAM_01_PDR.pdf Graphic file (type pdf)
<use Resources/LSPACE/LSPACE-MCA_TEAM_01_PDR.pdf, page 35>
Package pdftex.def Info: Resources/LSPACE/LSPACE-MCA_TEAM_01_PDR.pdf , page35 u
sed on input line 214.
(pdftex.def)             Requested size: 597.78697pt x 773.60669pt.
 [487 <./Resources/LSPACE/LSPACE-MCA_TEAM_01_PDR.pdf>]
<Resources/LSPACE/LSPACE-MCA_TEAM_01_PDR.pdf, id=4463, page=36, 614.295pt x 794
.97pt>
File: Resources/LSPACE/LSPACE-MCA_TEAM_01_PDR.pdf Graphic file (type pdf)
<use Resources/LSPACE/LSPACE-MCA_TEAM_01_PDR.pdf, page 36>
Package pdftex.def Info: Resources/LSPACE/LSPACE-MCA_TEAM_01_PDR.pdf , page36 u
sed on input line 214.
(pdftex.def)             Requested size: 597.78697pt x 773.60669pt.
File: Resources/LSPACE/LSPACE-MCA_TEAM_01_PDR.pdf Graphic file (type pdf)
<use Resources/LSPACE/LSPACE-MCA_TEAM_01_PDR.pdf, page 36>
Package pdftex.def Info: Resources/LSPACE/LSPACE-MCA_TEAM_01_PDR.pdf , page36 u
sed on input line 214.
(pdftex.def)             Requested size: 597.78697pt x 773.60669pt.
File: Resources/LSPACE/LSPACE-MCA_TEAM_01_PDR.pdf Graphic file (type pdf)
<use Resources/LSPACE/LSPACE-MCA_TEAM_01_PDR.pdf, page 36>
Package pdftex.def Info: Resources/LSPACE/LSPACE-MCA_TEAM_01_PDR.pdf , page36 u
sed on input line 214.
(pdftex.def)             Requested size: 597.78697pt x 773.60669pt.
 [488 <./Resources/LSPACE/LSPACE-MCA_TEAM_01_PDR.pdf>]
<Resources/LSPACE/LSPACE-MCA_TEAM_01_PDR.pdf, id=4472, page=37, 614.295pt x 794
.97pt>
File: Resources/LSPACE/LSPACE-MCA_TEAM_01_PDR.pdf Graphic file (type pdf)
<use Resources/LSPACE/LSPACE-MCA_TEAM_01_PDR.pdf, page 37>
Package pdftex.def Info: Resources/LSPACE/LSPACE-MCA_TEAM_01_PDR.pdf , page37 u
sed on input line 214.
(pdftex.def)             Requested size: 597.78697pt x 773.60669pt.
File: Resources/LSPACE/LSPACE-MCA_TEAM_01_PDR.pdf Graphic file (type pdf)
<use Resources/LSPACE/LSPACE-MCA_TEAM_01_PDR.pdf, page 37>
Package pdftex.def Info: Resources/LSPACE/LSPACE-MCA_TEAM_01_PDR.pdf , page37 u
sed on input line 214.
(pdftex.def)             Requested size: 597.78697pt x 773.60669pt.
File: Resources/LSPACE/LSPACE-MCA_TEAM_01_PDR.pdf Graphic file (type pdf)
<use Resources/LSPACE/LSPACE-MCA_TEAM_01_PDR.pdf, page 37>
Package pdftex.def Info: Resources/LSPACE/LSPACE-MCA_TEAM_01_PDR.pdf , page37 u
sed on input line 214.
(pdftex.def)             Requested size: 597.78697pt x 773.60669pt.
 [489 <./Resources/LSPACE/LSPACE-MCA_TEAM_01_PDR.pdf>]
<Resources/LSPACE/LSPACE-MCA_TEAM_01_PDR.pdf, id=4481, page=38, 614.295pt x 794
.97pt>
File: Resources/LSPACE/LSPACE-MCA_TEAM_01_PDR.pdf Graphic file (type pdf)
<use Resources/LSPACE/LSPACE-MCA_TEAM_01_PDR.pdf, page 38>
Package pdftex.def Info: Resources/LSPACE/LSPACE-MCA_TEAM_01_PDR.pdf , page38 u
sed on input line 214.
(pdftex.def)             Requested size: 597.78697pt x 773.60669pt.
File: Resources/LSPACE/LSPACE-MCA_TEAM_01_PDR.pdf Graphic file (type pdf)
<use Resources/LSPACE/LSPACE-MCA_TEAM_01_PDR.pdf, page 38>
Package pdftex.def Info: Resources/LSPACE/LSPACE-MCA_TEAM_01_PDR.pdf , page38 u
sed on input line 214.
(pdftex.def)             Requested size: 597.78697pt x 773.60669pt.
File: Resources/LSPACE/LSPACE-MCA_TEAM_01_PDR.pdf Graphic file (type pdf)
<use Resources/LSPACE/LSPACE-MCA_TEAM_01_PDR.pdf, page 38>
Package pdftex.def Info: Resources/LSPACE/LSPACE-MCA_TEAM_01_PDR.pdf , page38 u
sed on input line 214.
(pdftex.def)             Requested size: 597.78697pt x 773.60669pt.
 [490 <./Resources/LSPACE/LSPACE-MCA_TEAM_01_PDR.pdf>]
<Resources/LSPACE/LSPACE-MCA_TEAM_01_PDR.pdf, id=4490, page=39, 614.295pt x 794
.97pt>
File: Resources/LSPACE/LSPACE-MCA_TEAM_01_PDR.pdf Graphic file (type pdf)
<use Resources/LSPACE/LSPACE-MCA_TEAM_01_PDR.pdf, page 39>
Package pdftex.def Info: Resources/LSPACE/LSPACE-MCA_TEAM_01_PDR.pdf , page39 u
sed on input line 214.
(pdftex.def)             Requested size: 597.78697pt x 773.60669pt.
File: Resources/LSPACE/LSPACE-MCA_TEAM_01_PDR.pdf Graphic file (type pdf)
<use Resources/LSPACE/LSPACE-MCA_TEAM_01_PDR.pdf, page 39>
Package pdftex.def Info: Resources/LSPACE/LSPACE-MCA_TEAM_01_PDR.pdf , page39 u
sed on input line 214.
(pdftex.def)             Requested size: 597.78697pt x 773.60669pt.
File: Resources/LSPACE/LSPACE-MCA_TEAM_01_PDR.pdf Graphic file (type pdf)
<use Resources/LSPACE/LSPACE-MCA_TEAM_01_PDR.pdf, page 39>
Package pdftex.def Info: Resources/LSPACE/LSPACE-MCA_TEAM_01_PDR.pdf , page39 u
sed on input line 214.
(pdftex.def)             Requested size: 597.78697pt x 773.60669pt.
 [491 <./Resources/LSPACE/LSPACE-MCA_TEAM_01_PDR.pdf>]
<Resources/LSPACE/LSPACE-MCA_TEAM_01_PDR.pdf, id=4500, page=40, 614.295pt x 794
.97pt>
File: Resources/LSPACE/LSPACE-MCA_TEAM_01_PDR.pdf Graphic file (type pdf)
<use Resources/LSPACE/LSPACE-MCA_TEAM_01_PDR.pdf, page 40>
Package pdftex.def Info: Resources/LSPACE/LSPACE-MCA_TEAM_01_PDR.pdf , page40 u
sed on input line 214.
(pdftex.def)             Requested size: 597.78697pt x 773.60669pt.
File: Resources/LSPACE/LSPACE-MCA_TEAM_01_PDR.pdf Graphic file (type pdf)
<use Resources/LSPACE/LSPACE-MCA_TEAM_01_PDR.pdf, page 40>
Package pdftex.def Info: Resources/LSPACE/LSPACE-MCA_TEAM_01_PDR.pdf , page40 u
sed on input line 214.
(pdftex.def)             Requested size: 597.78697pt x 773.60669pt.
File: Resources/LSPACE/LSPACE-MCA_TEAM_01_PDR.pdf Graphic file (type pdf)
<use Resources/LSPACE/LSPACE-MCA_TEAM_01_PDR.pdf, page 40>
Package pdftex.def Info: Resources/LSPACE/LSPACE-MCA_TEAM_01_PDR.pdf , page40 u
sed on input line 214.
(pdftex.def)             Requested size: 597.78697pt x 773.60669pt.
 [492 <./Resources/LSPACE/LSPACE-MCA_TEAM_01_PDR.pdf>]
<Resources/LSPACE/LSPACE-MCA_TEAM_01_PDR.pdf, id=4513, page=41, 614.295pt x 794
.97pt>
File: Resources/LSPACE/LSPACE-MCA_TEAM_01_PDR.pdf Graphic file (type pdf)
<use Resources/LSPACE/LSPACE-MCA_TEAM_01_PDR.pdf, page 41>
Package pdftex.def Info: Resources/LSPACE/LSPACE-MCA_TEAM_01_PDR.pdf , page41 u
sed on input line 214.
(pdftex.def)             Requested size: 597.78697pt x 773.60669pt.
File: Resources/LSPACE/LSPACE-MCA_TEAM_01_PDR.pdf Graphic file (type pdf)
<use Resources/LSPACE/LSPACE-MCA_TEAM_01_PDR.pdf, page 41>
Package pdftex.def Info: Resources/LSPACE/LSPACE-MCA_TEAM_01_PDR.pdf , page41 u
sed on input line 214.
(pdftex.def)             Requested size: 597.78697pt x 773.60669pt.
File: Resources/LSPACE/LSPACE-MCA_TEAM_01_PDR.pdf Graphic file (type pdf)
<use Resources/LSPACE/LSPACE-MCA_TEAM_01_PDR.pdf, page 41>
Package pdftex.def Info: Resources/LSPACE/LSPACE-MCA_TEAM_01_PDR.pdf , page41 u
sed on input line 214.
(pdftex.def)             Requested size: 597.78697pt x 773.60669pt.
 [493 <./Resources/LSPACE/LSPACE-MCA_TEAM_01_PDR.pdf>]
<Resources/LSPACE/LSPACE-MCA_TEAM_01_PDR.pdf, id=4523, page=42, 614.295pt x 794
.97pt>
File: Resources/LSPACE/LSPACE-MCA_TEAM_01_PDR.pdf Graphic file (type pdf)
<use Resources/LSPACE/LSPACE-MCA_TEAM_01_PDR.pdf, page 42>
Package pdftex.def Info: Resources/LSPACE/LSPACE-MCA_TEAM_01_PDR.pdf , page42 u
sed on input line 214.
(pdftex.def)             Requested size: 597.78697pt x 773.60669pt.
File: Resources/LSPACE/LSPACE-MCA_TEAM_01_PDR.pdf Graphic file (type pdf)
<use Resources/LSPACE/LSPACE-MCA_TEAM_01_PDR.pdf, page 42>
Package pdftex.def Info: Resources/LSPACE/LSPACE-MCA_TEAM_01_PDR.pdf , page42 u
sed on input line 214.
(pdftex.def)             Requested size: 597.78697pt x 773.60669pt.
File: Resources/LSPACE/LSPACE-MCA_TEAM_01_PDR.pdf Graphic file (type pdf)
<use Resources/LSPACE/LSPACE-MCA_TEAM_01_PDR.pdf, page 42>
Package pdftex.def Info: Resources/LSPACE/LSPACE-MCA_TEAM_01_PDR.pdf , page42 u
sed on input line 214.
(pdftex.def)             Requested size: 597.78697pt x 773.60669pt.
 [494 <./Resources/LSPACE/LSPACE-MCA_TEAM_01_PDR.pdf>]
<Resources/LSPACE/LSPACE-MCA_TEAM_01_PDR.pdf, id=4532, page=43, 614.295pt x 794
.97pt>
File: Resources/LSPACE/LSPACE-MCA_TEAM_01_PDR.pdf Graphic file (type pdf)
<use Resources/LSPACE/LSPACE-MCA_TEAM_01_PDR.pdf, page 43>
Package pdftex.def Info: Resources/LSPACE/LSPACE-MCA_TEAM_01_PDR.pdf , page43 u
sed on input line 214.
(pdftex.def)             Requested size: 597.78697pt x 773.60669pt.
File: Resources/LSPACE/LSPACE-MCA_TEAM_01_PDR.pdf Graphic file (type pdf)
<use Resources/LSPACE/LSPACE-MCA_TEAM_01_PDR.pdf, page 43>
Package pdftex.def Info: Resources/LSPACE/LSPACE-MCA_TEAM_01_PDR.pdf , page43 u
sed on input line 214.
(pdftex.def)             Requested size: 597.78697pt x 773.60669pt.
File: Resources/LSPACE/LSPACE-MCA_TEAM_01_PDR.pdf Graphic file (type pdf)
<use Resources/LSPACE/LSPACE-MCA_TEAM_01_PDR.pdf, page 43>
Package pdftex.def Info: Resources/LSPACE/LSPACE-MCA_TEAM_01_PDR.pdf , page43 u
sed on input line 214.
(pdftex.def)             Requested size: 597.78697pt x 773.60669pt.
 [495 <./Resources/LSPACE/LSPACE-MCA_TEAM_01_PDR.pdf>]
<Resources/LSPACE/LSPACE-MCA_TEAM_01_PDR.pdf, id=4541, page=44, 614.295pt x 794
.97pt>
File: Resources/LSPACE/LSPACE-MCA_TEAM_01_PDR.pdf Graphic file (type pdf)
<use Resources/LSPACE/LSPACE-MCA_TEAM_01_PDR.pdf, page 44>
Package pdftex.def Info: Resources/LSPACE/LSPACE-MCA_TEAM_01_PDR.pdf , page44 u
sed on input line 214.
(pdftex.def)             Requested size: 597.78697pt x 773.60669pt.
File: Resources/LSPACE/LSPACE-MCA_TEAM_01_PDR.pdf Graphic file (type pdf)
<use Resources/LSPACE/LSPACE-MCA_TEAM_01_PDR.pdf, page 44>
Package pdftex.def Info: Resources/LSPACE/LSPACE-MCA_TEAM_01_PDR.pdf , page44 u
sed on input line 214.
(pdftex.def)             Requested size: 597.78697pt x 773.60669pt.
File: Resources/LSPACE/LSPACE-MCA_TEAM_01_PDR.pdf Graphic file (type pdf)
<use Resources/LSPACE/LSPACE-MCA_TEAM_01_PDR.pdf, page 44>
Package pdftex.def Info: Resources/LSPACE/LSPACE-MCA_TEAM_01_PDR.pdf , page44 u
sed on input line 214.
(pdftex.def)             Requested size: 597.78697pt x 773.60669pt.
 [496 <./Resources/LSPACE/LSPACE-MCA_TEAM_01_PDR.pdf>]
<Resources/LSPACE/LSPACE-MCA_TEAM_01_PDR.pdf, id=4552, page=45, 614.295pt x 794
.97pt>
File: Resources/LSPACE/LSPACE-MCA_TEAM_01_PDR.pdf Graphic file (type pdf)
<use Resources/LSPACE/LSPACE-MCA_TEAM_01_PDR.pdf, page 45>
Package pdftex.def Info: Resources/LSPACE/LSPACE-MCA_TEAM_01_PDR.pdf , page45 u
sed on input line 214.
(pdftex.def)             Requested size: 597.78697pt x 773.60669pt.
File: Resources/LSPACE/LSPACE-MCA_TEAM_01_PDR.pdf Graphic file (type pdf)
<use Resources/LSPACE/LSPACE-MCA_TEAM_01_PDR.pdf, page 45>
Package pdftex.def Info: Resources/LSPACE/LSPACE-MCA_TEAM_01_PDR.pdf , page45 u
sed on input line 214.
(pdftex.def)             Requested size: 597.78697pt x 773.60669pt.
File: Resources/LSPACE/LSPACE-MCA_TEAM_01_PDR.pdf Graphic file (type pdf)
<use Resources/LSPACE/LSPACE-MCA_TEAM_01_PDR.pdf, page 45>
Package pdftex.def Info: Resources/LSPACE/LSPACE-MCA_TEAM_01_PDR.pdf , page45 u
sed on input line 214.
(pdftex.def)             Requested size: 597.78697pt x 773.60669pt.
 [497 <./Resources/LSPACE/LSPACE-MCA_TEAM_01_PDR.pdf>]
<Resources/LSPACE/LSPACE-MCA_TEAM_01_PDR.pdf, id=4580, page=46, 614.295pt x 794
.97pt>
File: Resources/LSPACE/LSPACE-MCA_TEAM_01_PDR.pdf Graphic file (type pdf)
<use Resources/LSPACE/LSPACE-MCA_TEAM_01_PDR.pdf, page 46>
Package pdftex.def Info: Resources/LSPACE/LSPACE-MCA_TEAM_01_PDR.pdf , page46 u
sed on input line 214.
(pdftex.def)             Requested size: 597.78697pt x 773.60669pt.
File: Resources/LSPACE/LSPACE-MCA_TEAM_01_PDR.pdf Graphic file (type pdf)
<use Resources/LSPACE/LSPACE-MCA_TEAM_01_PDR.pdf, page 46>
Package pdftex.def Info: Resources/LSPACE/LSPACE-MCA_TEAM_01_PDR.pdf , page46 u
sed on input line 214.
(pdftex.def)             Requested size: 597.78697pt x 773.60669pt.
File: Resources/LSPACE/LSPACE-MCA_TEAM_01_PDR.pdf Graphic file (type pdf)
<use Resources/LSPACE/LSPACE-MCA_TEAM_01_PDR.pdf, page 46>
Package pdftex.def Info: Resources/LSPACE/LSPACE-MCA_TEAM_01_PDR.pdf , page46 u
sed on input line 214.
(pdftex.def)             Requested size: 597.78697pt x 773.60669pt.
 [498 <./Resources/LSPACE/LSPACE-MCA_TEAM_01_PDR.pdf>]
<Resources/LSPACE/LSPACE-MCA_TEAM_01_PDR.pdf, id=4589, page=47, 614.295pt x 794
.97pt>
File: Resources/LSPACE/LSPACE-MCA_TEAM_01_PDR.pdf Graphic file (type pdf)
<use Resources/LSPACE/LSPACE-MCA_TEAM_01_PDR.pdf, page 47>
Package pdftex.def Info: Resources/LSPACE/LSPACE-MCA_TEAM_01_PDR.pdf , page47 u
sed on input line 214.
(pdftex.def)             Requested size: 597.78697pt x 773.60669pt.
File: Resources/LSPACE/LSPACE-MCA_TEAM_01_PDR.pdf Graphic file (type pdf)
<use Resources/LSPACE/LSPACE-MCA_TEAM_01_PDR.pdf, page 47>
Package pdftex.def Info: Resources/LSPACE/LSPACE-MCA_TEAM_01_PDR.pdf , page47 u
sed on input line 214.
(pdftex.def)             Requested size: 597.78697pt x 773.60669pt.
File: Resources/LSPACE/LSPACE-MCA_TEAM_01_PDR.pdf Graphic file (type pdf)
<use Resources/LSPACE/LSPACE-MCA_TEAM_01_PDR.pdf, page 47>
Package pdftex.def Info: Resources/LSPACE/LSPACE-MCA_TEAM_01_PDR.pdf , page47 u
sed on input line 214.
(pdftex.def)             Requested size: 597.78697pt x 773.60669pt.

[499 <./Resources/LSPACE/LSPACE-MCA_TEAM_01_PDR.pdf>]
<Resources/LSPACE/LSPACE-MCA_TEAM_01_PDR.pdf, id=4599, page=48, 614.295pt x 794
.97pt>
File: Resources/LSPACE/LSPACE-MCA_TEAM_01_PDR.pdf Graphic file (type pdf)
<use Resources/LSPACE/LSPACE-MCA_TEAM_01_PDR.pdf, page 48>
Package pdftex.def Info: Resources/LSPACE/LSPACE-MCA_TEAM_01_PDR.pdf , page48 u
sed on input line 214.
(pdftex.def)             Requested size: 597.78697pt x 773.60669pt.
File: Resources/LSPACE/LSPACE-MCA_TEAM_01_PDR.pdf Graphic file (type pdf)
<use Resources/LSPACE/LSPACE-MCA_TEAM_01_PDR.pdf, page 48>
Package pdftex.def Info: Resources/LSPACE/LSPACE-MCA_TEAM_01_PDR.pdf , page48 u
sed on input line 214.
(pdftex.def)             Requested size: 597.78697pt x 773.60669pt.
File: Resources/LSPACE/LSPACE-MCA_TEAM_01_PDR.pdf Graphic file (type pdf)
<use Resources/LSPACE/LSPACE-MCA_TEAM_01_PDR.pdf, page 48>
Package pdftex.def Info: Resources/LSPACE/LSPACE-MCA_TEAM_01_PDR.pdf , page48 u
sed on input line 214.
(pdftex.def)             Requested size: 597.78697pt x 773.60669pt.
 [500 <./Resources/LSPACE/LSPACE-MCA_TEAM_01_PDR.pdf>]
<Resources/LSPACE/LSPACE-MCA_TEAM_01_PDR.pdf, id=4608, page=49, 794.97pt x 614.
295pt>
File: Resources/LSPACE/LSPACE-MCA_TEAM_01_PDR.pdf Graphic file (type pdf)
<use Resources/LSPACE/LSPACE-MCA_TEAM_01_PDR.pdf, page 49>
Package pdftex.def Info: Resources/LSPACE/LSPACE-MCA_TEAM_01_PDR.pdf , page49 u
sed on input line 214.
(pdftex.def)             Requested size: 773.60669pt x 597.78697pt.
File: Resources/LSPACE/LSPACE-MCA_TEAM_01_PDR.pdf Graphic file (type pdf)
<use Resources/LSPACE/LSPACE-MCA_TEAM_01_PDR.pdf, page 49>
Package pdftex.def Info: Resources/LSPACE/LSPACE-MCA_TEAM_01_PDR.pdf , page49 u
sed on input line 214.
(pdftex.def)             Requested size: 773.60669pt x 597.78697pt.
File: Resources/LSPACE/LSPACE-MCA_TEAM_01_PDR.pdf Graphic file (type pdf)
<use Resources/LSPACE/LSPACE-MCA_TEAM_01_PDR.pdf, page 49>
Package pdftex.def Info: Resources/LSPACE/LSPACE-MCA_TEAM_01_PDR.pdf , page49 u
sed on input line 214.
(pdftex.def)             Requested size: 773.60669pt x 597.78697pt.
 [501 <./Resources/LSPACE/LSPACE-MCA_TEAM_01_PDR.pdf>]
<Resources/LSPACE/LSPACE-MCA_TEAM_01_PDR.pdf, id=4617, page=50, 794.97pt x 614.
295pt>
File: Resources/LSPACE/LSPACE-MCA_TEAM_01_PDR.pdf Graphic file (type pdf)
<use Resources/LSPACE/LSPACE-MCA_TEAM_01_PDR.pdf, page 50>
Package pdftex.def Info: Resources/LSPACE/LSPACE-MCA_TEAM_01_PDR.pdf , page50 u
sed on input line 214.
(pdftex.def)             Requested size: 773.60669pt x 597.78697pt.
File: Resources/LSPACE/LSPACE-MCA_TEAM_01_PDR.pdf Graphic file (type pdf)
<use Resources/LSPACE/LSPACE-MCA_TEAM_01_PDR.pdf, page 50>
Package pdftex.def Info: Resources/LSPACE/LSPACE-MCA_TEAM_01_PDR.pdf , page50 u
sed on input line 214.
(pdftex.def)             Requested size: 773.60669pt x 597.78697pt.
File: Resources/LSPACE/LSPACE-MCA_TEAM_01_PDR.pdf Graphic file (type pdf)
<use Resources/LSPACE/LSPACE-MCA_TEAM_01_PDR.pdf, page 50>
Package pdftex.def Info: Resources/LSPACE/LSPACE-MCA_TEAM_01_PDR.pdf , page50 u
sed on input line 214.
(pdftex.def)             Requested size: 773.60669pt x 597.78697pt.
 [502 <./Resources/LSPACE/LSPACE-MCA_TEAM_01_PDR.pdf>]
<Resources/LSPACE/LSPACE-MCA_TEAM_01_PDR.pdf, id=4626, page=51, 794.97pt x 614.
295pt>
File: Resources/LSPACE/LSPACE-MCA_TEAM_01_PDR.pdf Graphic file (type pdf)
<use Resources/LSPACE/LSPACE-MCA_TEAM_01_PDR.pdf, page 51>
Package pdftex.def Info: Resources/LSPACE/LSPACE-MCA_TEAM_01_PDR.pdf , page51 u
sed on input line 214.
(pdftex.def)             Requested size: 773.60669pt x 597.78697pt.
File: Resources/LSPACE/LSPACE-MCA_TEAM_01_PDR.pdf Graphic file (type pdf)
<use Resources/LSPACE/LSPACE-MCA_TEAM_01_PDR.pdf, page 51>
Package pdftex.def Info: Resources/LSPACE/LSPACE-MCA_TEAM_01_PDR.pdf , page51 u
sed on input line 214.
(pdftex.def)             Requested size: 773.60669pt x 597.78697pt.
File: Resources/LSPACE/LSPACE-MCA_TEAM_01_PDR.pdf Graphic file (type pdf)
<use Resources/LSPACE/LSPACE-MCA_TEAM_01_PDR.pdf, page 51>
Package pdftex.def Info: Resources/LSPACE/LSPACE-MCA_TEAM_01_PDR.pdf , page51 u
sed on input line 214.
(pdftex.def)             Requested size: 773.60669pt x 597.78697pt.
 [503 <./Resources/LSPACE/LSPACE-MCA_TEAM_01_PDR.pdf>]
<Resources/LSPACE/LSPACE-MCA_TEAM_01_PDR.pdf, id=4635, page=52, 794.97pt x 614.
295pt>
File: Resources/LSPACE/LSPACE-MCA_TEAM_01_PDR.pdf Graphic file (type pdf)
<use Resources/LSPACE/LSPACE-MCA_TEAM_01_PDR.pdf, page 52>
Package pdftex.def Info: Resources/LSPACE/LSPACE-MCA_TEAM_01_PDR.pdf , page52 u
sed on input line 214.
(pdftex.def)             Requested size: 773.60669pt x 597.78697pt.
File: Resources/LSPACE/LSPACE-MCA_TEAM_01_PDR.pdf Graphic file (type pdf)
<use Resources/LSPACE/LSPACE-MCA_TEAM_01_PDR.pdf, page 52>
Package pdftex.def Info: Resources/LSPACE/LSPACE-MCA_TEAM_01_PDR.pdf , page52 u
sed on input line 214.
(pdftex.def)             Requested size: 773.60669pt x 597.78697pt.
File: Resources/LSPACE/LSPACE-MCA_TEAM_01_PDR.pdf Graphic file (type pdf)
<use Resources/LSPACE/LSPACE-MCA_TEAM_01_PDR.pdf, page 52>
Package pdftex.def Info: Resources/LSPACE/LSPACE-MCA_TEAM_01_PDR.pdf , page52 u
sed on input line 214.
(pdftex.def)             Requested size: 773.60669pt x 597.78697pt.
 [504 <./Resources/LSPACE/LSPACE-MCA_TEAM_01_PDR.pdf>]
<Resources/LSPACE/LSPACE-MCA_TEAM_01_PDR.pdf, id=4644, page=53, 794.97pt x 614.
295pt>
File: Resources/LSPACE/LSPACE-MCA_TEAM_01_PDR.pdf Graphic file (type pdf)
<use Resources/LSPACE/LSPACE-MCA_TEAM_01_PDR.pdf, page 53>
Package pdftex.def Info: Resources/LSPACE/LSPACE-MCA_TEAM_01_PDR.pdf , page53 u
sed on input line 214.
(pdftex.def)             Requested size: 773.60669pt x 597.78697pt.
File: Resources/LSPACE/LSPACE-MCA_TEAM_01_PDR.pdf Graphic file (type pdf)
<use Resources/LSPACE/LSPACE-MCA_TEAM_01_PDR.pdf, page 53>
Package pdftex.def Info: Resources/LSPACE/LSPACE-MCA_TEAM_01_PDR.pdf , page53 u
sed on input line 214.
(pdftex.def)             Requested size: 773.60669pt x 597.78697pt.
File: Resources/LSPACE/LSPACE-MCA_TEAM_01_PDR.pdf Graphic file (type pdf)
<use Resources/LSPACE/LSPACE-MCA_TEAM_01_PDR.pdf, page 53>
Package pdftex.def Info: Resources/LSPACE/LSPACE-MCA_TEAM_01_PDR.pdf , page53 u
sed on input line 214.
(pdftex.def)             Requested size: 773.60669pt x 597.78697pt.
 [505 <./Resources/LSPACE/LSPACE-MCA_TEAM_01_PDR.pdf>]
<Resources/LSPACE/LSPACE-MCA_TEAM_01_PDR.pdf, id=4655, page=54, 614.295pt x 794
.97pt>
File: Resources/LSPACE/LSPACE-MCA_TEAM_01_PDR.pdf Graphic file (type pdf)
<use Resources/LSPACE/LSPACE-MCA_TEAM_01_PDR.pdf, page 54>
Package pdftex.def Info: Resources/LSPACE/LSPACE-MCA_TEAM_01_PDR.pdf , page54 u
sed on input line 214.
(pdftex.def)             Requested size: 597.78697pt x 773.60669pt.
File: Resources/LSPACE/LSPACE-MCA_TEAM_01_PDR.pdf Graphic file (type pdf)
<use Resources/LSPACE/LSPACE-MCA_TEAM_01_PDR.pdf, page 54>
Package pdftex.def Info: Resources/LSPACE/LSPACE-MCA_TEAM_01_PDR.pdf , page54 u
sed on input line 214.
(pdftex.def)             Requested size: 597.78697pt x 773.60669pt.
File: Resources/LSPACE/LSPACE-MCA_TEAM_01_PDR.pdf Graphic file (type pdf)
<use Resources/LSPACE/LSPACE-MCA_TEAM_01_PDR.pdf, page 54>
Package pdftex.def Info: Resources/LSPACE/LSPACE-MCA_TEAM_01_PDR.pdf , page54 u
sed on input line 214.
(pdftex.def)             Requested size: 597.78697pt x 773.60669pt.
 [506 <./Resources/LSPACE/LSPACE-MCA_TEAM_01_PDR.pdf>]
<Resources/LSPACE/LSPACE-MCA_TEAM_01_PDR.pdf, id=4664, page=55, 614.295pt x 794
.97pt>
File: Resources/LSPACE/LSPACE-MCA_TEAM_01_PDR.pdf Graphic file (type pdf)
<use Resources/LSPACE/LSPACE-MCA_TEAM_01_PDR.pdf, page 55>
Package pdftex.def Info: Resources/LSPACE/LSPACE-MCA_TEAM_01_PDR.pdf , page55 u
sed on input line 214.
(pdftex.def)             Requested size: 597.78697pt x 773.60669pt.
File: Resources/LSPACE/LSPACE-MCA_TEAM_01_PDR.pdf Graphic file (type pdf)
<use Resources/LSPACE/LSPACE-MCA_TEAM_01_PDR.pdf, page 55>
Package pdftex.def Info: Resources/LSPACE/LSPACE-MCA_TEAM_01_PDR.pdf , page55 u
sed on input line 214.
(pdftex.def)             Requested size: 597.78697pt x 773.60669pt.
File: Resources/LSPACE/LSPACE-MCA_TEAM_01_PDR.pdf Graphic file (type pdf)
<use Resources/LSPACE/LSPACE-MCA_TEAM_01_PDR.pdf, page 55>
Package pdftex.def Info: Resources/LSPACE/LSPACE-MCA_TEAM_01_PDR.pdf , page55 u
sed on input line 214.
(pdftex.def)             Requested size: 597.78697pt x 773.60669pt.
 [507 <./Resources/LSPACE/LSPACE-MCA_TEAM_01_PDR.pdf>]
<Resources/LSPACE/LSPACE-MCA_TEAM_01_PDR.pdf, id=4673, page=56, 614.295pt x 794
.97pt>
File: Resources/LSPACE/LSPACE-MCA_TEAM_01_PDR.pdf Graphic file (type pdf)
<use Resources/LSPACE/LSPACE-MCA_TEAM_01_PDR.pdf, page 56>
Package pdftex.def Info: Resources/LSPACE/LSPACE-MCA_TEAM_01_PDR.pdf , page56 u
sed on input line 214.
(pdftex.def)             Requested size: 597.78697pt x 773.60669pt.
File: Resources/LSPACE/LSPACE-MCA_TEAM_01_PDR.pdf Graphic file (type pdf)
<use Resources/LSPACE/LSPACE-MCA_TEAM_01_PDR.pdf, page 56>
Package pdftex.def Info: Resources/LSPACE/LSPACE-MCA_TEAM_01_PDR.pdf , page56 u
sed on input line 214.
(pdftex.def)             Requested size: 597.78697pt x 773.60669pt.
File: Resources/LSPACE/LSPACE-MCA_TEAM_01_PDR.pdf Graphic file (type pdf)
<use Resources/LSPACE/LSPACE-MCA_TEAM_01_PDR.pdf, page 56>
Package pdftex.def Info: Resources/LSPACE/LSPACE-MCA_TEAM_01_PDR.pdf , page56 u
sed on input line 214.
(pdftex.def)             Requested size: 597.78697pt x 773.60669pt.
 [508 <./Resources/LSPACE/LSPACE-MCA_TEAM_01_PDR.pdf>]
<Resources/LSPACE/LSPACE-MCA_TEAM_01_PDR.pdf, id=4682, page=57, 614.295pt x 794
.97pt>
File: Resources/LSPACE/LSPACE-MCA_TEAM_01_PDR.pdf Graphic file (type pdf)
<use Resources/LSPACE/LSPACE-MCA_TEAM_01_PDR.pdf, page 57>
Package pdftex.def Info: Resources/LSPACE/LSPACE-MCA_TEAM_01_PDR.pdf , page57 u
sed on input line 214.
(pdftex.def)             Requested size: 597.78697pt x 773.60669pt.
File: Resources/LSPACE/LSPACE-MCA_TEAM_01_PDR.pdf Graphic file (type pdf)
<use Resources/LSPACE/LSPACE-MCA_TEAM_01_PDR.pdf, page 57>
Package pdftex.def Info: Resources/LSPACE/LSPACE-MCA_TEAM_01_PDR.pdf , page57 u
sed on input line 214.
(pdftex.def)             Requested size: 597.78697pt x 773.60669pt.
File: Resources/LSPACE/LSPACE-MCA_TEAM_01_PDR.pdf Graphic file (type pdf)
<use Resources/LSPACE/LSPACE-MCA_TEAM_01_PDR.pdf, page 57>
Package pdftex.def Info: Resources/LSPACE/LSPACE-MCA_TEAM_01_PDR.pdf , page57 u
sed on input line 214.
(pdftex.def)             Requested size: 597.78697pt x 773.60669pt.
 [509 <./Resources/LSPACE/LSPACE-MCA_TEAM_01_PDR.pdf>]
<Resources/LSPACE/LSPACE-MCA_TEAM_01_PDR.pdf, id=4691, page=58, 614.295pt x 794
.97pt>
File: Resources/LSPACE/LSPACE-MCA_TEAM_01_PDR.pdf Graphic file (type pdf)
<use Resources/LSPACE/LSPACE-MCA_TEAM_01_PDR.pdf, page 58>
Package pdftex.def Info: Resources/LSPACE/LSPACE-MCA_TEAM_01_PDR.pdf , page58 u
sed on input line 214.
(pdftex.def)             Requested size: 597.78697pt x 773.60669pt.
File: Resources/LSPACE/LSPACE-MCA_TEAM_01_PDR.pdf Graphic file (type pdf)
<use Resources/LSPACE/LSPACE-MCA_TEAM_01_PDR.pdf, page 58>
Package pdftex.def Info: Resources/LSPACE/LSPACE-MCA_TEAM_01_PDR.pdf , page58 u
sed on input line 214.
(pdftex.def)             Requested size: 597.78697pt x 773.60669pt.
File: Resources/LSPACE/LSPACE-MCA_TEAM_01_PDR.pdf Graphic file (type pdf)
<use Resources/LSPACE/LSPACE-MCA_TEAM_01_PDR.pdf, page 58>
Package pdftex.def Info: Resources/LSPACE/LSPACE-MCA_TEAM_01_PDR.pdf , page58 u
sed on input line 214.
(pdftex.def)             Requested size: 597.78697pt x 773.60669pt.
 [510 <./Resources/LSPACE/LSPACE-MCA_TEAM_01_PDR.pdf>]
<Resources/LSPACE/LSPACE-MCA_TEAM_01_PDR.pdf, id=4700, page=59, 614.295pt x 794
.97pt>
File: Resources/LSPACE/LSPACE-MCA_TEAM_01_PDR.pdf Graphic file (type pdf)
<use Resources/LSPACE/LSPACE-MCA_TEAM_01_PDR.pdf, page 59>
Package pdftex.def Info: Resources/LSPACE/LSPACE-MCA_TEAM_01_PDR.pdf , page59 u
sed on input line 214.
(pdftex.def)             Requested size: 597.78697pt x 773.60669pt.
File: Resources/LSPACE/LSPACE-MCA_TEAM_01_PDR.pdf Graphic file (type pdf)
<use Resources/LSPACE/LSPACE-MCA_TEAM_01_PDR.pdf, page 59>
Package pdftex.def Info: Resources/LSPACE/LSPACE-MCA_TEAM_01_PDR.pdf , page59 u
sed on input line 214.
(pdftex.def)             Requested size: 597.78697pt x 773.60669pt.
File: Resources/LSPACE/LSPACE-MCA_TEAM_01_PDR.pdf Graphic file (type pdf)
<use Resources/LSPACE/LSPACE-MCA_TEAM_01_PDR.pdf, page 59>
Package pdftex.def Info: Resources/LSPACE/LSPACE-MCA_TEAM_01_PDR.pdf , page59 u
sed on input line 214.
(pdftex.def)             Requested size: 597.78697pt x 773.60669pt.
 [511 <./Resources/LSPACE/LSPACE-MCA_TEAM_01_PDR.pdf>]
<Resources/LSPACE/LSPACE-MCA_TEAM_01_PDR.pdf, id=4710, page=60, 614.295pt x 794
.97pt>
File: Resources/LSPACE/LSPACE-MCA_TEAM_01_PDR.pdf Graphic file (type pdf)
<use Resources/LSPACE/LSPACE-MCA_TEAM_01_PDR.pdf, page 60>
Package pdftex.def Info: Resources/LSPACE/LSPACE-MCA_TEAM_01_PDR.pdf , page60 u
sed on input line 214.
(pdftex.def)             Requested size: 597.78697pt x 773.60669pt.
File: Resources/LSPACE/LSPACE-MCA_TEAM_01_PDR.pdf Graphic file (type pdf)
<use Resources/LSPACE/LSPACE-MCA_TEAM_01_PDR.pdf, page 60>
Package pdftex.def Info: Resources/LSPACE/LSPACE-MCA_TEAM_01_PDR.pdf , page60 u
sed on input line 214.
(pdftex.def)             Requested size: 597.78697pt x 773.60669pt.
File: Resources/LSPACE/LSPACE-MCA_TEAM_01_PDR.pdf Graphic file (type pdf)
<use Resources/LSPACE/LSPACE-MCA_TEAM_01_PDR.pdf, page 60>
Package pdftex.def Info: Resources/LSPACE/LSPACE-MCA_TEAM_01_PDR.pdf , page60 u
sed on input line 214.
(pdftex.def)             Requested size: 597.78697pt x 773.60669pt.
 [512 <./Resources/LSPACE/LSPACE-MCA_TEAM_01_PDR.pdf>]
<Resources/LSPACE/LSPACE-MCA_TEAM_01_PDR.pdf, id=4721, page=61, 614.295pt x 794
.97pt>
File: Resources/LSPACE/LSPACE-MCA_TEAM_01_PDR.pdf Graphic file (type pdf)
<use Resources/LSPACE/LSPACE-MCA_TEAM_01_PDR.pdf, page 61>
Package pdftex.def Info: Resources/LSPACE/LSPACE-MCA_TEAM_01_PDR.pdf , page61 u
sed on input line 214.
(pdftex.def)             Requested size: 597.78697pt x 773.60669pt.
File: Resources/LSPACE/LSPACE-MCA_TEAM_01_PDR.pdf Graphic file (type pdf)
<use Resources/LSPACE/LSPACE-MCA_TEAM_01_PDR.pdf, page 61>
Package pdftex.def Info: Resources/LSPACE/LSPACE-MCA_TEAM_01_PDR.pdf , page61 u
sed on input line 214.
(pdftex.def)             Requested size: 597.78697pt x 773.60669pt.
File: Resources/LSPACE/LSPACE-MCA_TEAM_01_PDR.pdf Graphic file (type pdf)
<use Resources/LSPACE/LSPACE-MCA_TEAM_01_PDR.pdf, page 61>
Package pdftex.def Info: Resources/LSPACE/LSPACE-MCA_TEAM_01_PDR.pdf , page61 u
sed on input line 214.
(pdftex.def)             Requested size: 597.78697pt x 773.60669pt.
 [513 <./Resources/LSPACE/LSPACE-MCA_TEAM_01_PDR.pdf>]
<Resources/LSPACE/LSPACE-MCA_TEAM_01_PDR.pdf, id=4732, page=62, 614.295pt x 794
.97pt>
File: Resources/LSPACE/LSPACE-MCA_TEAM_01_PDR.pdf Graphic file (type pdf)
<use Resources/LSPACE/LSPACE-MCA_TEAM_01_PDR.pdf, page 62>
Package pdftex.def Info: Resources/LSPACE/LSPACE-MCA_TEAM_01_PDR.pdf , page62 u
sed on input line 214.
(pdftex.def)             Requested size: 597.78697pt x 773.60669pt.
File: Resources/LSPACE/LSPACE-MCA_TEAM_01_PDR.pdf Graphic file (type pdf)
<use Resources/LSPACE/LSPACE-MCA_TEAM_01_PDR.pdf, page 62>
Package pdftex.def Info: Resources/LSPACE/LSPACE-MCA_TEAM_01_PDR.pdf , page62 u
sed on input line 214.
(pdftex.def)             Requested size: 597.78697pt x 773.60669pt.
File: Resources/LSPACE/LSPACE-MCA_TEAM_01_PDR.pdf Graphic file (type pdf)
<use Resources/LSPACE/LSPACE-MCA_TEAM_01_PDR.pdf, page 62>
Package pdftex.def Info: Resources/LSPACE/LSPACE-MCA_TEAM_01_PDR.pdf , page62 u
sed on input line 214.
(pdftex.def)             Requested size: 597.78697pt x 773.60669pt.
 [514 <./Resources/LSPACE/LSPACE-MCA_TEAM_01_PDR.pdf>]
<Resources/LSPACE/LSPACE-MCA_TEAM_01_PDR.pdf, id=4741, page=63, 614.295pt x 794
.97pt>
File: Resources/LSPACE/LSPACE-MCA_TEAM_01_PDR.pdf Graphic file (type pdf)
<use Resources/LSPACE/LSPACE-MCA_TEAM_01_PDR.pdf, page 63>
Package pdftex.def Info: Resources/LSPACE/LSPACE-MCA_TEAM_01_PDR.pdf , page63 u
sed on input line 214.
(pdftex.def)             Requested size: 597.78697pt x 773.60669pt.
File: Resources/LSPACE/LSPACE-MCA_TEAM_01_PDR.pdf Graphic file (type pdf)
<use Resources/LSPACE/LSPACE-MCA_TEAM_01_PDR.pdf, page 63>
Package pdftex.def Info: Resources/LSPACE/LSPACE-MCA_TEAM_01_PDR.pdf , page63 u
sed on input line 214.
(pdftex.def)             Requested size: 597.78697pt x 773.60669pt.
File: Resources/LSPACE/LSPACE-MCA_TEAM_01_PDR.pdf Graphic file (type pdf)
<use Resources/LSPACE/LSPACE-MCA_TEAM_01_PDR.pdf, page 63>
Package pdftex.def Info: Resources/LSPACE/LSPACE-MCA_TEAM_01_PDR.pdf , page63 u
sed on input line 214.
(pdftex.def)             Requested size: 597.78697pt x 773.60669pt.

[515 <./Resources/LSPACE/LSPACE-MCA_TEAM_01_PDR.pdf>]
<Resources/LSPACE/LSPACE-MCA_TEAM_01_PDR.pdf, id=4750, page=64, 614.295pt x 794
.97pt>
File: Resources/LSPACE/LSPACE-MCA_TEAM_01_PDR.pdf Graphic file (type pdf)
<use Resources/LSPACE/LSPACE-MCA_TEAM_01_PDR.pdf, page 64>
Package pdftex.def Info: Resources/LSPACE/LSPACE-MCA_TEAM_01_PDR.pdf , page64 u
sed on input line 214.
(pdftex.def)             Requested size: 597.78697pt x 773.60669pt.
File: Resources/LSPACE/LSPACE-MCA_TEAM_01_PDR.pdf Graphic file (type pdf)
<use Resources/LSPACE/LSPACE-MCA_TEAM_01_PDR.pdf, page 64>
Package pdftex.def Info: Resources/LSPACE/LSPACE-MCA_TEAM_01_PDR.pdf , page64 u
sed on input line 214.
(pdftex.def)             Requested size: 597.78697pt x 773.60669pt.
File: Resources/LSPACE/LSPACE-MCA_TEAM_01_PDR.pdf Graphic file (type pdf)
<use Resources/LSPACE/LSPACE-MCA_TEAM_01_PDR.pdf, page 64>
Package pdftex.def Info: Resources/LSPACE/LSPACE-MCA_TEAM_01_PDR.pdf , page64 u
sed on input line 214.
(pdftex.def)             Requested size: 597.78697pt x 773.60669pt.
 [516 <./Resources/LSPACE/LSPACE-MCA_TEAM_01_PDR.pdf>]
<Resources/LSPACE/LSPACE-MCA_TEAM_01_PDR.pdf, id=4759, page=65, 614.295pt x 794
.97pt>
File: Resources/LSPACE/LSPACE-MCA_TEAM_01_PDR.pdf Graphic file (type pdf)
<use Resources/LSPACE/LSPACE-MCA_TEAM_01_PDR.pdf, page 65>
Package pdftex.def Info: Resources/LSPACE/LSPACE-MCA_TEAM_01_PDR.pdf , page65 u
sed on input line 214.
(pdftex.def)             Requested size: 597.78697pt x 773.60669pt.
File: Resources/LSPACE/LSPACE-MCA_TEAM_01_PDR.pdf Graphic file (type pdf)
<use Resources/LSPACE/LSPACE-MCA_TEAM_01_PDR.pdf, page 65>
Package pdftex.def Info: Resources/LSPACE/LSPACE-MCA_TEAM_01_PDR.pdf , page65 u
sed on input line 214.
(pdftex.def)             Requested size: 597.78697pt x 773.60669pt.
File: Resources/LSPACE/LSPACE-MCA_TEAM_01_PDR.pdf Graphic file (type pdf)
<use Resources/LSPACE/LSPACE-MCA_TEAM_01_PDR.pdf, page 65>
Package pdftex.def Info: Resources/LSPACE/LSPACE-MCA_TEAM_01_PDR.pdf , page65 u
sed on input line 214.
(pdftex.def)             Requested size: 597.78697pt x 773.60669pt.
 [517 <./Resources/LSPACE/LSPACE-MCA_TEAM_01_PDR.pdf>]
<Resources/LSPACE/LSPACE-MCA_TEAM_01_PDR.pdf, id=4769, page=66, 614.295pt x 794
.97pt>
File: Resources/LSPACE/LSPACE-MCA_TEAM_01_PDR.pdf Graphic file (type pdf)
<use Resources/LSPACE/LSPACE-MCA_TEAM_01_PDR.pdf, page 66>
Package pdftex.def Info: Resources/LSPACE/LSPACE-MCA_TEAM_01_PDR.pdf , page66 u
sed on input line 214.
(pdftex.def)             Requested size: 597.78697pt x 773.60669pt.
File: Resources/LSPACE/LSPACE-MCA_TEAM_01_PDR.pdf Graphic file (type pdf)
<use Resources/LSPACE/LSPACE-MCA_TEAM_01_PDR.pdf, page 66>
Package pdftex.def Info: Resources/LSPACE/LSPACE-MCA_TEAM_01_PDR.pdf , page66 u
sed on input line 214.
(pdftex.def)             Requested size: 597.78697pt x 773.60669pt.
File: Resources/LSPACE/LSPACE-MCA_TEAM_01_PDR.pdf Graphic file (type pdf)
<use Resources/LSPACE/LSPACE-MCA_TEAM_01_PDR.pdf, page 66>
Package pdftex.def Info: Resources/LSPACE/LSPACE-MCA_TEAM_01_PDR.pdf , page66 u
sed on input line 214.
(pdftex.def)             Requested size: 597.78697pt x 773.60669pt.
 [518 <./Resources/LSPACE/LSPACE-MCA_TEAM_01_PDR.pdf>]
<Resources/LSPACE/LSPACE-MCA_TEAM_01_PDR.pdf, id=4778, page=67, 614.295pt x 794
.97pt>
File: Resources/LSPACE/LSPACE-MCA_TEAM_01_PDR.pdf Graphic file (type pdf)
<use Resources/LSPACE/LSPACE-MCA_TEAM_01_PDR.pdf, page 67>
Package pdftex.def Info: Resources/LSPACE/LSPACE-MCA_TEAM_01_PDR.pdf , page67 u
sed on input line 214.
(pdftex.def)             Requested size: 597.78697pt x 773.60669pt.
File: Resources/LSPACE/LSPACE-MCA_TEAM_01_PDR.pdf Graphic file (type pdf)
<use Resources/LSPACE/LSPACE-MCA_TEAM_01_PDR.pdf, page 67>
Package pdftex.def Info: Resources/LSPACE/LSPACE-MCA_TEAM_01_PDR.pdf , page67 u
sed on input line 214.
(pdftex.def)             Requested size: 597.78697pt x 773.60669pt.
File: Resources/LSPACE/LSPACE-MCA_TEAM_01_PDR.pdf Graphic file (type pdf)
<use Resources/LSPACE/LSPACE-MCA_TEAM_01_PDR.pdf, page 67>
Package pdftex.def Info: Resources/LSPACE/LSPACE-MCA_TEAM_01_PDR.pdf , page67 u
sed on input line 214.
(pdftex.def)             Requested size: 597.78697pt x 773.60669pt.
 [519 <./Resources/LSPACE/LSPACE-MCA_TEAM_01_PDR.pdf>]
<Resources/LSPACE/LSPACE-MCA_TEAM_01_PDR.pdf, id=4787, page=68, 614.295pt x 794
.97pt>
File: Resources/LSPACE/LSPACE-MCA_TEAM_01_PDR.pdf Graphic file (type pdf)
<use Resources/LSPACE/LSPACE-MCA_TEAM_01_PDR.pdf, page 68>
Package pdftex.def Info: Resources/LSPACE/LSPACE-MCA_TEAM_01_PDR.pdf , page68 u
sed on input line 214.
(pdftex.def)             Requested size: 597.78697pt x 773.60669pt.
File: Resources/LSPACE/LSPACE-MCA_TEAM_01_PDR.pdf Graphic file (type pdf)
<use Resources/LSPACE/LSPACE-MCA_TEAM_01_PDR.pdf, page 68>
Package pdftex.def Info: Resources/LSPACE/LSPACE-MCA_TEAM_01_PDR.pdf , page68 u
sed on input line 214.
(pdftex.def)             Requested size: 597.78697pt x 773.60669pt.
File: Resources/LSPACE/LSPACE-MCA_TEAM_01_PDR.pdf Graphic file (type pdf)
<use Resources/LSPACE/LSPACE-MCA_TEAM_01_PDR.pdf, page 68>
Package pdftex.def Info: Resources/LSPACE/LSPACE-MCA_TEAM_01_PDR.pdf , page68 u
sed on input line 214.
(pdftex.def)             Requested size: 597.78697pt x 773.60669pt.
 [520 <./Resources/LSPACE/LSPACE-MCA_TEAM_01_PDR.pdf>]
<Resources/LSPACE/LSPACE-MCA_TEAM_01_PDR.pdf, id=4796, page=69, 614.295pt x 794
.97pt>
File: Resources/LSPACE/LSPACE-MCA_TEAM_01_PDR.pdf Graphic file (type pdf)
<use Resources/LSPACE/LSPACE-MCA_TEAM_01_PDR.pdf, page 69>
Package pdftex.def Info: Resources/LSPACE/LSPACE-MCA_TEAM_01_PDR.pdf , page69 u
sed on input line 214.
(pdftex.def)             Requested size: 597.78697pt x 773.60669pt.
File: Resources/LSPACE/LSPACE-MCA_TEAM_01_PDR.pdf Graphic file (type pdf)
<use Resources/LSPACE/LSPACE-MCA_TEAM_01_PDR.pdf, page 69>
Package pdftex.def Info: Resources/LSPACE/LSPACE-MCA_TEAM_01_PDR.pdf , page69 u
sed on input line 214.
(pdftex.def)             Requested size: 597.78697pt x 773.60669pt.
File: Resources/LSPACE/LSPACE-MCA_TEAM_01_PDR.pdf Graphic file (type pdf)
<use Resources/LSPACE/LSPACE-MCA_TEAM_01_PDR.pdf, page 69>
Package pdftex.def Info: Resources/LSPACE/LSPACE-MCA_TEAM_01_PDR.pdf , page69 u
sed on input line 214.
(pdftex.def)             Requested size: 597.78697pt x 773.60669pt.
 [521 <./Resources/LSPACE/LSPACE-MCA_TEAM_01_PDR.pdf>]
<Resources/LSPACE/LSPACE-MCA_TEAM_01_PDR.pdf, id=4810, page=70, 614.295pt x 794
.97pt>
File: Resources/LSPACE/LSPACE-MCA_TEAM_01_PDR.pdf Graphic file (type pdf)
<use Resources/LSPACE/LSPACE-MCA_TEAM_01_PDR.pdf, page 70>
Package pdftex.def Info: Resources/LSPACE/LSPACE-MCA_TEAM_01_PDR.pdf , page70 u
sed on input line 214.
(pdftex.def)             Requested size: 597.78697pt x 773.60669pt.
File: Resources/LSPACE/LSPACE-MCA_TEAM_01_PDR.pdf Graphic file (type pdf)
<use Resources/LSPACE/LSPACE-MCA_TEAM_01_PDR.pdf, page 70>
Package pdftex.def Info: Resources/LSPACE/LSPACE-MCA_TEAM_01_PDR.pdf , page70 u
sed on input line 214.
(pdftex.def)             Requested size: 597.78697pt x 773.60669pt.
File: Resources/LSPACE/LSPACE-MCA_TEAM_01_PDR.pdf Graphic file (type pdf)
<use Resources/LSPACE/LSPACE-MCA_TEAM_01_PDR.pdf, page 70>
Package pdftex.def Info: Resources/LSPACE/LSPACE-MCA_TEAM_01_PDR.pdf , page70 u
sed on input line 214.
(pdftex.def)             Requested size: 597.78697pt x 773.60669pt.
 [522 <./Resources/LSPACE/LSPACE-MCA_TEAM_01_PDR.pdf>]
<Resources/LSPACE/LSPACE-MCA_TEAM_01_PDR.pdf, id=4819, page=71, 614.295pt x 794
.97pt>
File: Resources/LSPACE/LSPACE-MCA_TEAM_01_PDR.pdf Graphic file (type pdf)
<use Resources/LSPACE/LSPACE-MCA_TEAM_01_PDR.pdf, page 71>
Package pdftex.def Info: Resources/LSPACE/LSPACE-MCA_TEAM_01_PDR.pdf , page71 u
sed on input line 214.
(pdftex.def)             Requested size: 597.78697pt x 773.60669pt.
File: Resources/LSPACE/LSPACE-MCA_TEAM_01_PDR.pdf Graphic file (type pdf)
<use Resources/LSPACE/LSPACE-MCA_TEAM_01_PDR.pdf, page 71>
Package pdftex.def Info: Resources/LSPACE/LSPACE-MCA_TEAM_01_PDR.pdf , page71 u
sed on input line 214.
(pdftex.def)             Requested size: 597.78697pt x 773.60669pt.
File: Resources/LSPACE/LSPACE-MCA_TEAM_01_PDR.pdf Graphic file (type pdf)
<use Resources/LSPACE/LSPACE-MCA_TEAM_01_PDR.pdf, page 71>
Package pdftex.def Info: Resources/LSPACE/LSPACE-MCA_TEAM_01_PDR.pdf , page71 u
sed on input line 214.
(pdftex.def)             Requested size: 597.78697pt x 773.60669pt.
 [523 <./Resources/LSPACE/LSPACE-MCA_TEAM_01_PDR.pdf>]
<Resources/LSPACE/LSPACE-MCA_TEAM_01_PDR.pdf, id=4829, page=72, 614.295pt x 794
.97pt>
File: Resources/LSPACE/LSPACE-MCA_TEAM_01_PDR.pdf Graphic file (type pdf)
<use Resources/LSPACE/LSPACE-MCA_TEAM_01_PDR.pdf, page 72>
Package pdftex.def Info: Resources/LSPACE/LSPACE-MCA_TEAM_01_PDR.pdf , page72 u
sed on input line 214.
(pdftex.def)             Requested size: 597.78697pt x 773.60669pt.
File: Resources/LSPACE/LSPACE-MCA_TEAM_01_PDR.pdf Graphic file (type pdf)
<use Resources/LSPACE/LSPACE-MCA_TEAM_01_PDR.pdf, page 72>
Package pdftex.def Info: Resources/LSPACE/LSPACE-MCA_TEAM_01_PDR.pdf , page72 u
sed on input line 214.
(pdftex.def)             Requested size: 597.78697pt x 773.60669pt.
File: Resources/LSPACE/LSPACE-MCA_TEAM_01_PDR.pdf Graphic file (type pdf)
<use Resources/LSPACE/LSPACE-MCA_TEAM_01_PDR.pdf, page 72>
Package pdftex.def Info: Resources/LSPACE/LSPACE-MCA_TEAM_01_PDR.pdf , page72 u
sed on input line 214.
(pdftex.def)             Requested size: 597.78697pt x 773.60669pt.
 [524 <./Resources/LSPACE/LSPACE-MCA_TEAM_01_PDR.pdf>]
<Resources/LSPACE/LSPACE-MCA_TEAM_01_PDR.pdf, id=4838, page=73, 614.295pt x 794
.97pt>
File: Resources/LSPACE/LSPACE-MCA_TEAM_01_PDR.pdf Graphic file (type pdf)
<use Resources/LSPACE/LSPACE-MCA_TEAM_01_PDR.pdf, page 73>
Package pdftex.def Info: Resources/LSPACE/LSPACE-MCA_TEAM_01_PDR.pdf , page73 u
sed on input line 214.
(pdftex.def)             Requested size: 597.78697pt x 773.60669pt.
File: Resources/LSPACE/LSPACE-MCA_TEAM_01_PDR.pdf Graphic file (type pdf)
<use Resources/LSPACE/LSPACE-MCA_TEAM_01_PDR.pdf, page 73>
Package pdftex.def Info: Resources/LSPACE/LSPACE-MCA_TEAM_01_PDR.pdf , page73 u
sed on input line 214.
(pdftex.def)             Requested size: 597.78697pt x 773.60669pt.
File: Resources/LSPACE/LSPACE-MCA_TEAM_01_PDR.pdf Graphic file (type pdf)
<use Resources/LSPACE/LSPACE-MCA_TEAM_01_PDR.pdf, page 73>
Package pdftex.def Info: Resources/LSPACE/LSPACE-MCA_TEAM_01_PDR.pdf , page73 u
sed on input line 214.
(pdftex.def)             Requested size: 597.78697pt x 773.60669pt.
 [525 <./Resources/LSPACE/LSPACE-MCA_TEAM_01_PDR.pdf>]
<Resources/LSPACE/LSPACE-MCA_TEAM_01_PDR.pdf, id=4847, page=74, 614.295pt x 794
.97pt>
File: Resources/LSPACE/LSPACE-MCA_TEAM_01_PDR.pdf Graphic file (type pdf)
<use Resources/LSPACE/LSPACE-MCA_TEAM_01_PDR.pdf, page 74>
Package pdftex.def Info: Resources/LSPACE/LSPACE-MCA_TEAM_01_PDR.pdf , page74 u
sed on input line 214.
(pdftex.def)             Requested size: 597.78697pt x 773.60669pt.
File: Resources/LSPACE/LSPACE-MCA_TEAM_01_PDR.pdf Graphic file (type pdf)
<use Resources/LSPACE/LSPACE-MCA_TEAM_01_PDR.pdf, page 74>
Package pdftex.def Info: Resources/LSPACE/LSPACE-MCA_TEAM_01_PDR.pdf , page74 u
sed on input line 214.
(pdftex.def)             Requested size: 597.78697pt x 773.60669pt.
File: Resources/LSPACE/LSPACE-MCA_TEAM_01_PDR.pdf Graphic file (type pdf)
<use Resources/LSPACE/LSPACE-MCA_TEAM_01_PDR.pdf, page 74>
Package pdftex.def Info: Resources/LSPACE/LSPACE-MCA_TEAM_01_PDR.pdf , page74 u
sed on input line 214.
(pdftex.def)             Requested size: 597.78697pt x 773.60669pt.
 [526 <./Resources/LSPACE/LSPACE-MCA_TEAM_01_PDR.pdf>]
<Resources/LSPACE/LSPACE-MCA_TEAM_01_PDR.pdf, id=4856, page=75, 614.295pt x 794
.97pt>
File: Resources/LSPACE/LSPACE-MCA_TEAM_01_PDR.pdf Graphic file (type pdf)
<use Resources/LSPACE/LSPACE-MCA_TEAM_01_PDR.pdf, page 75>
Package pdftex.def Info: Resources/LSPACE/LSPACE-MCA_TEAM_01_PDR.pdf , page75 u
sed on input line 214.
(pdftex.def)             Requested size: 597.78697pt x 773.60669pt.
File: Resources/LSPACE/LSPACE-MCA_TEAM_01_PDR.pdf Graphic file (type pdf)
<use Resources/LSPACE/LSPACE-MCA_TEAM_01_PDR.pdf, page 75>
Package pdftex.def Info: Resources/LSPACE/LSPACE-MCA_TEAM_01_PDR.pdf , page75 u
sed on input line 214.
(pdftex.def)             Requested size: 597.78697pt x 773.60669pt.
File: Resources/LSPACE/LSPACE-MCA_TEAM_01_PDR.pdf Graphic file (type pdf)
<use Resources/LSPACE/LSPACE-MCA_TEAM_01_PDR.pdf, page 75>
Package pdftex.def Info: Resources/LSPACE/LSPACE-MCA_TEAM_01_PDR.pdf , page75 u
sed on input line 214.
(pdftex.def)             Requested size: 597.78697pt x 773.60669pt.
 [527 <./Resources/LSPACE/LSPACE-MCA_TEAM_01_PDR.pdf>]
<Resources/LSPACE/LSPACE-MCA_TEAM_01_PDR.pdf, id=4865, page=76, 614.295pt x 794
.97pt>
File: Resources/LSPACE/LSPACE-MCA_TEAM_01_PDR.pdf Graphic file (type pdf)
<use Resources/LSPACE/LSPACE-MCA_TEAM_01_PDR.pdf, page 76>
Package pdftex.def Info: Resources/LSPACE/LSPACE-MCA_TEAM_01_PDR.pdf , page76 u
sed on input line 214.
(pdftex.def)             Requested size: 597.78697pt x 773.60669pt.
File: Resources/LSPACE/LSPACE-MCA_TEAM_01_PDR.pdf Graphic file (type pdf)
<use Resources/LSPACE/LSPACE-MCA_TEAM_01_PDR.pdf, page 76>
Package pdftex.def Info: Resources/LSPACE/LSPACE-MCA_TEAM_01_PDR.pdf , page76 u
sed on input line 214.
(pdftex.def)             Requested size: 597.78697pt x 773.60669pt.
File: Resources/LSPACE/LSPACE-MCA_TEAM_01_PDR.pdf Graphic file (type pdf)
<use Resources/LSPACE/LSPACE-MCA_TEAM_01_PDR.pdf, page 76>
Package pdftex.def Info: Resources/LSPACE/LSPACE-MCA_TEAM_01_PDR.pdf , page76 u
sed on input line 214.
(pdftex.def)             Requested size: 597.78697pt x 773.60669pt.
 [528 <./Resources/LSPACE/LSPACE-MCA_TEAM_01_PDR.pdf>]
<Resources/LSPACE/LSPACE-MCA_TEAM_01_PDR.pdf, id=4874, page=77, 614.295pt x 794
.97pt>
File: Resources/LSPACE/LSPACE-MCA_TEAM_01_PDR.pdf Graphic file (type pdf)
<use Resources/LSPACE/LSPACE-MCA_TEAM_01_PDR.pdf, page 77>
Package pdftex.def Info: Resources/LSPACE/LSPACE-MCA_TEAM_01_PDR.pdf , page77 u
sed on input line 214.
(pdftex.def)             Requested size: 597.78697pt x 773.60669pt.
File: Resources/LSPACE/LSPACE-MCA_TEAM_01_PDR.pdf Graphic file (type pdf)
<use Resources/LSPACE/LSPACE-MCA_TEAM_01_PDR.pdf, page 77>
Package pdftex.def Info: Resources/LSPACE/LSPACE-MCA_TEAM_01_PDR.pdf , page77 u
sed on input line 214.
(pdftex.def)             Requested size: 597.78697pt x 773.60669pt.
File: Resources/LSPACE/LSPACE-MCA_TEAM_01_PDR.pdf Graphic file (type pdf)
<use Resources/LSPACE/LSPACE-MCA_TEAM_01_PDR.pdf, page 77>
Package pdftex.def Info: Resources/LSPACE/LSPACE-MCA_TEAM_01_PDR.pdf , page77 u
sed on input line 214.
(pdftex.def)             Requested size: 597.78697pt x 773.60669pt.
 [529 <./Resources/LSPACE/LSPACE-MCA_TEAM_01_PDR.pdf>]
<Resources/LSPACE/LSPACE-MCA_TEAM_01_PDR.pdf, id=4884, page=78, 614.295pt x 794
.97pt>
File: Resources/LSPACE/LSPACE-MCA_TEAM_01_PDR.pdf Graphic file (type pdf)
<use Resources/LSPACE/LSPACE-MCA_TEAM_01_PDR.pdf, page 78>
Package pdftex.def Info: Resources/LSPACE/LSPACE-MCA_TEAM_01_PDR.pdf , page78 u
sed on input line 214.
(pdftex.def)             Requested size: 597.78697pt x 773.60669pt.
File: Resources/LSPACE/LSPACE-MCA_TEAM_01_PDR.pdf Graphic file (type pdf)
<use Resources/LSPACE/LSPACE-MCA_TEAM_01_PDR.pdf, page 78>
Package pdftex.def Info: Resources/LSPACE/LSPACE-MCA_TEAM_01_PDR.pdf , page78 u
sed on input line 214.
(pdftex.def)             Requested size: 597.78697pt x 773.60669pt.
File: Resources/LSPACE/LSPACE-MCA_TEAM_01_PDR.pdf Graphic file (type pdf)
<use Resources/LSPACE/LSPACE-MCA_TEAM_01_PDR.pdf, page 78>
Package pdftex.def Info: Resources/LSPACE/LSPACE-MCA_TEAM_01_PDR.pdf , page78 u
sed on input line 214.
(pdftex.def)             Requested size: 597.78697pt x 773.60669pt.
 [530 <./Resources/LSPACE/LSPACE-MCA_TEAM_01_PDR.pdf>]
<Resources/LSPACE/LSPACE-MCA_TEAM_01_PDR.pdf, id=4893, page=79, 614.295pt x 794
.97pt>
File: Resources/LSPACE/LSPACE-MCA_TEAM_01_PDR.pdf Graphic file (type pdf)
<use Resources/LSPACE/LSPACE-MCA_TEAM_01_PDR.pdf, page 79>
Package pdftex.def Info: Resources/LSPACE/LSPACE-MCA_TEAM_01_PDR.pdf , page79 u
sed on input line 214.
(pdftex.def)             Requested size: 597.78697pt x 773.60669pt.
File: Resources/LSPACE/LSPACE-MCA_TEAM_01_PDR.pdf Graphic file (type pdf)
<use Resources/LSPACE/LSPACE-MCA_TEAM_01_PDR.pdf, page 79>
Package pdftex.def Info: Resources/LSPACE/LSPACE-MCA_TEAM_01_PDR.pdf , page79 u
sed on input line 214.
(pdftex.def)             Requested size: 597.78697pt x 773.60669pt.
File: Resources/LSPACE/LSPACE-MCA_TEAM_01_PDR.pdf Graphic file (type pdf)
<use Resources/LSPACE/LSPACE-MCA_TEAM_01_PDR.pdf, page 79>
Package pdftex.def Info: Resources/LSPACE/LSPACE-MCA_TEAM_01_PDR.pdf , page79 u
sed on input line 214.
(pdftex.def)             Requested size: 597.78697pt x 773.60669pt.

[531 <./Resources/LSPACE/LSPACE-MCA_TEAM_01_PDR.pdf>]
<Resources/LSPACE/LSPACE-MCA_TEAM_01_PDR.pdf, id=4902, page=80, 614.295pt x 794
.97pt>
File: Resources/LSPACE/LSPACE-MCA_TEAM_01_PDR.pdf Graphic file (type pdf)
<use Resources/LSPACE/LSPACE-MCA_TEAM_01_PDR.pdf, page 80>
Package pdftex.def Info: Resources/LSPACE/LSPACE-MCA_TEAM_01_PDR.pdf , page80 u
sed on input line 214.
(pdftex.def)             Requested size: 597.78697pt x 773.60669pt.
File: Resources/LSPACE/LSPACE-MCA_TEAM_01_PDR.pdf Graphic file (type pdf)
<use Resources/LSPACE/LSPACE-MCA_TEAM_01_PDR.pdf, page 80>
Package pdftex.def Info: Resources/LSPACE/LSPACE-MCA_TEAM_01_PDR.pdf , page80 u
sed on input line 214.
(pdftex.def)             Requested size: 597.78697pt x 773.60669pt.
File: Resources/LSPACE/LSPACE-MCA_TEAM_01_PDR.pdf Graphic file (type pdf)
<use Resources/LSPACE/LSPACE-MCA_TEAM_01_PDR.pdf, page 80>
Package pdftex.def Info: Resources/LSPACE/LSPACE-MCA_TEAM_01_PDR.pdf , page80 u
sed on input line 214.
(pdftex.def)             Requested size: 597.78697pt x 773.60669pt.
 [532 <./Resources/LSPACE/LSPACE-MCA_TEAM_01_PDR.pdf>]
<Resources/LSPACE/LSPACE-MCA_TEAM_01_PDR.pdf, id=4911, page=81, 614.295pt x 794
.97pt>
File: Resources/LSPACE/LSPACE-MCA_TEAM_01_PDR.pdf Graphic file (type pdf)
<use Resources/LSPACE/LSPACE-MCA_TEAM_01_PDR.pdf, page 81>
Package pdftex.def Info: Resources/LSPACE/LSPACE-MCA_TEAM_01_PDR.pdf , page81 u
sed on input line 214.
(pdftex.def)             Requested size: 597.78697pt x 773.60669pt.
File: Resources/LSPACE/LSPACE-MCA_TEAM_01_PDR.pdf Graphic file (type pdf)
<use Resources/LSPACE/LSPACE-MCA_TEAM_01_PDR.pdf, page 81>
Package pdftex.def Info: Resources/LSPACE/LSPACE-MCA_TEAM_01_PDR.pdf , page81 u
sed on input line 214.
(pdftex.def)             Requested size: 597.78697pt x 773.60669pt.
File: Resources/LSPACE/LSPACE-MCA_TEAM_01_PDR.pdf Graphic file (type pdf)
<use Resources/LSPACE/LSPACE-MCA_TEAM_01_PDR.pdf, page 81>
Package pdftex.def Info: Resources/LSPACE/LSPACE-MCA_TEAM_01_PDR.pdf , page81 u
sed on input line 214.
(pdftex.def)             Requested size: 597.78697pt x 773.60669pt.
 [533 <./Resources/LSPACE/LSPACE-MCA_TEAM_01_PDR.pdf>]
<Resources/LSPACE/LSPACE-MCA_TEAM_01_PDR.pdf, id=4920, page=82, 614.295pt x 794
.97pt>
File: Resources/LSPACE/LSPACE-MCA_TEAM_01_PDR.pdf Graphic file (type pdf)
<use Resources/LSPACE/LSPACE-MCA_TEAM_01_PDR.pdf, page 82>
Package pdftex.def Info: Resources/LSPACE/LSPACE-MCA_TEAM_01_PDR.pdf , page82 u
sed on input line 214.
(pdftex.def)             Requested size: 597.78697pt x 773.60669pt.
File: Resources/LSPACE/LSPACE-MCA_TEAM_01_PDR.pdf Graphic file (type pdf)
<use Resources/LSPACE/LSPACE-MCA_TEAM_01_PDR.pdf, page 82>
Package pdftex.def Info: Resources/LSPACE/LSPACE-MCA_TEAM_01_PDR.pdf , page82 u
sed on input line 214.
(pdftex.def)             Requested size: 597.78697pt x 773.60669pt.
File: Resources/LSPACE/LSPACE-MCA_TEAM_01_PDR.pdf Graphic file (type pdf)
<use Resources/LSPACE/LSPACE-MCA_TEAM_01_PDR.pdf, page 82>
Package pdftex.def Info: Resources/LSPACE/LSPACE-MCA_TEAM_01_PDR.pdf , page82 u
sed on input line 214.
(pdftex.def)             Requested size: 597.78697pt x 773.60669pt.
 [534 <./Resources/LSPACE/LSPACE-MCA_TEAM_01_PDR.pdf>]
<Resources/LSPACE/LSPACE-MCA_TEAM_01_PDR.pdf, id=4929, page=83, 614.295pt x 794
.97pt>
File: Resources/LSPACE/LSPACE-MCA_TEAM_01_PDR.pdf Graphic file (type pdf)
<use Resources/LSPACE/LSPACE-MCA_TEAM_01_PDR.pdf, page 83>
Package pdftex.def Info: Resources/LSPACE/LSPACE-MCA_TEAM_01_PDR.pdf , page83 u
sed on input line 214.
(pdftex.def)             Requested size: 597.78697pt x 773.60669pt.
File: Resources/LSPACE/LSPACE-MCA_TEAM_01_PDR.pdf Graphic file (type pdf)
<use Resources/LSPACE/LSPACE-MCA_TEAM_01_PDR.pdf, page 83>
Package pdftex.def Info: Resources/LSPACE/LSPACE-MCA_TEAM_01_PDR.pdf , page83 u
sed on input line 214.
(pdftex.def)             Requested size: 597.78697pt x 773.60669pt.
File: Resources/LSPACE/LSPACE-MCA_TEAM_01_PDR.pdf Graphic file (type pdf)
<use Resources/LSPACE/LSPACE-MCA_TEAM_01_PDR.pdf, page 83>
Package pdftex.def Info: Resources/LSPACE/LSPACE-MCA_TEAM_01_PDR.pdf , page83 u
sed on input line 214.
(pdftex.def)             Requested size: 597.78697pt x 773.60669pt.
 [535 <./Resources/LSPACE/LSPACE-MCA_TEAM_01_PDR.pdf>]
<Resources/LSPACE/LSPACE-MCA_TEAM_01_PDR.pdf, id=4939, page=84, 614.295pt x 794
.97pt>
File: Resources/LSPACE/LSPACE-MCA_TEAM_01_PDR.pdf Graphic file (type pdf)
<use Resources/LSPACE/LSPACE-MCA_TEAM_01_PDR.pdf, page 84>
Package pdftex.def Info: Resources/LSPACE/LSPACE-MCA_TEAM_01_PDR.pdf , page84 u
sed on input line 214.
(pdftex.def)             Requested size: 597.78697pt x 773.60669pt.
File: Resources/LSPACE/LSPACE-MCA_TEAM_01_PDR.pdf Graphic file (type pdf)
<use Resources/LSPACE/LSPACE-MCA_TEAM_01_PDR.pdf, page 84>
Package pdftex.def Info: Resources/LSPACE/LSPACE-MCA_TEAM_01_PDR.pdf , page84 u
sed on input line 214.
(pdftex.def)             Requested size: 597.78697pt x 773.60669pt.
File: Resources/LSPACE/LSPACE-MCA_TEAM_01_PDR.pdf Graphic file (type pdf)
<use Resources/LSPACE/LSPACE-MCA_TEAM_01_PDR.pdf, page 84>
Package pdftex.def Info: Resources/LSPACE/LSPACE-MCA_TEAM_01_PDR.pdf , page84 u
sed on input line 214.
(pdftex.def)             Requested size: 597.78697pt x 773.60669pt.
 [536 <./Resources/LSPACE/LSPACE-MCA_TEAM_01_PDR.pdf>]
<Resources/LSPACE/LSPACE-MCA_TEAM_01_PDR.pdf, id=4948, page=85, 614.295pt x 794
.97pt>
File: Resources/LSPACE/LSPACE-MCA_TEAM_01_PDR.pdf Graphic file (type pdf)
<use Resources/LSPACE/LSPACE-MCA_TEAM_01_PDR.pdf, page 85>
Package pdftex.def Info: Resources/LSPACE/LSPACE-MCA_TEAM_01_PDR.pdf , page85 u
sed on input line 214.
(pdftex.def)             Requested size: 597.78697pt x 773.60669pt.
File: Resources/LSPACE/LSPACE-MCA_TEAM_01_PDR.pdf Graphic file (type pdf)
<use Resources/LSPACE/LSPACE-MCA_TEAM_01_PDR.pdf, page 85>
Package pdftex.def Info: Resources/LSPACE/LSPACE-MCA_TEAM_01_PDR.pdf , page85 u
sed on input line 214.
(pdftex.def)             Requested size: 597.78697pt x 773.60669pt.
File: Resources/LSPACE/LSPACE-MCA_TEAM_01_PDR.pdf Graphic file (type pdf)
<use Resources/LSPACE/LSPACE-MCA_TEAM_01_PDR.pdf, page 85>
Package pdftex.def Info: Resources/LSPACE/LSPACE-MCA_TEAM_01_PDR.pdf , page85 u
sed on input line 214.
(pdftex.def)             Requested size: 597.78697pt x 773.60669pt.
 [537 <./Resources/LSPACE/LSPACE-MCA_TEAM_01_PDR.pdf>]
<Resources/LSPACE/LSPACE-MCA_TEAM_01_PDR.pdf, id=4960, page=86, 614.295pt x 794
.97pt>
File: Resources/LSPACE/LSPACE-MCA_TEAM_01_PDR.pdf Graphic file (type pdf)
<use Resources/LSPACE/LSPACE-MCA_TEAM_01_PDR.pdf, page 86>
Package pdftex.def Info: Resources/LSPACE/LSPACE-MCA_TEAM_01_PDR.pdf , page86 u
sed on input line 214.
(pdftex.def)             Requested size: 597.78697pt x 773.60669pt.
File: Resources/LSPACE/LSPACE-MCA_TEAM_01_PDR.pdf Graphic file (type pdf)
<use Resources/LSPACE/LSPACE-MCA_TEAM_01_PDR.pdf, page 86>
Package pdftex.def Info: Resources/LSPACE/LSPACE-MCA_TEAM_01_PDR.pdf , page86 u
sed on input line 214.
(pdftex.def)             Requested size: 597.78697pt x 773.60669pt.
File: Resources/LSPACE/LSPACE-MCA_TEAM_01_PDR.pdf Graphic file (type pdf)
<use Resources/LSPACE/LSPACE-MCA_TEAM_01_PDR.pdf, page 86>
Package pdftex.def Info: Resources/LSPACE/LSPACE-MCA_TEAM_01_PDR.pdf , page86 u
sed on input line 214.
(pdftex.def)             Requested size: 597.78697pt x 773.60669pt.
 [538 <./Resources/LSPACE/LSPACE-MCA_TEAM_01_PDR.pdf>]
<Resources/LSPACE/LSPACE-MCA_TEAM_01_PDR.pdf, id=4969, page=87, 614.295pt x 794
.97pt>
File: Resources/LSPACE/LSPACE-MCA_TEAM_01_PDR.pdf Graphic file (type pdf)
<use Resources/LSPACE/LSPACE-MCA_TEAM_01_PDR.pdf, page 87>
Package pdftex.def Info: Resources/LSPACE/LSPACE-MCA_TEAM_01_PDR.pdf , page87 u
sed on input line 214.
(pdftex.def)             Requested size: 597.78697pt x 773.60669pt.
File: Resources/LSPACE/LSPACE-MCA_TEAM_01_PDR.pdf Graphic file (type pdf)
<use Resources/LSPACE/LSPACE-MCA_TEAM_01_PDR.pdf, page 87>
Package pdftex.def Info: Resources/LSPACE/LSPACE-MCA_TEAM_01_PDR.pdf , page87 u
sed on input line 214.
(pdftex.def)             Requested size: 597.78697pt x 773.60669pt.
File: Resources/LSPACE/LSPACE-MCA_TEAM_01_PDR.pdf Graphic file (type pdf)
<use Resources/LSPACE/LSPACE-MCA_TEAM_01_PDR.pdf, page 87>
Package pdftex.def Info: Resources/LSPACE/LSPACE-MCA_TEAM_01_PDR.pdf , page87 u
sed on input line 214.
(pdftex.def)             Requested size: 597.78697pt x 773.60669pt.
 [539 <./Resources/LSPACE/LSPACE-MCA_TEAM_01_PDR.pdf>]
<Resources/LSPACE/LSPACE-MCA_TEAM_01_PDR.pdf, id=4978, page=88, 614.295pt x 794
.97pt>
File: Resources/LSPACE/LSPACE-MCA_TEAM_01_PDR.pdf Graphic file (type pdf)
<use Resources/LSPACE/LSPACE-MCA_TEAM_01_PDR.pdf, page 88>
Package pdftex.def Info: Resources/LSPACE/LSPACE-MCA_TEAM_01_PDR.pdf , page88 u
sed on input line 214.
(pdftex.def)             Requested size: 597.78697pt x 773.60669pt.
File: Resources/LSPACE/LSPACE-MCA_TEAM_01_PDR.pdf Graphic file (type pdf)
<use Resources/LSPACE/LSPACE-MCA_TEAM_01_PDR.pdf, page 88>
Package pdftex.def Info: Resources/LSPACE/LSPACE-MCA_TEAM_01_PDR.pdf , page88 u
sed on input line 214.
(pdftex.def)             Requested size: 597.78697pt x 773.60669pt.
File: Resources/LSPACE/LSPACE-MCA_TEAM_01_PDR.pdf Graphic file (type pdf)
<use Resources/LSPACE/LSPACE-MCA_TEAM_01_PDR.pdf, page 88>
Package pdftex.def Info: Resources/LSPACE/LSPACE-MCA_TEAM_01_PDR.pdf , page88 u
sed on input line 214.
(pdftex.def)             Requested size: 597.78697pt x 773.60669pt.
 [540 <./Resources/LSPACE/LSPACE-MCA_TEAM_01_PDR.pdf>]
<Resources/LSPACE/LSPACE-MCA_TEAM_01_PDR.pdf, id=4987, page=89, 614.295pt x 794
.97pt>
File: Resources/LSPACE/LSPACE-MCA_TEAM_01_PDR.pdf Graphic file (type pdf)
<use Resources/LSPACE/LSPACE-MCA_TEAM_01_PDR.pdf, page 89>
Package pdftex.def Info: Resources/LSPACE/LSPACE-MCA_TEAM_01_PDR.pdf , page89 u
sed on input line 214.
(pdftex.def)             Requested size: 597.78697pt x 773.60669pt.
File: Resources/LSPACE/LSPACE-MCA_TEAM_01_PDR.pdf Graphic file (type pdf)
<use Resources/LSPACE/LSPACE-MCA_TEAM_01_PDR.pdf, page 89>
Package pdftex.def Info: Resources/LSPACE/LSPACE-MCA_TEAM_01_PDR.pdf , page89 u
sed on input line 214.
(pdftex.def)             Requested size: 597.78697pt x 773.60669pt.
File: Resources/LSPACE/LSPACE-MCA_TEAM_01_PDR.pdf Graphic file (type pdf)
<use Resources/LSPACE/LSPACE-MCA_TEAM_01_PDR.pdf, page 89>
Package pdftex.def Info: Resources/LSPACE/LSPACE-MCA_TEAM_01_PDR.pdf , page89 u
sed on input line 214.
(pdftex.def)             Requested size: 597.78697pt x 773.60669pt.
 [541 <./Resources/LSPACE/LSPACE-MCA_TEAM_01_PDR.pdf>]
<Resources/LSPACE/LSPACE-MCA_TEAM_01_PDR.pdf, id=4997, page=90, 614.295pt x 794
.97pt>
File: Resources/LSPACE/LSPACE-MCA_TEAM_01_PDR.pdf Graphic file (type pdf)
<use Resources/LSPACE/LSPACE-MCA_TEAM_01_PDR.pdf, page 90>
Package pdftex.def Info: Resources/LSPACE/LSPACE-MCA_TEAM_01_PDR.pdf , page90 u
sed on input line 214.
(pdftex.def)             Requested size: 597.78697pt x 773.60669pt.
File: Resources/LSPACE/LSPACE-MCA_TEAM_01_PDR.pdf Graphic file (type pdf)
<use Resources/LSPACE/LSPACE-MCA_TEAM_01_PDR.pdf, page 90>
Package pdftex.def Info: Resources/LSPACE/LSPACE-MCA_TEAM_01_PDR.pdf , page90 u
sed on input line 214.
(pdftex.def)             Requested size: 597.78697pt x 773.60669pt.
File: Resources/LSPACE/LSPACE-MCA_TEAM_01_PDR.pdf Graphic file (type pdf)
<use Resources/LSPACE/LSPACE-MCA_TEAM_01_PDR.pdf, page 90>
Package pdftex.def Info: Resources/LSPACE/LSPACE-MCA_TEAM_01_PDR.pdf , page90 u
sed on input line 214.
(pdftex.def)             Requested size: 597.78697pt x 773.60669pt.
 [542 <./Resources/LSPACE/LSPACE-MCA_TEAM_01_PDR.pdf>]
<Resources/LSPACE/LSPACE-MCA_TEAM_01_PDR.pdf, id=5006, page=91, 614.295pt x 794
.97pt>
File: Resources/LSPACE/LSPACE-MCA_TEAM_01_PDR.pdf Graphic file (type pdf)
<use Resources/LSPACE/LSPACE-MCA_TEAM_01_PDR.pdf, page 91>
Package pdftex.def Info: Resources/LSPACE/LSPACE-MCA_TEAM_01_PDR.pdf , page91 u
sed on input line 214.
(pdftex.def)             Requested size: 597.78697pt x 773.60669pt.
File: Resources/LSPACE/LSPACE-MCA_TEAM_01_PDR.pdf Graphic file (type pdf)
<use Resources/LSPACE/LSPACE-MCA_TEAM_01_PDR.pdf, page 91>
Package pdftex.def Info: Resources/LSPACE/LSPACE-MCA_TEAM_01_PDR.pdf , page91 u
sed on input line 214.
(pdftex.def)             Requested size: 597.78697pt x 773.60669pt.
File: Resources/LSPACE/LSPACE-MCA_TEAM_01_PDR.pdf Graphic file (type pdf)
<use Resources/LSPACE/LSPACE-MCA_TEAM_01_PDR.pdf, page 91>
Package pdftex.def Info: Resources/LSPACE/LSPACE-MCA_TEAM_01_PDR.pdf , page91 u
sed on input line 214.
(pdftex.def)             Requested size: 597.78697pt x 773.60669pt.
 [543 <./Resources/LSPACE/LSPACE-MCA_TEAM_01_PDR.pdf>]
<Resources/LSPACE/LSPACE-MCA_TEAM_01_PDR.pdf, id=5015, page=92, 614.295pt x 794
.97pt>
File: Resources/LSPACE/LSPACE-MCA_TEAM_01_PDR.pdf Graphic file (type pdf)
<use Resources/LSPACE/LSPACE-MCA_TEAM_01_PDR.pdf, page 92>
Package pdftex.def Info: Resources/LSPACE/LSPACE-MCA_TEAM_01_PDR.pdf , page92 u
sed on input line 214.
(pdftex.def)             Requested size: 597.78697pt x 773.60669pt.
File: Resources/LSPACE/LSPACE-MCA_TEAM_01_PDR.pdf Graphic file (type pdf)
<use Resources/LSPACE/LSPACE-MCA_TEAM_01_PDR.pdf, page 92>
Package pdftex.def Info: Resources/LSPACE/LSPACE-MCA_TEAM_01_PDR.pdf , page92 u
sed on input line 214.
(pdftex.def)             Requested size: 597.78697pt x 773.60669pt.
File: Resources/LSPACE/LSPACE-MCA_TEAM_01_PDR.pdf Graphic file (type pdf)
<use Resources/LSPACE/LSPACE-MCA_TEAM_01_PDR.pdf, page 92>
Package pdftex.def Info: Resources/LSPACE/LSPACE-MCA_TEAM_01_PDR.pdf , page92 u
sed on input line 214.
(pdftex.def)             Requested size: 597.78697pt x 773.60669pt.
 [544 <./Resources/LSPACE/LSPACE-MCA_TEAM_01_PDR.pdf>]
<Resources/LSPACE/LSPACE-MCA_TEAM_01_PDR.pdf, id=5024, page=93, 614.295pt x 794
.97pt>
File: Resources/LSPACE/LSPACE-MCA_TEAM_01_PDR.pdf Graphic file (type pdf)
<use Resources/LSPACE/LSPACE-MCA_TEAM_01_PDR.pdf, page 93>
Package pdftex.def Info: Resources/LSPACE/LSPACE-MCA_TEAM_01_PDR.pdf , page93 u
sed on input line 214.
(pdftex.def)             Requested size: 597.78697pt x 773.60669pt.
File: Resources/LSPACE/LSPACE-MCA_TEAM_01_PDR.pdf Graphic file (type pdf)
<use Resources/LSPACE/LSPACE-MCA_TEAM_01_PDR.pdf, page 93>
Package pdftex.def Info: Resources/LSPACE/LSPACE-MCA_TEAM_01_PDR.pdf , page93 u
sed on input line 214.
(pdftex.def)             Requested size: 597.78697pt x 773.60669pt.
File: Resources/LSPACE/LSPACE-MCA_TEAM_01_PDR.pdf Graphic file (type pdf)
<use Resources/LSPACE/LSPACE-MCA_TEAM_01_PDR.pdf, page 93>
Package pdftex.def Info: Resources/LSPACE/LSPACE-MCA_TEAM_01_PDR.pdf , page93 u
sed on input line 214.
(pdftex.def)             Requested size: 597.78697pt x 773.60669pt.
 [545 <./Resources/LSPACE/LSPACE-MCA_TEAM_01_PDR.pdf>]
<Resources/LSPACE/LSPACE-MCA_TEAM_01_PDR.pdf, id=5033, page=94, 614.295pt x 794
.97pt>
File: Resources/LSPACE/LSPACE-MCA_TEAM_01_PDR.pdf Graphic file (type pdf)
<use Resources/LSPACE/LSPACE-MCA_TEAM_01_PDR.pdf, page 94>
Package pdftex.def Info: Resources/LSPACE/LSPACE-MCA_TEAM_01_PDR.pdf , page94 u
sed on input line 214.
(pdftex.def)             Requested size: 597.78697pt x 773.60669pt.
File: Resources/LSPACE/LSPACE-MCA_TEAM_01_PDR.pdf Graphic file (type pdf)
<use Resources/LSPACE/LSPACE-MCA_TEAM_01_PDR.pdf, page 94>
Package pdftex.def Info: Resources/LSPACE/LSPACE-MCA_TEAM_01_PDR.pdf , page94 u
sed on input line 214.
(pdftex.def)             Requested size: 597.78697pt x 773.60669pt.
File: Resources/LSPACE/LSPACE-MCA_TEAM_01_PDR.pdf Graphic file (type pdf)
<use Resources/LSPACE/LSPACE-MCA_TEAM_01_PDR.pdf, page 94>
Package pdftex.def Info: Resources/LSPACE/LSPACE-MCA_TEAM_01_PDR.pdf , page94 u
sed on input line 214.
(pdftex.def)             Requested size: 597.78697pt x 773.60669pt.
 [546 <./Resources/LSPACE/LSPACE-MCA_TEAM_01_PDR.pdf>]
<Resources/LSPACE/LSPACE-MCA_TEAM_01_PDR.pdf, id=5042, page=95, 614.295pt x 794
.97pt>
File: Resources/LSPACE/LSPACE-MCA_TEAM_01_PDR.pdf Graphic file (type pdf)
<use Resources/LSPACE/LSPACE-MCA_TEAM_01_PDR.pdf, page 95>
Package pdftex.def Info: Resources/LSPACE/LSPACE-MCA_TEAM_01_PDR.pdf , page95 u
sed on input line 214.
(pdftex.def)             Requested size: 597.78697pt x 773.60669pt.
File: Resources/LSPACE/LSPACE-MCA_TEAM_01_PDR.pdf Graphic file (type pdf)
<use Resources/LSPACE/LSPACE-MCA_TEAM_01_PDR.pdf, page 95>
Package pdftex.def Info: Resources/LSPACE/LSPACE-MCA_TEAM_01_PDR.pdf , page95 u
sed on input line 214.
(pdftex.def)             Requested size: 597.78697pt x 773.60669pt.
File: Resources/LSPACE/LSPACE-MCA_TEAM_01_PDR.pdf Graphic file (type pdf)
<use Resources/LSPACE/LSPACE-MCA_TEAM_01_PDR.pdf, page 95>
Package pdftex.def Info: Resources/LSPACE/LSPACE-MCA_TEAM_01_PDR.pdf , page95 u
sed on input line 214.
(pdftex.def)             Requested size: 597.78697pt x 773.60669pt.

[547 <./Resources/LSPACE/LSPACE-MCA_TEAM_01_PDR.pdf>]
<Resources/LSPACE/LSPACE-MCA_TEAM_01_PDR.pdf, id=5052, page=96, 614.295pt x 794
.97pt>
File: Resources/LSPACE/LSPACE-MCA_TEAM_01_PDR.pdf Graphic file (type pdf)
<use Resources/LSPACE/LSPACE-MCA_TEAM_01_PDR.pdf, page 96>
Package pdftex.def Info: Resources/LSPACE/LSPACE-MCA_TEAM_01_PDR.pdf , page96 u
sed on input line 214.
(pdftex.def)             Requested size: 597.78697pt x 773.60669pt.
File: Resources/LSPACE/LSPACE-MCA_TEAM_01_PDR.pdf Graphic file (type pdf)
<use Resources/LSPACE/LSPACE-MCA_TEAM_01_PDR.pdf, page 96>
Package pdftex.def Info: Resources/LSPACE/LSPACE-MCA_TEAM_01_PDR.pdf , page96 u
sed on input line 214.
(pdftex.def)             Requested size: 597.78697pt x 773.60669pt.
File: Resources/LSPACE/LSPACE-MCA_TEAM_01_PDR.pdf Graphic file (type pdf)
<use Resources/LSPACE/LSPACE-MCA_TEAM_01_PDR.pdf, page 96>
Package pdftex.def Info: Resources/LSPACE/LSPACE-MCA_TEAM_01_PDR.pdf , page96 u
sed on input line 214.
(pdftex.def)             Requested size: 597.78697pt x 773.60669pt.
 [548 <./Resources/LSPACE/LSPACE-MCA_TEAM_01_PDR.pdf>]
<Resources/LSPACE/LSPACE-MCA_TEAM_01_PDR.pdf, id=5061, page=97, 614.295pt x 794
.97pt>
File: Resources/LSPACE/LSPACE-MCA_TEAM_01_PDR.pdf Graphic file (type pdf)
<use Resources/LSPACE/LSPACE-MCA_TEAM_01_PDR.pdf, page 97>
Package pdftex.def Info: Resources/LSPACE/LSPACE-MCA_TEAM_01_PDR.pdf , page97 u
sed on input line 214.
(pdftex.def)             Requested size: 597.78697pt x 773.60669pt.
File: Resources/LSPACE/LSPACE-MCA_TEAM_01_PDR.pdf Graphic file (type pdf)
<use Resources/LSPACE/LSPACE-MCA_TEAM_01_PDR.pdf, page 97>
Package pdftex.def Info: Resources/LSPACE/LSPACE-MCA_TEAM_01_PDR.pdf , page97 u
sed on input line 214.
(pdftex.def)             Requested size: 597.78697pt x 773.60669pt.
File: Resources/LSPACE/LSPACE-MCA_TEAM_01_PDR.pdf Graphic file (type pdf)
<use Resources/LSPACE/LSPACE-MCA_TEAM_01_PDR.pdf, page 97>
Package pdftex.def Info: Resources/LSPACE/LSPACE-MCA_TEAM_01_PDR.pdf , page97 u
sed on input line 214.
(pdftex.def)             Requested size: 597.78697pt x 773.60669pt.
 [549 <./Resources/LSPACE/LSPACE-MCA_TEAM_01_PDR.pdf>]
<Resources/LSPACE/LSPACE-MCA_TEAM_01_PDR.pdf, id=5070, page=98, 614.295pt x 794
.97pt>
File: Resources/LSPACE/LSPACE-MCA_TEAM_01_PDR.pdf Graphic file (type pdf)
<use Resources/LSPACE/LSPACE-MCA_TEAM_01_PDR.pdf, page 98>
Package pdftex.def Info: Resources/LSPACE/LSPACE-MCA_TEAM_01_PDR.pdf , page98 u
sed on input line 214.
(pdftex.def)             Requested size: 597.78697pt x 773.60669pt.
File: Resources/LSPACE/LSPACE-MCA_TEAM_01_PDR.pdf Graphic file (type pdf)
<use Resources/LSPACE/LSPACE-MCA_TEAM_01_PDR.pdf, page 98>
Package pdftex.def Info: Resources/LSPACE/LSPACE-MCA_TEAM_01_PDR.pdf , page98 u
sed on input line 214.
(pdftex.def)             Requested size: 597.78697pt x 773.60669pt.
File: Resources/LSPACE/LSPACE-MCA_TEAM_01_PDR.pdf Graphic file (type pdf)
<use Resources/LSPACE/LSPACE-MCA_TEAM_01_PDR.pdf, page 98>
Package pdftex.def Info: Resources/LSPACE/LSPACE-MCA_TEAM_01_PDR.pdf , page98 u
sed on input line 214.
(pdftex.def)             Requested size: 597.78697pt x 773.60669pt.
 [550 <./Resources/LSPACE/LSPACE-MCA_TEAM_01_PDR.pdf>]
<Resources/LSPACE/LSPACE-MCA_TEAM_01_PDR.pdf, id=5079, page=99, 614.295pt x 794
.97pt>
File: Resources/LSPACE/LSPACE-MCA_TEAM_01_PDR.pdf Graphic file (type pdf)
<use Resources/LSPACE/LSPACE-MCA_TEAM_01_PDR.pdf, page 99>
Package pdftex.def Info: Resources/LSPACE/LSPACE-MCA_TEAM_01_PDR.pdf , page99 u
sed on input line 214.
(pdftex.def)             Requested size: 597.78697pt x 773.60669pt.
File: Resources/LSPACE/LSPACE-MCA_TEAM_01_PDR.pdf Graphic file (type pdf)
<use Resources/LSPACE/LSPACE-MCA_TEAM_01_PDR.pdf, page 99>
Package pdftex.def Info: Resources/LSPACE/LSPACE-MCA_TEAM_01_PDR.pdf , page99 u
sed on input line 214.
(pdftex.def)             Requested size: 597.78697pt x 773.60669pt.
File: Resources/LSPACE/LSPACE-MCA_TEAM_01_PDR.pdf Graphic file (type pdf)
<use Resources/LSPACE/LSPACE-MCA_TEAM_01_PDR.pdf, page 99>
Package pdftex.def Info: Resources/LSPACE/LSPACE-MCA_TEAM_01_PDR.pdf , page99 u
sed on input line 214.
(pdftex.def)             Requested size: 597.78697pt x 773.60669pt.
 [551 <./Resources/LSPACE/LSPACE-MCA_TEAM_01_PDR.pdf>]
<Resources/LSPACE/LSPACE-MCA_TEAM_01_PDR.pdf, id=5088, page=100, 614.295pt x 79
4.97pt>
File: Resources/LSPACE/LSPACE-MCA_TEAM_01_PDR.pdf Graphic file (type pdf)
<use Resources/LSPACE/LSPACE-MCA_TEAM_01_PDR.pdf, page 100>
Package pdftex.def Info: Resources/LSPACE/LSPACE-MCA_TEAM_01_PDR.pdf , page100 
used on input line 214.
(pdftex.def)             Requested size: 597.78697pt x 773.60669pt.
File: Resources/LSPACE/LSPACE-MCA_TEAM_01_PDR.pdf Graphic file (type pdf)
<use Resources/LSPACE/LSPACE-MCA_TEAM_01_PDR.pdf, page 100>
Package pdftex.def Info: Resources/LSPACE/LSPACE-MCA_TEAM_01_PDR.pdf , page100 
used on input line 214.
(pdftex.def)             Requested size: 597.78697pt x 773.60669pt.
File: Resources/LSPACE/LSPACE-MCA_TEAM_01_PDR.pdf Graphic file (type pdf)
<use Resources/LSPACE/LSPACE-MCA_TEAM_01_PDR.pdf, page 100>
Package pdftex.def Info: Resources/LSPACE/LSPACE-MCA_TEAM_01_PDR.pdf , page100 
used on input line 214.
(pdftex.def)             Requested size: 597.78697pt x 773.60669pt.
 [552 <./Resources/LSPACE/LSPACE-MCA_TEAM_01_PDR.pdf>]
<Resources/LSPACE/LSPACE-MCA_TEAM_01_PDR.pdf, id=5097, page=101, 614.295pt x 79
4.97pt>
File: Resources/LSPACE/LSPACE-MCA_TEAM_01_PDR.pdf Graphic file (type pdf)
<use Resources/LSPACE/LSPACE-MCA_TEAM_01_PDR.pdf, page 101>
Package pdftex.def Info: Resources/LSPACE/LSPACE-MCA_TEAM_01_PDR.pdf , page101 
used on input line 214.
(pdftex.def)             Requested size: 597.78697pt x 773.60669pt.
File: Resources/LSPACE/LSPACE-MCA_TEAM_01_PDR.pdf Graphic file (type pdf)
<use Resources/LSPACE/LSPACE-MCA_TEAM_01_PDR.pdf, page 101>
Package pdftex.def Info: Resources/LSPACE/LSPACE-MCA_TEAM_01_PDR.pdf , page101 
used on input line 214.
(pdftex.def)             Requested size: 597.78697pt x 773.60669pt.
File: Resources/LSPACE/LSPACE-MCA_TEAM_01_PDR.pdf Graphic file (type pdf)
<use Resources/LSPACE/LSPACE-MCA_TEAM_01_PDR.pdf, page 101>
Package pdftex.def Info: Resources/LSPACE/LSPACE-MCA_TEAM_01_PDR.pdf , page101 
used on input line 214.
(pdftex.def)             Requested size: 597.78697pt x 773.60669pt.
 [553 <./Resources/LSPACE/LSPACE-MCA_TEAM_01_PDR.pdf>]
<Resources/LSPACE/LSPACE-MCA_TEAM_01_PDR.pdf, id=5107, page=102, 614.295pt x 79
4.97pt>
File: Resources/LSPACE/LSPACE-MCA_TEAM_01_PDR.pdf Graphic file (type pdf)
<use Resources/LSPACE/LSPACE-MCA_TEAM_01_PDR.pdf, page 102>
Package pdftex.def Info: Resources/LSPACE/LSPACE-MCA_TEAM_01_PDR.pdf , page102 
used on input line 214.
(pdftex.def)             Requested size: 597.78697pt x 773.60669pt.
File: Resources/LSPACE/LSPACE-MCA_TEAM_01_PDR.pdf Graphic file (type pdf)
<use Resources/LSPACE/LSPACE-MCA_TEAM_01_PDR.pdf, page 102>
Package pdftex.def Info: Resources/LSPACE/LSPACE-MCA_TEAM_01_PDR.pdf , page102 
used on input line 214.
(pdftex.def)             Requested size: 597.78697pt x 773.60669pt.
File: Resources/LSPACE/LSPACE-MCA_TEAM_01_PDR.pdf Graphic file (type pdf)
<use Resources/LSPACE/LSPACE-MCA_TEAM_01_PDR.pdf, page 102>
Package pdftex.def Info: Resources/LSPACE/LSPACE-MCA_TEAM_01_PDR.pdf , page102 
used on input line 214.
(pdftex.def)             Requested size: 597.78697pt x 773.60669pt.
 [554 <./Resources/LSPACE/LSPACE-MCA_TEAM_01_PDR.pdf>]
<Resources/LSPACE/LSPACE-MCA_TEAM_01_PDR.pdf, id=5117, page=103, 614.295pt x 79
4.97pt>
File: Resources/LSPACE/LSPACE-MCA_TEAM_01_PDR.pdf Graphic file (type pdf)
<use Resources/LSPACE/LSPACE-MCA_TEAM_01_PDR.pdf, page 103>
Package pdftex.def Info: Resources/LSPACE/LSPACE-MCA_TEAM_01_PDR.pdf , page103 
used on input line 214.
(pdftex.def)             Requested size: 597.78697pt x 773.60669pt.
File: Resources/LSPACE/LSPACE-MCA_TEAM_01_PDR.pdf Graphic file (type pdf)
<use Resources/LSPACE/LSPACE-MCA_TEAM_01_PDR.pdf, page 103>
Package pdftex.def Info: Resources/LSPACE/LSPACE-MCA_TEAM_01_PDR.pdf , page103 
used on input line 214.
(pdftex.def)             Requested size: 597.78697pt x 773.60669pt.
File: Resources/LSPACE/LSPACE-MCA_TEAM_01_PDR.pdf Graphic file (type pdf)
<use Resources/LSPACE/LSPACE-MCA_TEAM_01_PDR.pdf, page 103>
Package pdftex.def Info: Resources/LSPACE/LSPACE-MCA_TEAM_01_PDR.pdf , page103 
used on input line 214.
(pdftex.def)             Requested size: 597.78697pt x 773.60669pt.
 [555 <./Resources/LSPACE/LSPACE-MCA_TEAM_01_PDR.pdf>]
<Resources/LSPACE/LSPACE-MCA_TEAM_01_PDR.pdf, id=5130, page=104, 614.295pt x 79
4.97pt>
File: Resources/LSPACE/LSPACE-MCA_TEAM_01_PDR.pdf Graphic file (type pdf)
<use Resources/LSPACE/LSPACE-MCA_TEAM_01_PDR.pdf, page 104>
Package pdftex.def Info: Resources/LSPACE/LSPACE-MCA_TEAM_01_PDR.pdf , page104 
used on input line 214.
(pdftex.def)             Requested size: 597.78697pt x 773.60669pt.
File: Resources/LSPACE/LSPACE-MCA_TEAM_01_PDR.pdf Graphic file (type pdf)
<use Resources/LSPACE/LSPACE-MCA_TEAM_01_PDR.pdf, page 104>
Package pdftex.def Info: Resources/LSPACE/LSPACE-MCA_TEAM_01_PDR.pdf , page104 
used on input line 214.
(pdftex.def)             Requested size: 597.78697pt x 773.60669pt.
File: Resources/LSPACE/LSPACE-MCA_TEAM_01_PDR.pdf Graphic file (type pdf)
<use Resources/LSPACE/LSPACE-MCA_TEAM_01_PDR.pdf, page 104>
Package pdftex.def Info: Resources/LSPACE/LSPACE-MCA_TEAM_01_PDR.pdf , page104 
used on input line 214.
(pdftex.def)             Requested size: 597.78697pt x 773.60669pt.
 [556 <./Resources/LSPACE/LSPACE-MCA_TEAM_01_PDR.pdf>]
<Resources/LSPACE/LSPACE-MCA_TEAM_01_PDR.pdf, id=5141, page=105, 614.295pt x 79
4.97pt>
File: Resources/LSPACE/LSPACE-MCA_TEAM_01_PDR.pdf Graphic file (type pdf)
<use Resources/LSPACE/LSPACE-MCA_TEAM_01_PDR.pdf, page 105>
Package pdftex.def Info: Resources/LSPACE/LSPACE-MCA_TEAM_01_PDR.pdf , page105 
used on input line 214.
(pdftex.def)             Requested size: 597.78697pt x 773.60669pt.
File: Resources/LSPACE/LSPACE-MCA_TEAM_01_PDR.pdf Graphic file (type pdf)
<use Resources/LSPACE/LSPACE-MCA_TEAM_01_PDR.pdf, page 105>
Package pdftex.def Info: Resources/LSPACE/LSPACE-MCA_TEAM_01_PDR.pdf , page105 
used on input line 214.
(pdftex.def)             Requested size: 597.78697pt x 773.60669pt.
File: Resources/LSPACE/LSPACE-MCA_TEAM_01_PDR.pdf Graphic file (type pdf)
<use Resources/LSPACE/LSPACE-MCA_TEAM_01_PDR.pdf, page 105>
Package pdftex.def Info: Resources/LSPACE/LSPACE-MCA_TEAM_01_PDR.pdf , page105 
used on input line 214.
(pdftex.def)             Requested size: 597.78697pt x 773.60669pt.
 [557 <./Resources/LSPACE/LSPACE-MCA_TEAM_01_PDR.pdf>]
<Resources/LSPACE/LSPACE-MCA_TEAM_01_PDR.pdf, id=5150, page=106, 614.295pt x 79
4.97pt>
File: Resources/LSPACE/LSPACE-MCA_TEAM_01_PDR.pdf Graphic file (type pdf)
<use Resources/LSPACE/LSPACE-MCA_TEAM_01_PDR.pdf, page 106>
Package pdftex.def Info: Resources/LSPACE/LSPACE-MCA_TEAM_01_PDR.pdf , page106 
used on input line 214.
(pdftex.def)             Requested size: 597.78697pt x 773.60669pt.
File: Resources/LSPACE/LSPACE-MCA_TEAM_01_PDR.pdf Graphic file (type pdf)
<use Resources/LSPACE/LSPACE-MCA_TEAM_01_PDR.pdf, page 106>
Package pdftex.def Info: Resources/LSPACE/LSPACE-MCA_TEAM_01_PDR.pdf , page106 
used on input line 214.
(pdftex.def)             Requested size: 597.78697pt x 773.60669pt.
File: Resources/LSPACE/LSPACE-MCA_TEAM_01_PDR.pdf Graphic file (type pdf)
<use Resources/LSPACE/LSPACE-MCA_TEAM_01_PDR.pdf, page 106>
Package pdftex.def Info: Resources/LSPACE/LSPACE-MCA_TEAM_01_PDR.pdf , page106 
used on input line 214.
(pdftex.def)             Requested size: 597.78697pt x 773.60669pt.
 [558 <./Resources/LSPACE/LSPACE-MCA_TEAM_01_PDR.pdf>]
<Resources/LSPACE/LSPACE-MCA_TEAM_01_PDR.pdf, id=5159, page=107, 614.295pt x 79
4.97pt>
File: Resources/LSPACE/LSPACE-MCA_TEAM_01_PDR.pdf Graphic file (type pdf)
<use Resources/LSPACE/LSPACE-MCA_TEAM_01_PDR.pdf, page 107>
Package pdftex.def Info: Resources/LSPACE/LSPACE-MCA_TEAM_01_PDR.pdf , page107 
used on input line 214.
(pdftex.def)             Requested size: 597.78697pt x 773.60669pt.
File: Resources/LSPACE/LSPACE-MCA_TEAM_01_PDR.pdf Graphic file (type pdf)
<use Resources/LSPACE/LSPACE-MCA_TEAM_01_PDR.pdf, page 107>
Package pdftex.def Info: Resources/LSPACE/LSPACE-MCA_TEAM_01_PDR.pdf , page107 
used on input line 214.
(pdftex.def)             Requested size: 597.78697pt x 773.60669pt.
File: Resources/LSPACE/LSPACE-MCA_TEAM_01_PDR.pdf Graphic file (type pdf)
<use Resources/LSPACE/LSPACE-MCA_TEAM_01_PDR.pdf, page 107>
Package pdftex.def Info: Resources/LSPACE/LSPACE-MCA_TEAM_01_PDR.pdf , page107 
used on input line 214.
(pdftex.def)             Requested size: 597.78697pt x 773.60669pt.
 [559 <./Resources/LSPACE/LSPACE-MCA_TEAM_01_PDR.pdf>]
<Resources/LSPACE/LSPACE-MCA_TEAM_01_PDR.pdf, id=5169, page=108, 614.295pt x 79
4.97pt>
File: Resources/LSPACE/LSPACE-MCA_TEAM_01_PDR.pdf Graphic file (type pdf)
<use Resources/LSPACE/LSPACE-MCA_TEAM_01_PDR.pdf, page 108>
Package pdftex.def Info: Resources/LSPACE/LSPACE-MCA_TEAM_01_PDR.pdf , page108 
used on input line 214.
(pdftex.def)             Requested size: 597.78697pt x 773.60669pt.
File: Resources/LSPACE/LSPACE-MCA_TEAM_01_PDR.pdf Graphic file (type pdf)
<use Resources/LSPACE/LSPACE-MCA_TEAM_01_PDR.pdf, page 108>
Package pdftex.def Info: Resources/LSPACE/LSPACE-MCA_TEAM_01_PDR.pdf , page108 
used on input line 214.
(pdftex.def)             Requested size: 597.78697pt x 773.60669pt.
File: Resources/LSPACE/LSPACE-MCA_TEAM_01_PDR.pdf Graphic file (type pdf)
<use Resources/LSPACE/LSPACE-MCA_TEAM_01_PDR.pdf, page 108>
Package pdftex.def Info: Resources/LSPACE/LSPACE-MCA_TEAM_01_PDR.pdf , page108 
used on input line 214.
(pdftex.def)             Requested size: 597.78697pt x 773.60669pt.
 [560 <./Resources/LSPACE/LSPACE-MCA_TEAM_01_PDR.pdf>]
<Resources/LSPACE/LSPACE-MCA_TEAM_01_PDR.pdf, id=5178, page=109, 614.295pt x 79
4.97pt>
File: Resources/LSPACE/LSPACE-MCA_TEAM_01_PDR.pdf Graphic file (type pdf)
<use Resources/LSPACE/LSPACE-MCA_TEAM_01_PDR.pdf, page 109>
Package pdftex.def Info: Resources/LSPACE/LSPACE-MCA_TEAM_01_PDR.pdf , page109 
used on input line 214.
(pdftex.def)             Requested size: 597.78697pt x 773.60669pt.
File: Resources/LSPACE/LSPACE-MCA_TEAM_01_PDR.pdf Graphic file (type pdf)
<use Resources/LSPACE/LSPACE-MCA_TEAM_01_PDR.pdf, page 109>
Package pdftex.def Info: Resources/LSPACE/LSPACE-MCA_TEAM_01_PDR.pdf , page109 
used on input line 214.
(pdftex.def)             Requested size: 597.78697pt x 773.60669pt.
File: Resources/LSPACE/LSPACE-MCA_TEAM_01_PDR.pdf Graphic file (type pdf)
<use Resources/LSPACE/LSPACE-MCA_TEAM_01_PDR.pdf, page 109>
Package pdftex.def Info: Resources/LSPACE/LSPACE-MCA_TEAM_01_PDR.pdf , page109 
used on input line 214.
(pdftex.def)             Requested size: 597.78697pt x 773.60669pt.
 [561 <./Resources/LSPACE/LSPACE-MCA_TEAM_01_PDR.pdf>]
<Resources/LSPACE/LSPACE-MCA_TEAM_01_PDR.pdf, id=5187, page=110, 614.295pt x 79
4.97pt>
File: Resources/LSPACE/LSPACE-MCA_TEAM_01_PDR.pdf Graphic file (type pdf)
<use Resources/LSPACE/LSPACE-MCA_TEAM_01_PDR.pdf, page 110>
Package pdftex.def Info: Resources/LSPACE/LSPACE-MCA_TEAM_01_PDR.pdf , page110 
used on input line 214.
(pdftex.def)             Requested size: 597.78697pt x 773.60669pt.
File: Resources/LSPACE/LSPACE-MCA_TEAM_01_PDR.pdf Graphic file (type pdf)
<use Resources/LSPACE/LSPACE-MCA_TEAM_01_PDR.pdf, page 110>
Package pdftex.def Info: Resources/LSPACE/LSPACE-MCA_TEAM_01_PDR.pdf , page110 
used on input line 214.
(pdftex.def)             Requested size: 597.78697pt x 773.60669pt.
File: Resources/LSPACE/LSPACE-MCA_TEAM_01_PDR.pdf Graphic file (type pdf)
<use Resources/LSPACE/LSPACE-MCA_TEAM_01_PDR.pdf, page 110>
Package pdftex.def Info: Resources/LSPACE/LSPACE-MCA_TEAM_01_PDR.pdf , page110 
used on input line 214.
(pdftex.def)             Requested size: 597.78697pt x 773.60669pt.
 [562 <./Resources/LSPACE/LSPACE-MCA_TEAM_01_PDR.pdf>]
<Resources/LSPACE/LSPACE-MCA_TEAM_01_PDR.pdf, id=5196, page=111, 614.295pt x 79
4.97pt>
File: Resources/LSPACE/LSPACE-MCA_TEAM_01_PDR.pdf Graphic file (type pdf)
<use Resources/LSPACE/LSPACE-MCA_TEAM_01_PDR.pdf, page 111>
Package pdftex.def Info: Resources/LSPACE/LSPACE-MCA_TEAM_01_PDR.pdf , page111 
used on input line 214.
(pdftex.def)             Requested size: 597.78697pt x 773.60669pt.
File: Resources/LSPACE/LSPACE-MCA_TEAM_01_PDR.pdf Graphic file (type pdf)
<use Resources/LSPACE/LSPACE-MCA_TEAM_01_PDR.pdf, page 111>
Package pdftex.def Info: Resources/LSPACE/LSPACE-MCA_TEAM_01_PDR.pdf , page111 
used on input line 214.
(pdftex.def)             Requested size: 597.78697pt x 773.60669pt.
File: Resources/LSPACE/LSPACE-MCA_TEAM_01_PDR.pdf Graphic file (type pdf)
<use Resources/LSPACE/LSPACE-MCA_TEAM_01_PDR.pdf, page 111>
Package pdftex.def Info: Resources/LSPACE/LSPACE-MCA_TEAM_01_PDR.pdf , page111 
used on input line 214.
(pdftex.def)             Requested size: 597.78697pt x 773.60669pt.

[563 <./Resources/LSPACE/LSPACE-MCA_TEAM_01_PDR.pdf>]
<Resources/LSPACE/LSPACE-MCA_TEAM_01_PDR.pdf, id=5205, page=112, 614.295pt x 79
4.97pt>
File: Resources/LSPACE/LSPACE-MCA_TEAM_01_PDR.pdf Graphic file (type pdf)
<use Resources/LSPACE/LSPACE-MCA_TEAM_01_PDR.pdf, page 112>
Package pdftex.def Info: Resources/LSPACE/LSPACE-MCA_TEAM_01_PDR.pdf , page112 
used on input line 214.
(pdftex.def)             Requested size: 597.78697pt x 773.60669pt.
File: Resources/LSPACE/LSPACE-MCA_TEAM_01_PDR.pdf Graphic file (type pdf)
<use Resources/LSPACE/LSPACE-MCA_TEAM_01_PDR.pdf, page 112>
Package pdftex.def Info: Resources/LSPACE/LSPACE-MCA_TEAM_01_PDR.pdf , page112 
used on input line 214.
(pdftex.def)             Requested size: 597.78697pt x 773.60669pt.
File: Resources/LSPACE/LSPACE-MCA_TEAM_01_PDR.pdf Graphic file (type pdf)
<use Resources/LSPACE/LSPACE-MCA_TEAM_01_PDR.pdf, page 112>
Package pdftex.def Info: Resources/LSPACE/LSPACE-MCA_TEAM_01_PDR.pdf , page112 
used on input line 214.
(pdftex.def)             Requested size: 597.78697pt x 773.60669pt.
 [564 <./Resources/LSPACE/LSPACE-MCA_TEAM_01_PDR.pdf>]
<Resources/LSPACE/LSPACE-MCA_TEAM_01_PDR.pdf, id=5214, page=113, 614.295pt x 79
4.97pt>
File: Resources/LSPACE/LSPACE-MCA_TEAM_01_PDR.pdf Graphic file (type pdf)
<use Resources/LSPACE/LSPACE-MCA_TEAM_01_PDR.pdf, page 113>
Package pdftex.def Info: Resources/LSPACE/LSPACE-MCA_TEAM_01_PDR.pdf , page113 
used on input line 214.
(pdftex.def)             Requested size: 597.78697pt x 773.60669pt.
File: Resources/LSPACE/LSPACE-MCA_TEAM_01_PDR.pdf Graphic file (type pdf)
<use Resources/LSPACE/LSPACE-MCA_TEAM_01_PDR.pdf, page 113>
Package pdftex.def Info: Resources/LSPACE/LSPACE-MCA_TEAM_01_PDR.pdf , page113 
used on input line 214.
(pdftex.def)             Requested size: 597.78697pt x 773.60669pt.
File: Resources/LSPACE/LSPACE-MCA_TEAM_01_PDR.pdf Graphic file (type pdf)
<use Resources/LSPACE/LSPACE-MCA_TEAM_01_PDR.pdf, page 113>
Package pdftex.def Info: Resources/LSPACE/LSPACE-MCA_TEAM_01_PDR.pdf , page113 
used on input line 214.
(pdftex.def)             Requested size: 597.78697pt x 773.60669pt.
 [565 <./Resources/LSPACE/LSPACE-MCA_TEAM_01_PDR.pdf>]
<Resources/LSPACE/LSPACE-MCA_TEAM_01_PDR.pdf, id=5224, page=114, 614.295pt x 79
4.97pt>
File: Resources/LSPACE/LSPACE-MCA_TEAM_01_PDR.pdf Graphic file (type pdf)
<use Resources/LSPACE/LSPACE-MCA_TEAM_01_PDR.pdf, page 114>
Package pdftex.def Info: Resources/LSPACE/LSPACE-MCA_TEAM_01_PDR.pdf , page114 
used on input line 214.
(pdftex.def)             Requested size: 597.78697pt x 773.60669pt.
File: Resources/LSPACE/LSPACE-MCA_TEAM_01_PDR.pdf Graphic file (type pdf)
<use Resources/LSPACE/LSPACE-MCA_TEAM_01_PDR.pdf, page 114>
Package pdftex.def Info: Resources/LSPACE/LSPACE-MCA_TEAM_01_PDR.pdf , page114 
used on input line 214.
(pdftex.def)             Requested size: 597.78697pt x 773.60669pt.
File: Resources/LSPACE/LSPACE-MCA_TEAM_01_PDR.pdf Graphic file (type pdf)
<use Resources/LSPACE/LSPACE-MCA_TEAM_01_PDR.pdf, page 114>
Package pdftex.def Info: Resources/LSPACE/LSPACE-MCA_TEAM_01_PDR.pdf , page114 
used on input line 214.
(pdftex.def)             Requested size: 597.78697pt x 773.60669pt.
 [566 <./Resources/LSPACE/LSPACE-MCA_TEAM_01_PDR.pdf>]
<Resources/LSPACE/LSPACE-MCA_TEAM_01_PDR.pdf, id=5233, page=115, 614.295pt x 79
4.97pt>
File: Resources/LSPACE/LSPACE-MCA_TEAM_01_PDR.pdf Graphic file (type pdf)
<use Resources/LSPACE/LSPACE-MCA_TEAM_01_PDR.pdf, page 115>
Package pdftex.def Info: Resources/LSPACE/LSPACE-MCA_TEAM_01_PDR.pdf , page115 
used on input line 214.
(pdftex.def)             Requested size: 597.78697pt x 773.60669pt.
File: Resources/LSPACE/LSPACE-MCA_TEAM_01_PDR.pdf Graphic file (type pdf)
<use Resources/LSPACE/LSPACE-MCA_TEAM_01_PDR.pdf, page 115>
Package pdftex.def Info: Resources/LSPACE/LSPACE-MCA_TEAM_01_PDR.pdf , page115 
used on input line 214.
(pdftex.def)             Requested size: 597.78697pt x 773.60669pt.
File: Resources/LSPACE/LSPACE-MCA_TEAM_01_PDR.pdf Graphic file (type pdf)
<use Resources/LSPACE/LSPACE-MCA_TEAM_01_PDR.pdf, page 115>
Package pdftex.def Info: Resources/LSPACE/LSPACE-MCA_TEAM_01_PDR.pdf , page115 
used on input line 214.
(pdftex.def)             Requested size: 597.78697pt x 773.60669pt.
 [567 <./Resources/LSPACE/LSPACE-MCA_TEAM_01_PDR.pdf>]
<Resources/LSPACE/LSPACE-MCA_TEAM_01_PDR.pdf, id=5242, page=116, 614.295pt x 79
4.97pt>
File: Resources/LSPACE/LSPACE-MCA_TEAM_01_PDR.pdf Graphic file (type pdf)
<use Resources/LSPACE/LSPACE-MCA_TEAM_01_PDR.pdf, page 116>
Package pdftex.def Info: Resources/LSPACE/LSPACE-MCA_TEAM_01_PDR.pdf , page116 
used on input line 214.
(pdftex.def)             Requested size: 597.78697pt x 773.60669pt.
File: Resources/LSPACE/LSPACE-MCA_TEAM_01_PDR.pdf Graphic file (type pdf)
<use Resources/LSPACE/LSPACE-MCA_TEAM_01_PDR.pdf, page 116>
Package pdftex.def Info: Resources/LSPACE/LSPACE-MCA_TEAM_01_PDR.pdf , page116 
used on input line 214.
(pdftex.def)             Requested size: 597.78697pt x 773.60669pt.
File: Resources/LSPACE/LSPACE-MCA_TEAM_01_PDR.pdf Graphic file (type pdf)
<use Resources/LSPACE/LSPACE-MCA_TEAM_01_PDR.pdf, page 116>
Package pdftex.def Info: Resources/LSPACE/LSPACE-MCA_TEAM_01_PDR.pdf , page116 
used on input line 214.
(pdftex.def)             Requested size: 597.78697pt x 773.60669pt.
 [568 <./Resources/LSPACE/LSPACE-MCA_TEAM_01_PDR.pdf>]
<Resources/LSPACE/LSPACE-MCA_TEAM_01_PDR.pdf, id=5251, page=117, 614.295pt x 79
4.97pt>
File: Resources/LSPACE/LSPACE-MCA_TEAM_01_PDR.pdf Graphic file (type pdf)
<use Resources/LSPACE/LSPACE-MCA_TEAM_01_PDR.pdf, page 117>
Package pdftex.def Info: Resources/LSPACE/LSPACE-MCA_TEAM_01_PDR.pdf , page117 
used on input line 214.
(pdftex.def)             Requested size: 597.78697pt x 773.60669pt.
File: Resources/LSPACE/LSPACE-MCA_TEAM_01_PDR.pdf Graphic file (type pdf)
<use Resources/LSPACE/LSPACE-MCA_TEAM_01_PDR.pdf, page 117>
Package pdftex.def Info: Resources/LSPACE/LSPACE-MCA_TEAM_01_PDR.pdf , page117 
used on input line 214.
(pdftex.def)             Requested size: 597.78697pt x 773.60669pt.
File: Resources/LSPACE/LSPACE-MCA_TEAM_01_PDR.pdf Graphic file (type pdf)
<use Resources/LSPACE/LSPACE-MCA_TEAM_01_PDR.pdf, page 117>
Package pdftex.def Info: Resources/LSPACE/LSPACE-MCA_TEAM_01_PDR.pdf , page117 
used on input line 214.
(pdftex.def)             Requested size: 597.78697pt x 773.60669pt.
 [569 <./Resources/LSPACE/LSPACE-MCA_TEAM_01_PDR.pdf>]
<Resources/LSPACE/LSPACE-MCA_TEAM_01_PDR.pdf, id=5260, page=118, 614.295pt x 79
4.97pt>
File: Resources/LSPACE/LSPACE-MCA_TEAM_01_PDR.pdf Graphic file (type pdf)
<use Resources/LSPACE/LSPACE-MCA_TEAM_01_PDR.pdf, page 118>
Package pdftex.def Info: Resources/LSPACE/LSPACE-MCA_TEAM_01_PDR.pdf , page118 
used on input line 214.
(pdftex.def)             Requested size: 597.78697pt x 773.60669pt.
File: Resources/LSPACE/LSPACE-MCA_TEAM_01_PDR.pdf Graphic file (type pdf)
<use Resources/LSPACE/LSPACE-MCA_TEAM_01_PDR.pdf, page 118>
Package pdftex.def Info: Resources/LSPACE/LSPACE-MCA_TEAM_01_PDR.pdf , page118 
used on input line 214.
(pdftex.def)             Requested size: 597.78697pt x 773.60669pt.
File: Resources/LSPACE/LSPACE-MCA_TEAM_01_PDR.pdf Graphic file (type pdf)
<use Resources/LSPACE/LSPACE-MCA_TEAM_01_PDR.pdf, page 118>
Package pdftex.def Info: Resources/LSPACE/LSPACE-MCA_TEAM_01_PDR.pdf , page118 
used on input line 214.
(pdftex.def)             Requested size: 597.78697pt x 773.60669pt.
 [570 <./Resources/LSPACE/LSPACE-MCA_TEAM_01_PDR.pdf>]
<Resources/LSPACE/LSPACE-MCA_TEAM_01_PDR.pdf, id=5270, page=119, 614.295pt x 79
4.97pt>
File: Resources/LSPACE/LSPACE-MCA_TEAM_01_PDR.pdf Graphic file (type pdf)
<use Resources/LSPACE/LSPACE-MCA_TEAM_01_PDR.pdf, page 119>
Package pdftex.def Info: Resources/LSPACE/LSPACE-MCA_TEAM_01_PDR.pdf , page119 
used on input line 214.
(pdftex.def)             Requested size: 597.78697pt x 773.60669pt.
File: Resources/LSPACE/LSPACE-MCA_TEAM_01_PDR.pdf Graphic file (type pdf)
<use Resources/LSPACE/LSPACE-MCA_TEAM_01_PDR.pdf, page 119>
Package pdftex.def Info: Resources/LSPACE/LSPACE-MCA_TEAM_01_PDR.pdf , page119 
used on input line 214.
(pdftex.def)             Requested size: 597.78697pt x 773.60669pt.
File: Resources/LSPACE/LSPACE-MCA_TEAM_01_PDR.pdf Graphic file (type pdf)
<use Resources/LSPACE/LSPACE-MCA_TEAM_01_PDR.pdf, page 119>
Package pdftex.def Info: Resources/LSPACE/LSPACE-MCA_TEAM_01_PDR.pdf , page119 
used on input line 214.
(pdftex.def)             Requested size: 597.78697pt x 773.60669pt.
 [571 <./Resources/LSPACE/LSPACE-MCA_TEAM_01_PDR.pdf>]
<Resources/LSPACE/LSPACE-MCA_TEAM_01_PDR.pdf, id=5280, page=120, 614.295pt x 79
4.97pt>
File: Resources/LSPACE/LSPACE-MCA_TEAM_01_PDR.pdf Graphic file (type pdf)
<use Resources/LSPACE/LSPACE-MCA_TEAM_01_PDR.pdf, page 120>
Package pdftex.def Info: Resources/LSPACE/LSPACE-MCA_TEAM_01_PDR.pdf , page120 
used on input line 214.
(pdftex.def)             Requested size: 597.78697pt x 773.60669pt.
File: Resources/LSPACE/LSPACE-MCA_TEAM_01_PDR.pdf Graphic file (type pdf)
<use Resources/LSPACE/LSPACE-MCA_TEAM_01_PDR.pdf, page 120>
Package pdftex.def Info: Resources/LSPACE/LSPACE-MCA_TEAM_01_PDR.pdf , page120 
used on input line 214.
(pdftex.def)             Requested size: 597.78697pt x 773.60669pt.
File: Resources/LSPACE/LSPACE-MCA_TEAM_01_PDR.pdf Graphic file (type pdf)
<use Resources/LSPACE/LSPACE-MCA_TEAM_01_PDR.pdf, page 120>
Package pdftex.def Info: Resources/LSPACE/LSPACE-MCA_TEAM_01_PDR.pdf , page120 
used on input line 214.
(pdftex.def)             Requested size: 597.78697pt x 773.60669pt.
 [572 <./Resources/LSPACE/LSPACE-MCA_TEAM_01_PDR.pdf>]
<Resources/LSPACE/LSPACE-MCA_TEAM_01_PDR.pdf, id=5289, page=121, 614.295pt x 79
4.97pt>
File: Resources/LSPACE/LSPACE-MCA_TEAM_01_PDR.pdf Graphic file (type pdf)
<use Resources/LSPACE/LSPACE-MCA_TEAM_01_PDR.pdf, page 121>
Package pdftex.def Info: Resources/LSPACE/LSPACE-MCA_TEAM_01_PDR.pdf , page121 
used on input line 214.
(pdftex.def)             Requested size: 597.78697pt x 773.60669pt.
File: Resources/LSPACE/LSPACE-MCA_TEAM_01_PDR.pdf Graphic file (type pdf)
<use Resources/LSPACE/LSPACE-MCA_TEAM_01_PDR.pdf, page 121>
Package pdftex.def Info: Resources/LSPACE/LSPACE-MCA_TEAM_01_PDR.pdf , page121 
used on input line 214.
(pdftex.def)             Requested size: 597.78697pt x 773.60669pt.
File: Resources/LSPACE/LSPACE-MCA_TEAM_01_PDR.pdf Graphic file (type pdf)
<use Resources/LSPACE/LSPACE-MCA_TEAM_01_PDR.pdf, page 121>
Package pdftex.def Info: Resources/LSPACE/LSPACE-MCA_TEAM_01_PDR.pdf , page121 
used on input line 214.
(pdftex.def)             Requested size: 597.78697pt x 773.60669pt.
 [573 <./Resources/LSPACE/LSPACE-MCA_TEAM_01_PDR.pdf>]
<Resources/LSPACE/LSPACE-MCA_TEAM_01_PDR.pdf, id=5298, page=122, 614.295pt x 79
4.97pt>
File: Resources/LSPACE/LSPACE-MCA_TEAM_01_PDR.pdf Graphic file (type pdf)
<use Resources/LSPACE/LSPACE-MCA_TEAM_01_PDR.pdf, page 122>
Package pdftex.def Info: Resources/LSPACE/LSPACE-MCA_TEAM_01_PDR.pdf , page122 
used on input line 214.
(pdftex.def)             Requested size: 597.78697pt x 773.60669pt.
File: Resources/LSPACE/LSPACE-MCA_TEAM_01_PDR.pdf Graphic file (type pdf)
<use Resources/LSPACE/LSPACE-MCA_TEAM_01_PDR.pdf, page 122>
Package pdftex.def Info: Resources/LSPACE/LSPACE-MCA_TEAM_01_PDR.pdf , page122 
used on input line 214.
(pdftex.def)             Requested size: 597.78697pt x 773.60669pt.
File: Resources/LSPACE/LSPACE-MCA_TEAM_01_PDR.pdf Graphic file (type pdf)
<use Resources/LSPACE/LSPACE-MCA_TEAM_01_PDR.pdf, page 122>
Package pdftex.def Info: Resources/LSPACE/LSPACE-MCA_TEAM_01_PDR.pdf , page122 
used on input line 214.
(pdftex.def)             Requested size: 597.78697pt x 773.60669pt.
 [574 <./Resources/LSPACE/LSPACE-MCA_TEAM_01_PDR.pdf>]
<Resources/LSPACE/LSPACE-MCA_TEAM_01_PDR.pdf, id=5307, page=123, 614.295pt x 79
4.97pt>
File: Resources/LSPACE/LSPACE-MCA_TEAM_01_PDR.pdf Graphic file (type pdf)
<use Resources/LSPACE/LSPACE-MCA_TEAM_01_PDR.pdf, page 123>
Package pdftex.def Info: Resources/LSPACE/LSPACE-MCA_TEAM_01_PDR.pdf , page123 
used on input line 214.
(pdftex.def)             Requested size: 597.78697pt x 773.60669pt.
File: Resources/LSPACE/LSPACE-MCA_TEAM_01_PDR.pdf Graphic file (type pdf)
<use Resources/LSPACE/LSPACE-MCA_TEAM_01_PDR.pdf, page 123>
Package pdftex.def Info: Resources/LSPACE/LSPACE-MCA_TEAM_01_PDR.pdf , page123 
used on input line 214.
(pdftex.def)             Requested size: 597.78697pt x 773.60669pt.
File: Resources/LSPACE/LSPACE-MCA_TEAM_01_PDR.pdf Graphic file (type pdf)
<use Resources/LSPACE/LSPACE-MCA_TEAM_01_PDR.pdf, page 123>
Package pdftex.def Info: Resources/LSPACE/LSPACE-MCA_TEAM_01_PDR.pdf , page123 
used on input line 214.
(pdftex.def)             Requested size: 597.78697pt x 773.60669pt.
 [575 <./Resources/LSPACE/LSPACE-MCA_TEAM_01_PDR.pdf>]
<Resources/LSPACE/LSPACE-MCA_TEAM_01_PDR.pdf, id=5337, page=124, 614.295pt x 79
4.97pt>
File: Resources/LSPACE/LSPACE-MCA_TEAM_01_PDR.pdf Graphic file (type pdf)
<use Resources/LSPACE/LSPACE-MCA_TEAM_01_PDR.pdf, page 124>
Package pdftex.def Info: Resources/LSPACE/LSPACE-MCA_TEAM_01_PDR.pdf , page124 
used on input line 214.
(pdftex.def)             Requested size: 597.78697pt x 773.60669pt.
File: Resources/LSPACE/LSPACE-MCA_TEAM_01_PDR.pdf Graphic file (type pdf)
<use Resources/LSPACE/LSPACE-MCA_TEAM_01_PDR.pdf, page 124>
Package pdftex.def Info: Resources/LSPACE/LSPACE-MCA_TEAM_01_PDR.pdf , page124 
used on input line 214.
(pdftex.def)             Requested size: 597.78697pt x 773.60669pt.
File: Resources/LSPACE/LSPACE-MCA_TEAM_01_PDR.pdf Graphic file (type pdf)
<use Resources/LSPACE/LSPACE-MCA_TEAM_01_PDR.pdf, page 124>
Package pdftex.def Info: Resources/LSPACE/LSPACE-MCA_TEAM_01_PDR.pdf , page124 
used on input line 214.
(pdftex.def)             Requested size: 597.78697pt x 773.60669pt.
 [576 <./Resources/LSPACE/LSPACE-MCA_TEAM_01_PDR.pdf>]
<Resources/LSPACE/LSPACE-MCA_TEAM_01_PDR.pdf, id=5346, page=125, 614.295pt x 79
4.97pt>
File: Resources/LSPACE/LSPACE-MCA_TEAM_01_PDR.pdf Graphic file (type pdf)
<use Resources/LSPACE/LSPACE-MCA_TEAM_01_PDR.pdf, page 125>
Package pdftex.def Info: Resources/LSPACE/LSPACE-MCA_TEAM_01_PDR.pdf , page125 
used on input line 214.
(pdftex.def)             Requested size: 597.78697pt x 773.60669pt.
File: Resources/LSPACE/LSPACE-MCA_TEAM_01_PDR.pdf Graphic file (type pdf)
<use Resources/LSPACE/LSPACE-MCA_TEAM_01_PDR.pdf, page 125>
Package pdftex.def Info: Resources/LSPACE/LSPACE-MCA_TEAM_01_PDR.pdf , page125 
used on input line 214.
(pdftex.def)             Requested size: 597.78697pt x 773.60669pt.
File: Resources/LSPACE/LSPACE-MCA_TEAM_01_PDR.pdf Graphic file (type pdf)
<use Resources/LSPACE/LSPACE-MCA_TEAM_01_PDR.pdf, page 125>
Package pdftex.def Info: Resources/LSPACE/LSPACE-MCA_TEAM_01_PDR.pdf , page125 
used on input line 214.
(pdftex.def)             Requested size: 597.78697pt x 773.60669pt.
 [577 <./Resources/LSPACE/LSPACE-MCA_TEAM_01_PDR.pdf>]
<Resources/LSPACE/LSPACE-MCA_TEAM_01_PDR.pdf, id=5356, page=126, 614.295pt x 79
4.97pt>
File: Resources/LSPACE/LSPACE-MCA_TEAM_01_PDR.pdf Graphic file (type pdf)
<use Resources/LSPACE/LSPACE-MCA_TEAM_01_PDR.pdf, page 126>
Package pdftex.def Info: Resources/LSPACE/LSPACE-MCA_TEAM_01_PDR.pdf , page126 
used on input line 214.
(pdftex.def)             Requested size: 597.78697pt x 773.60669pt.
File: Resources/LSPACE/LSPACE-MCA_TEAM_01_PDR.pdf Graphic file (type pdf)
<use Resources/LSPACE/LSPACE-MCA_TEAM_01_PDR.pdf, page 126>
Package pdftex.def Info: Resources/LSPACE/LSPACE-MCA_TEAM_01_PDR.pdf , page126 
used on input line 214.
(pdftex.def)             Requested size: 597.78697pt x 773.60669pt.
File: Resources/LSPACE/LSPACE-MCA_TEAM_01_PDR.pdf Graphic file (type pdf)
<use Resources/LSPACE/LSPACE-MCA_TEAM_01_PDR.pdf, page 126>
Package pdftex.def Info: Resources/LSPACE/LSPACE-MCA_TEAM_01_PDR.pdf , page126 
used on input line 214.
(pdftex.def)             Requested size: 597.78697pt x 773.60669pt.
 [578 <./Resources/LSPACE/LSPACE-MCA_TEAM_01_PDR.pdf>]
<Resources/LSPACE/LSPACE-MCA_TEAM_01_PDR.pdf, id=5365, page=127, 614.295pt x 79
4.97pt>
File: Resources/LSPACE/LSPACE-MCA_TEAM_01_PDR.pdf Graphic file (type pdf)
<use Resources/LSPACE/LSPACE-MCA_TEAM_01_PDR.pdf, page 127>
Package pdftex.def Info: Resources/LSPACE/LSPACE-MCA_TEAM_01_PDR.pdf , page127 
used on input line 214.
(pdftex.def)             Requested size: 597.78697pt x 773.60669pt.
File: Resources/LSPACE/LSPACE-MCA_TEAM_01_PDR.pdf Graphic file (type pdf)
<use Resources/LSPACE/LSPACE-MCA_TEAM_01_PDR.pdf, page 127>
Package pdftex.def Info: Resources/LSPACE/LSPACE-MCA_TEAM_01_PDR.pdf , page127 
used on input line 214.
(pdftex.def)             Requested size: 597.78697pt x 773.60669pt.
File: Resources/LSPACE/LSPACE-MCA_TEAM_01_PDR.pdf Graphic file (type pdf)
<use Resources/LSPACE/LSPACE-MCA_TEAM_01_PDR.pdf, page 127>
Package pdftex.def Info: Resources/LSPACE/LSPACE-MCA_TEAM_01_PDR.pdf , page127 
used on input line 214.
(pdftex.def)             Requested size: 597.78697pt x 773.60669pt.

[579 <./Resources/LSPACE/LSPACE-MCA_TEAM_01_PDR.pdf>]
<Resources/LSPACE/LSPACE-MCA_TEAM_01_PDR.pdf, id=5374, page=128, 614.295pt x 79
4.97pt>
File: Resources/LSPACE/LSPACE-MCA_TEAM_01_PDR.pdf Graphic file (type pdf)
<use Resources/LSPACE/LSPACE-MCA_TEAM_01_PDR.pdf, page 128>
Package pdftex.def Info: Resources/LSPACE/LSPACE-MCA_TEAM_01_PDR.pdf , page128 
used on input line 214.
(pdftex.def)             Requested size: 597.78697pt x 773.60669pt.
File: Resources/LSPACE/LSPACE-MCA_TEAM_01_PDR.pdf Graphic file (type pdf)
<use Resources/LSPACE/LSPACE-MCA_TEAM_01_PDR.pdf, page 128>
Package pdftex.def Info: Resources/LSPACE/LSPACE-MCA_TEAM_01_PDR.pdf , page128 
used on input line 214.
(pdftex.def)             Requested size: 597.78697pt x 773.60669pt.
File: Resources/LSPACE/LSPACE-MCA_TEAM_01_PDR.pdf Graphic file (type pdf)
<use Resources/LSPACE/LSPACE-MCA_TEAM_01_PDR.pdf, page 128>
Package pdftex.def Info: Resources/LSPACE/LSPACE-MCA_TEAM_01_PDR.pdf , page128 
used on input line 214.
(pdftex.def)             Requested size: 597.78697pt x 773.60669pt.
 [580 <./Resources/LSPACE/LSPACE-MCA_TEAM_01_PDR.pdf>]
<Resources/LSPACE/LSPACE-MCA_TEAM_01_PDR.pdf, id=5383, page=129, 614.295pt x 79
4.97pt>
File: Resources/LSPACE/LSPACE-MCA_TEAM_01_PDR.pdf Graphic file (type pdf)
<use Resources/LSPACE/LSPACE-MCA_TEAM_01_PDR.pdf, page 129>
Package pdftex.def Info: Resources/LSPACE/LSPACE-MCA_TEAM_01_PDR.pdf , page129 
used on input line 214.
(pdftex.def)             Requested size: 597.78697pt x 773.60669pt.
File: Resources/LSPACE/LSPACE-MCA_TEAM_01_PDR.pdf Graphic file (type pdf)
<use Resources/LSPACE/LSPACE-MCA_TEAM_01_PDR.pdf, page 129>
Package pdftex.def Info: Resources/LSPACE/LSPACE-MCA_TEAM_01_PDR.pdf , page129 
used on input line 214.
(pdftex.def)             Requested size: 597.78697pt x 773.60669pt.
File: Resources/LSPACE/LSPACE-MCA_TEAM_01_PDR.pdf Graphic file (type pdf)
<use Resources/LSPACE/LSPACE-MCA_TEAM_01_PDR.pdf, page 129>
Package pdftex.def Info: Resources/LSPACE/LSPACE-MCA_TEAM_01_PDR.pdf , page129 
used on input line 214.
(pdftex.def)             Requested size: 597.78697pt x 773.60669pt.
 [581 <./Resources/LSPACE/LSPACE-MCA_TEAM_01_PDR.pdf>]
<Resources/LSPACE/LSPACE-MCA_TEAM_01_PDR.pdf, id=5392, page=130, 614.295pt x 79
4.97pt>
File: Resources/LSPACE/LSPACE-MCA_TEAM_01_PDR.pdf Graphic file (type pdf)
<use Resources/LSPACE/LSPACE-MCA_TEAM_01_PDR.pdf, page 130>
Package pdftex.def Info: Resources/LSPACE/LSPACE-MCA_TEAM_01_PDR.pdf , page130 
used on input line 214.
(pdftex.def)             Requested size: 597.78697pt x 773.60669pt.
File: Resources/LSPACE/LSPACE-MCA_TEAM_01_PDR.pdf Graphic file (type pdf)
<use Resources/LSPACE/LSPACE-MCA_TEAM_01_PDR.pdf, page 130>
Package pdftex.def Info: Resources/LSPACE/LSPACE-MCA_TEAM_01_PDR.pdf , page130 
used on input line 214.
(pdftex.def)             Requested size: 597.78697pt x 773.60669pt.
File: Resources/LSPACE/LSPACE-MCA_TEAM_01_PDR.pdf Graphic file (type pdf)
<use Resources/LSPACE/LSPACE-MCA_TEAM_01_PDR.pdf, page 130>
Package pdftex.def Info: Resources/LSPACE/LSPACE-MCA_TEAM_01_PDR.pdf , page130 
used on input line 214.
(pdftex.def)             Requested size: 597.78697pt x 773.60669pt.
 [582 <./Resources/LSPACE/LSPACE-MCA_TEAM_01_PDR.pdf>]
<Resources/LSPACE/LSPACE-MCA_TEAM_01_PDR.pdf, id=5401, page=131, 614.295pt x 79
4.97pt>
File: Resources/LSPACE/LSPACE-MCA_TEAM_01_PDR.pdf Graphic file (type pdf)
<use Resources/LSPACE/LSPACE-MCA_TEAM_01_PDR.pdf, page 131>
Package pdftex.def Info: Resources/LSPACE/LSPACE-MCA_TEAM_01_PDR.pdf , page131 
used on input line 214.
(pdftex.def)             Requested size: 597.78697pt x 773.60669pt.
File: Resources/LSPACE/LSPACE-MCA_TEAM_01_PDR.pdf Graphic file (type pdf)
<use Resources/LSPACE/LSPACE-MCA_TEAM_01_PDR.pdf, page 131>
Package pdftex.def Info: Resources/LSPACE/LSPACE-MCA_TEAM_01_PDR.pdf , page131 
used on input line 214.
(pdftex.def)             Requested size: 597.78697pt x 773.60669pt.
File: Resources/LSPACE/LSPACE-MCA_TEAM_01_PDR.pdf Graphic file (type pdf)
<use Resources/LSPACE/LSPACE-MCA_TEAM_01_PDR.pdf, page 131>
Package pdftex.def Info: Resources/LSPACE/LSPACE-MCA_TEAM_01_PDR.pdf , page131 
used on input line 214.
(pdftex.def)             Requested size: 597.78697pt x 773.60669pt.
 [583 <./Resources/LSPACE/LSPACE-MCA_TEAM_01_PDR.pdf>]
<Resources/LSPACE/LSPACE-MCA_TEAM_01_PDR.pdf, id=5411, page=132, 614.295pt x 79
4.97pt>
File: Resources/LSPACE/LSPACE-MCA_TEAM_01_PDR.pdf Graphic file (type pdf)
<use Resources/LSPACE/LSPACE-MCA_TEAM_01_PDR.pdf, page 132>
Package pdftex.def Info: Resources/LSPACE/LSPACE-MCA_TEAM_01_PDR.pdf , page132 
used on input line 214.
(pdftex.def)             Requested size: 597.78697pt x 773.60669pt.
File: Resources/LSPACE/LSPACE-MCA_TEAM_01_PDR.pdf Graphic file (type pdf)
<use Resources/LSPACE/LSPACE-MCA_TEAM_01_PDR.pdf, page 132>
Package pdftex.def Info: Resources/LSPACE/LSPACE-MCA_TEAM_01_PDR.pdf , page132 
used on input line 214.
(pdftex.def)             Requested size: 597.78697pt x 773.60669pt.
File: Resources/LSPACE/LSPACE-MCA_TEAM_01_PDR.pdf Graphic file (type pdf)
<use Resources/LSPACE/LSPACE-MCA_TEAM_01_PDR.pdf, page 132>
Package pdftex.def Info: Resources/LSPACE/LSPACE-MCA_TEAM_01_PDR.pdf , page132 
used on input line 214.
(pdftex.def)             Requested size: 597.78697pt x 773.60669pt.
 [584 <./Resources/LSPACE/LSPACE-MCA_TEAM_01_PDR.pdf>]
<Resources/LSPACE/LSPACE-MCA_TEAM_01_PDR.pdf, id=5421, page=133, 614.295pt x 79
4.97pt>
File: Resources/LSPACE/LSPACE-MCA_TEAM_01_PDR.pdf Graphic file (type pdf)
<use Resources/LSPACE/LSPACE-MCA_TEAM_01_PDR.pdf, page 133>
Package pdftex.def Info: Resources/LSPACE/LSPACE-MCA_TEAM_01_PDR.pdf , page133 
used on input line 214.
(pdftex.def)             Requested size: 597.78697pt x 773.60669pt.
File: Resources/LSPACE/LSPACE-MCA_TEAM_01_PDR.pdf Graphic file (type pdf)
<use Resources/LSPACE/LSPACE-MCA_TEAM_01_PDR.pdf, page 133>
Package pdftex.def Info: Resources/LSPACE/LSPACE-MCA_TEAM_01_PDR.pdf , page133 
used on input line 214.
(pdftex.def)             Requested size: 597.78697pt x 773.60669pt.
File: Resources/LSPACE/LSPACE-MCA_TEAM_01_PDR.pdf Graphic file (type pdf)
<use Resources/LSPACE/LSPACE-MCA_TEAM_01_PDR.pdf, page 133>
Package pdftex.def Info: Resources/LSPACE/LSPACE-MCA_TEAM_01_PDR.pdf , page133 
used on input line 214.
(pdftex.def)             Requested size: 597.78697pt x 773.60669pt.
 [585 <./Resources/LSPACE/LSPACE-MCA_TEAM_01_PDR.pdf>]
<Resources/LSPACE/LSPACE-MCA_TEAM_01_PDR.pdf, id=5430, page=134, 614.295pt x 79
4.97pt>
File: Resources/LSPACE/LSPACE-MCA_TEAM_01_PDR.pdf Graphic file (type pdf)
<use Resources/LSPACE/LSPACE-MCA_TEAM_01_PDR.pdf, page 134>
Package pdftex.def Info: Resources/LSPACE/LSPACE-MCA_TEAM_01_PDR.pdf , page134 
used on input line 214.
(pdftex.def)             Requested size: 597.78697pt x 773.60669pt.
File: Resources/LSPACE/LSPACE-MCA_TEAM_01_PDR.pdf Graphic file (type pdf)
<use Resources/LSPACE/LSPACE-MCA_TEAM_01_PDR.pdf, page 134>
Package pdftex.def Info: Resources/LSPACE/LSPACE-MCA_TEAM_01_PDR.pdf , page134 
used on input line 214.
(pdftex.def)             Requested size: 597.78697pt x 773.60669pt.
File: Resources/LSPACE/LSPACE-MCA_TEAM_01_PDR.pdf Graphic file (type pdf)
<use Resources/LSPACE/LSPACE-MCA_TEAM_01_PDR.pdf, page 134>
Package pdftex.def Info: Resources/LSPACE/LSPACE-MCA_TEAM_01_PDR.pdf , page134 
used on input line 214.
(pdftex.def)             Requested size: 597.78697pt x 773.60669pt.
 [586 <./Resources/LSPACE/LSPACE-MCA_TEAM_01_PDR.pdf>]
<Resources/LSPACE/LSPACE-MCA_TEAM_01_PDR.pdf, id=5439, page=135, 614.295pt x 79
4.97pt>
File: Resources/LSPACE/LSPACE-MCA_TEAM_01_PDR.pdf Graphic file (type pdf)
<use Resources/LSPACE/LSPACE-MCA_TEAM_01_PDR.pdf, page 135>
Package pdftex.def Info: Resources/LSPACE/LSPACE-MCA_TEAM_01_PDR.pdf , page135 
used on input line 214.
(pdftex.def)             Requested size: 597.78697pt x 773.60669pt.
File: Resources/LSPACE/LSPACE-MCA_TEAM_01_PDR.pdf Graphic file (type pdf)
<use Resources/LSPACE/LSPACE-MCA_TEAM_01_PDR.pdf, page 135>
Package pdftex.def Info: Resources/LSPACE/LSPACE-MCA_TEAM_01_PDR.pdf , page135 
used on input line 214.
(pdftex.def)             Requested size: 597.78697pt x 773.60669pt.
File: Resources/LSPACE/LSPACE-MCA_TEAM_01_PDR.pdf Graphic file (type pdf)
<use Resources/LSPACE/LSPACE-MCA_TEAM_01_PDR.pdf, page 135>
Package pdftex.def Info: Resources/LSPACE/LSPACE-MCA_TEAM_01_PDR.pdf , page135 
used on input line 214.
(pdftex.def)             Requested size: 597.78697pt x 773.60669pt.
 [587 <./Resources/LSPACE/LSPACE-MCA_TEAM_01_PDR.pdf>]
<Resources/LSPACE/LSPACE-MCA_TEAM_01_PDR.pdf, id=5448, page=136, 794.97pt x 614
.295pt>
File: Resources/LSPACE/LSPACE-MCA_TEAM_01_PDR.pdf Graphic file (type pdf)
<use Resources/LSPACE/LSPACE-MCA_TEAM_01_PDR.pdf, page 136>
Package pdftex.def Info: Resources/LSPACE/LSPACE-MCA_TEAM_01_PDR.pdf , page136 
used on input line 214.
(pdftex.def)             Requested size: 773.60669pt x 597.78697pt.
File: Resources/LSPACE/LSPACE-MCA_TEAM_01_PDR.pdf Graphic file (type pdf)
<use Resources/LSPACE/LSPACE-MCA_TEAM_01_PDR.pdf, page 136>
Package pdftex.def Info: Resources/LSPACE/LSPACE-MCA_TEAM_01_PDR.pdf , page136 
used on input line 214.
(pdftex.def)             Requested size: 773.60669pt x 597.78697pt.
File: Resources/LSPACE/LSPACE-MCA_TEAM_01_PDR.pdf Graphic file (type pdf)
<use Resources/LSPACE/LSPACE-MCA_TEAM_01_PDR.pdf, page 136>
Package pdftex.def Info: Resources/LSPACE/LSPACE-MCA_TEAM_01_PDR.pdf , page136 
used on input line 214.
(pdftex.def)             Requested size: 773.60669pt x 597.78697pt.
 [588 <./Resources/LSPACE/LSPACE-MCA_TEAM_01_PDR.pdf>]
<Resources/LSPACE/LSPACE-MCA_TEAM_01_PDR.pdf, id=5463, page=137, 614.295pt x 79
4.97pt>
File: Resources/LSPACE/LSPACE-MCA_TEAM_01_PDR.pdf Graphic file (type pdf)
<use Resources/LSPACE/LSPACE-MCA_TEAM_01_PDR.pdf, page 137>
Package pdftex.def Info: Resources/LSPACE/LSPACE-MCA_TEAM_01_PDR.pdf , page137 
used on input line 214.
(pdftex.def)             Requested size: 597.78697pt x 773.60669pt.
File: Resources/LSPACE/LSPACE-MCA_TEAM_01_PDR.pdf Graphic file (type pdf)
<use Resources/LSPACE/LSPACE-MCA_TEAM_01_PDR.pdf, page 137>
Package pdftex.def Info: Resources/LSPACE/LSPACE-MCA_TEAM_01_PDR.pdf , page137 
used on input line 214.
(pdftex.def)             Requested size: 597.78697pt x 773.60669pt.
File: Resources/LSPACE/LSPACE-MCA_TEAM_01_PDR.pdf Graphic file (type pdf)
<use Resources/LSPACE/LSPACE-MCA_TEAM_01_PDR.pdf, page 137>
Package pdftex.def Info: Resources/LSPACE/LSPACE-MCA_TEAM_01_PDR.pdf , page137 
used on input line 214.
(pdftex.def)             Requested size: 597.78697pt x 773.60669pt.
 [589 <./Resources/LSPACE/LSPACE-MCA_TEAM_01_PDR.pdf>]
<Resources/LSPACE/LSPACE-MCA_TEAM_01_PDR.pdf, id=5473, page=138, 614.295pt x 79
4.97pt>
File: Resources/LSPACE/LSPACE-MCA_TEAM_01_PDR.pdf Graphic file (type pdf)
<use Resources/LSPACE/LSPACE-MCA_TEAM_01_PDR.pdf, page 138>
Package pdftex.def Info: Resources/LSPACE/LSPACE-MCA_TEAM_01_PDR.pdf , page138 
used on input line 214.
(pdftex.def)             Requested size: 597.78697pt x 773.60669pt.
File: Resources/LSPACE/LSPACE-MCA_TEAM_01_PDR.pdf Graphic file (type pdf)
<use Resources/LSPACE/LSPACE-MCA_TEAM_01_PDR.pdf, page 138>
Package pdftex.def Info: Resources/LSPACE/LSPACE-MCA_TEAM_01_PDR.pdf , page138 
used on input line 214.
(pdftex.def)             Requested size: 597.78697pt x 773.60669pt.
File: Resources/LSPACE/LSPACE-MCA_TEAM_01_PDR.pdf Graphic file (type pdf)
<use Resources/LSPACE/LSPACE-MCA_TEAM_01_PDR.pdf, page 138>
Package pdftex.def Info: Resources/LSPACE/LSPACE-MCA_TEAM_01_PDR.pdf , page138 
used on input line 214.
(pdftex.def)             Requested size: 597.78697pt x 773.60669pt.
 [590 <./Resources/LSPACE/LSPACE-MCA_TEAM_01_PDR.pdf>]
<Resources/LSPACE/LSPACE-MCA_TEAM_01_PDR.pdf, id=5484, page=139, 614.295pt x 79
4.97pt>
File: Resources/LSPACE/LSPACE-MCA_TEAM_01_PDR.pdf Graphic file (type pdf)
<use Resources/LSPACE/LSPACE-MCA_TEAM_01_PDR.pdf, page 139>
Package pdftex.def Info: Resources/LSPACE/LSPACE-MCA_TEAM_01_PDR.pdf , page139 
used on input line 214.
(pdftex.def)             Requested size: 597.78697pt x 773.60669pt.
File: Resources/LSPACE/LSPACE-MCA_TEAM_01_PDR.pdf Graphic file (type pdf)
<use Resources/LSPACE/LSPACE-MCA_TEAM_01_PDR.pdf, page 139>
Package pdftex.def Info: Resources/LSPACE/LSPACE-MCA_TEAM_01_PDR.pdf , page139 
used on input line 214.
(pdftex.def)             Requested size: 597.78697pt x 773.60669pt.
File: Resources/LSPACE/LSPACE-MCA_TEAM_01_PDR.pdf Graphic file (type pdf)
<use Resources/LSPACE/LSPACE-MCA_TEAM_01_PDR.pdf, page 139>
Package pdftex.def Info: Resources/LSPACE/LSPACE-MCA_TEAM_01_PDR.pdf , page139 
used on input line 214.
(pdftex.def)             Requested size: 597.78697pt x 773.60669pt.
 [591 <./Resources/LSPACE/LSPACE-MCA_TEAM_01_PDR.pdf>]
<Resources/LSPACE/LSPACE-MCA_TEAM_01_PDR.pdf, id=5493, page=140, 794.97pt x 614
.295pt>
File: Resources/LSPACE/LSPACE-MCA_TEAM_01_PDR.pdf Graphic file (type pdf)
<use Resources/LSPACE/LSPACE-MCA_TEAM_01_PDR.pdf, page 140>
Package pdftex.def Info: Resources/LSPACE/LSPACE-MCA_TEAM_01_PDR.pdf , page140 
used on input line 214.
(pdftex.def)             Requested size: 773.60669pt x 597.78697pt.
File: Resources/LSPACE/LSPACE-MCA_TEAM_01_PDR.pdf Graphic file (type pdf)
<use Resources/LSPACE/LSPACE-MCA_TEAM_01_PDR.pdf, page 140>
Package pdftex.def Info: Resources/LSPACE/LSPACE-MCA_TEAM_01_PDR.pdf , page140 
used on input line 214.
(pdftex.def)             Requested size: 773.60669pt x 597.78697pt.
File: Resources/LSPACE/LSPACE-MCA_TEAM_01_PDR.pdf Graphic file (type pdf)
<use Resources/LSPACE/LSPACE-MCA_TEAM_01_PDR.pdf, page 140>
Package pdftex.def Info: Resources/LSPACE/LSPACE-MCA_TEAM_01_PDR.pdf , page140 
used on input line 214.
(pdftex.def)             Requested size: 773.60669pt x 597.78697pt.
 [592 <./Resources/LSPACE/LSPACE-MCA_TEAM_01_PDR.pdf>]
<Resources/LSPACE/LSPACE-MCA_TEAM_01_PDR.pdf, id=5502, page=141, 614.295pt x 79
4.97pt>
File: Resources/LSPACE/LSPACE-MCA_TEAM_01_PDR.pdf Graphic file (type pdf)
<use Resources/LSPACE/LSPACE-MCA_TEAM_01_PDR.pdf, page 141>
Package pdftex.def Info: Resources/LSPACE/LSPACE-MCA_TEAM_01_PDR.pdf , page141 
used on input line 214.
(pdftex.def)             Requested size: 597.78697pt x 773.60669pt.
File: Resources/LSPACE/LSPACE-MCA_TEAM_01_PDR.pdf Graphic file (type pdf)
<use Resources/LSPACE/LSPACE-MCA_TEAM_01_PDR.pdf, page 141>
Package pdftex.def Info: Resources/LSPACE/LSPACE-MCA_TEAM_01_PDR.pdf , page141 
used on input line 214.
(pdftex.def)             Requested size: 597.78697pt x 773.60669pt.
File: Resources/LSPACE/LSPACE-MCA_TEAM_01_PDR.pdf Graphic file (type pdf)
<use Resources/LSPACE/LSPACE-MCA_TEAM_01_PDR.pdf, page 141>
Package pdftex.def Info: Resources/LSPACE/LSPACE-MCA_TEAM_01_PDR.pdf , page141 
used on input line 214.
(pdftex.def)             Requested size: 597.78697pt x 773.60669pt.
 [593 <./Resources/LSPACE/LSPACE-MCA_TEAM_01_PDR.pdf>]
<Resources/LSPACE/LSPACE-MCA_TEAM_01_PDR.pdf, id=5511, page=142, 614.295pt x 79
4.97pt>
File: Resources/LSPACE/LSPACE-MCA_TEAM_01_PDR.pdf Graphic file (type pdf)
<use Resources/LSPACE/LSPACE-MCA_TEAM_01_PDR.pdf, page 142>
Package pdftex.def Info: Resources/LSPACE/LSPACE-MCA_TEAM_01_PDR.pdf , page142 
used on input line 214.
(pdftex.def)             Requested size: 597.78697pt x 773.60669pt.
File: Resources/LSPACE/LSPACE-MCA_TEAM_01_PDR.pdf Graphic file (type pdf)
<use Resources/LSPACE/LSPACE-MCA_TEAM_01_PDR.pdf, page 142>
Package pdftex.def Info: Resources/LSPACE/LSPACE-MCA_TEAM_01_PDR.pdf , page142 
used on input line 214.
(pdftex.def)             Requested size: 597.78697pt x 773.60669pt.
File: Resources/LSPACE/LSPACE-MCA_TEAM_01_PDR.pdf Graphic file (type pdf)
<use Resources/LSPACE/LSPACE-MCA_TEAM_01_PDR.pdf, page 142>
Package pdftex.def Info: Resources/LSPACE/LSPACE-MCA_TEAM_01_PDR.pdf , page142 
used on input line 214.
(pdftex.def)             Requested size: 597.78697pt x 773.60669pt.
 [594 <./Resources/LSPACE/LSPACE-MCA_TEAM_01_PDR.pdf>]
<Resources/LSPACE/LSPACE-MCA_TEAM_01_PDR.pdf, id=5520, page=143, 614.295pt x 79
4.97pt>
File: Resources/LSPACE/LSPACE-MCA_TEAM_01_PDR.pdf Graphic file (type pdf)
<use Resources/LSPACE/LSPACE-MCA_TEAM_01_PDR.pdf, page 143>
Package pdftex.def Info: Resources/LSPACE/LSPACE-MCA_TEAM_01_PDR.pdf , page143 
used on input line 214.
(pdftex.def)             Requested size: 597.78697pt x 773.60669pt.
File: Resources/LSPACE/LSPACE-MCA_TEAM_01_PDR.pdf Graphic file (type pdf)
<use Resources/LSPACE/LSPACE-MCA_TEAM_01_PDR.pdf, page 143>
Package pdftex.def Info: Resources/LSPACE/LSPACE-MCA_TEAM_01_PDR.pdf , page143 
used on input line 214.
(pdftex.def)             Requested size: 597.78697pt x 773.60669pt.
File: Resources/LSPACE/LSPACE-MCA_TEAM_01_PDR.pdf Graphic file (type pdf)
<use Resources/LSPACE/LSPACE-MCA_TEAM_01_PDR.pdf, page 143>
Package pdftex.def Info: Resources/LSPACE/LSPACE-MCA_TEAM_01_PDR.pdf , page143 
used on input line 214.
(pdftex.def)             Requested size: 597.78697pt x 773.60669pt.

[595 <./Resources/LSPACE/LSPACE-MCA_TEAM_01_PDR.pdf>]
<Resources/LSPACE/LSPACE-MCA_TEAM_01_PDR.pdf, id=5530, page=144, 614.295pt x 79
4.97pt>
File: Resources/LSPACE/LSPACE-MCA_TEAM_01_PDR.pdf Graphic file (type pdf)
<use Resources/LSPACE/LSPACE-MCA_TEAM_01_PDR.pdf, page 144>
Package pdftex.def Info: Resources/LSPACE/LSPACE-MCA_TEAM_01_PDR.pdf , page144 
used on input line 214.
(pdftex.def)             Requested size: 597.78697pt x 773.60669pt.
File: Resources/LSPACE/LSPACE-MCA_TEAM_01_PDR.pdf Graphic file (type pdf)
<use Resources/LSPACE/LSPACE-MCA_TEAM_01_PDR.pdf, page 144>
Package pdftex.def Info: Resources/LSPACE/LSPACE-MCA_TEAM_01_PDR.pdf , page144 
used on input line 214.
(pdftex.def)             Requested size: 597.78697pt x 773.60669pt.
File: Resources/LSPACE/LSPACE-MCA_TEAM_01_PDR.pdf Graphic file (type pdf)
<use Resources/LSPACE/LSPACE-MCA_TEAM_01_PDR.pdf, page 144>
Package pdftex.def Info: Resources/LSPACE/LSPACE-MCA_TEAM_01_PDR.pdf , page144 
used on input line 214.
(pdftex.def)             Requested size: 597.78697pt x 773.60669pt.
 [596 <./Resources/LSPACE/LSPACE-MCA_TEAM_01_PDR.pdf>]
<Resources/LSPACE/LSPACE-MCA_TEAM_01_PDR.pdf, id=5539, page=145, 614.295pt x 79
4.97pt>
File: Resources/LSPACE/LSPACE-MCA_TEAM_01_PDR.pdf Graphic file (type pdf)
<use Resources/LSPACE/LSPACE-MCA_TEAM_01_PDR.pdf, page 145>
Package pdftex.def Info: Resources/LSPACE/LSPACE-MCA_TEAM_01_PDR.pdf , page145 
used on input line 214.
(pdftex.def)             Requested size: 597.78697pt x 773.60669pt.
File: Resources/LSPACE/LSPACE-MCA_TEAM_01_PDR.pdf Graphic file (type pdf)
<use Resources/LSPACE/LSPACE-MCA_TEAM_01_PDR.pdf, page 145>
Package pdftex.def Info: Resources/LSPACE/LSPACE-MCA_TEAM_01_PDR.pdf , page145 
used on input line 214.
(pdftex.def)             Requested size: 597.78697pt x 773.60669pt.
File: Resources/LSPACE/LSPACE-MCA_TEAM_01_PDR.pdf Graphic file (type pdf)
<use Resources/LSPACE/LSPACE-MCA_TEAM_01_PDR.pdf, page 145>
Package pdftex.def Info: Resources/LSPACE/LSPACE-MCA_TEAM_01_PDR.pdf , page145 
used on input line 214.
(pdftex.def)             Requested size: 597.78697pt x 773.60669pt.
 [597 <./Resources/LSPACE/LSPACE-MCA_TEAM_01_PDR.pdf>]
<Resources/LSPACE/LSPACE-MCA_TEAM_01_PDR.pdf, id=5548, page=146, 614.295pt x 79
4.97pt>
File: Resources/LSPACE/LSPACE-MCA_TEAM_01_PDR.pdf Graphic file (type pdf)
<use Resources/LSPACE/LSPACE-MCA_TEAM_01_PDR.pdf, page 146>
Package pdftex.def Info: Resources/LSPACE/LSPACE-MCA_TEAM_01_PDR.pdf , page146 
used on input line 214.
(pdftex.def)             Requested size: 597.78697pt x 773.60669pt.
File: Resources/LSPACE/LSPACE-MCA_TEAM_01_PDR.pdf Graphic file (type pdf)
<use Resources/LSPACE/LSPACE-MCA_TEAM_01_PDR.pdf, page 146>
Package pdftex.def Info: Resources/LSPACE/LSPACE-MCA_TEAM_01_PDR.pdf , page146 
used on input line 214.
(pdftex.def)             Requested size: 597.78697pt x 773.60669pt.
File: Resources/LSPACE/LSPACE-MCA_TEAM_01_PDR.pdf Graphic file (type pdf)
<use Resources/LSPACE/LSPACE-MCA_TEAM_01_PDR.pdf, page 146>
Package pdftex.def Info: Resources/LSPACE/LSPACE-MCA_TEAM_01_PDR.pdf , page146 
used on input line 214.
(pdftex.def)             Requested size: 597.78697pt x 773.60669pt.
 [598 <./Resources/LSPACE/LSPACE-MCA_TEAM_01_PDR.pdf>]
<Resources/LSPACE/LSPACE-MCA_TEAM_01_PDR.pdf, id=5557, page=147, 614.295pt x 79
4.97pt>
File: Resources/LSPACE/LSPACE-MCA_TEAM_01_PDR.pdf Graphic file (type pdf)
<use Resources/LSPACE/LSPACE-MCA_TEAM_01_PDR.pdf, page 147>
Package pdftex.def Info: Resources/LSPACE/LSPACE-MCA_TEAM_01_PDR.pdf , page147 
used on input line 214.
(pdftex.def)             Requested size: 597.78697pt x 773.60669pt.
File: Resources/LSPACE/LSPACE-MCA_TEAM_01_PDR.pdf Graphic file (type pdf)
<use Resources/LSPACE/LSPACE-MCA_TEAM_01_PDR.pdf, page 147>
Package pdftex.def Info: Resources/LSPACE/LSPACE-MCA_TEAM_01_PDR.pdf , page147 
used on input line 214.
(pdftex.def)             Requested size: 597.78697pt x 773.60669pt.
File: Resources/LSPACE/LSPACE-MCA_TEAM_01_PDR.pdf Graphic file (type pdf)
<use Resources/LSPACE/LSPACE-MCA_TEAM_01_PDR.pdf, page 147>
Package pdftex.def Info: Resources/LSPACE/LSPACE-MCA_TEAM_01_PDR.pdf , page147 
used on input line 214.
(pdftex.def)             Requested size: 597.78697pt x 773.60669pt.
 [599 <./Resources/LSPACE/LSPACE-MCA_TEAM_01_PDR.pdf>]
<Resources/LSPACE/LSPACE-MCA_TEAM_01_PDR.pdf, id=5566, page=148, 614.295pt x 79
4.97pt>
File: Resources/LSPACE/LSPACE-MCA_TEAM_01_PDR.pdf Graphic file (type pdf)
<use Resources/LSPACE/LSPACE-MCA_TEAM_01_PDR.pdf, page 148>
Package pdftex.def Info: Resources/LSPACE/LSPACE-MCA_TEAM_01_PDR.pdf , page148 
used on input line 214.
(pdftex.def)             Requested size: 597.78697pt x 773.60669pt.
File: Resources/LSPACE/LSPACE-MCA_TEAM_01_PDR.pdf Graphic file (type pdf)
<use Resources/LSPACE/LSPACE-MCA_TEAM_01_PDR.pdf, page 148>
Package pdftex.def Info: Resources/LSPACE/LSPACE-MCA_TEAM_01_PDR.pdf , page148 
used on input line 214.
(pdftex.def)             Requested size: 597.78697pt x 773.60669pt.
File: Resources/LSPACE/LSPACE-MCA_TEAM_01_PDR.pdf Graphic file (type pdf)
<use Resources/LSPACE/LSPACE-MCA_TEAM_01_PDR.pdf, page 148>
Package pdftex.def Info: Resources/LSPACE/LSPACE-MCA_TEAM_01_PDR.pdf , page148 
used on input line 214.
(pdftex.def)             Requested size: 597.78697pt x 773.60669pt.
 [600 <./Resources/LSPACE/LSPACE-MCA_TEAM_01_PDR.pdf>]
<Resources/LSPACE/LSPACE-MCA_TEAM_01_PDR.pdf, id=5576, page=149, 614.295pt x 79
4.97pt>
File: Resources/LSPACE/LSPACE-MCA_TEAM_01_PDR.pdf Graphic file (type pdf)
<use Resources/LSPACE/LSPACE-MCA_TEAM_01_PDR.pdf, page 149>
Package pdftex.def Info: Resources/LSPACE/LSPACE-MCA_TEAM_01_PDR.pdf , page149 
used on input line 214.
(pdftex.def)             Requested size: 597.78697pt x 773.60669pt.
File: Resources/LSPACE/LSPACE-MCA_TEAM_01_PDR.pdf Graphic file (type pdf)
<use Resources/LSPACE/LSPACE-MCA_TEAM_01_PDR.pdf, page 149>
Package pdftex.def Info: Resources/LSPACE/LSPACE-MCA_TEAM_01_PDR.pdf , page149 
used on input line 214.
(pdftex.def)             Requested size: 597.78697pt x 773.60669pt.
File: Resources/LSPACE/LSPACE-MCA_TEAM_01_PDR.pdf Graphic file (type pdf)
<use Resources/LSPACE/LSPACE-MCA_TEAM_01_PDR.pdf, page 149>
Package pdftex.def Info: Resources/LSPACE/LSPACE-MCA_TEAM_01_PDR.pdf , page149 
used on input line 214.
(pdftex.def)             Requested size: 597.78697pt x 773.60669pt.
 [601 <./Resources/LSPACE/LSPACE-MCA_TEAM_01_PDR.pdf>]
<Resources/LSPACE/LSPACE-MCA_TEAM_01_PDR.pdf, id=5593, page=150, 614.295pt x 79
4.97pt>
File: Resources/LSPACE/LSPACE-MCA_TEAM_01_PDR.pdf Graphic file (type pdf)
<use Resources/LSPACE/LSPACE-MCA_TEAM_01_PDR.pdf, page 150>
Package pdftex.def Info: Resources/LSPACE/LSPACE-MCA_TEAM_01_PDR.pdf , page150 
used on input line 214.
(pdftex.def)             Requested size: 597.78697pt x 773.60669pt.
File: Resources/LSPACE/LSPACE-MCA_TEAM_01_PDR.pdf Graphic file (type pdf)
<use Resources/LSPACE/LSPACE-MCA_TEAM_01_PDR.pdf, page 150>
Package pdftex.def Info: Resources/LSPACE/LSPACE-MCA_TEAM_01_PDR.pdf , page150 
used on input line 214.
(pdftex.def)             Requested size: 597.78697pt x 773.60669pt.
File: Resources/LSPACE/LSPACE-MCA_TEAM_01_PDR.pdf Graphic file (type pdf)
<use Resources/LSPACE/LSPACE-MCA_TEAM_01_PDR.pdf, page 150>
Package pdftex.def Info: Resources/LSPACE/LSPACE-MCA_TEAM_01_PDR.pdf , page150 
used on input line 214.
(pdftex.def)             Requested size: 597.78697pt x 773.60669pt.
 [602 <./Resources/LSPACE/LSPACE-MCA_TEAM_01_PDR.pdf>]
<Resources/LSPACE/LSPACE-MCA_TEAM_01_PDR.pdf, id=5602, page=151, 614.295pt x 79
4.97pt>
File: Resources/LSPACE/LSPACE-MCA_TEAM_01_PDR.pdf Graphic file (type pdf)
<use Resources/LSPACE/LSPACE-MCA_TEAM_01_PDR.pdf, page 151>
Package pdftex.def Info: Resources/LSPACE/LSPACE-MCA_TEAM_01_PDR.pdf , page151 
used on input line 214.
(pdftex.def)             Requested size: 597.78697pt x 773.60669pt.
File: Resources/LSPACE/LSPACE-MCA_TEAM_01_PDR.pdf Graphic file (type pdf)
<use Resources/LSPACE/LSPACE-MCA_TEAM_01_PDR.pdf, page 151>
Package pdftex.def Info: Resources/LSPACE/LSPACE-MCA_TEAM_01_PDR.pdf , page151 
used on input line 214.
(pdftex.def)             Requested size: 597.78697pt x 773.60669pt.
File: Resources/LSPACE/LSPACE-MCA_TEAM_01_PDR.pdf Graphic file (type pdf)
<use Resources/LSPACE/LSPACE-MCA_TEAM_01_PDR.pdf, page 151>
Package pdftex.def Info: Resources/LSPACE/LSPACE-MCA_TEAM_01_PDR.pdf , page151 
used on input line 214.
(pdftex.def)             Requested size: 597.78697pt x 773.60669pt.
 [603 <./Resources/LSPACE/LSPACE-MCA_TEAM_01_PDR.pdf>]
<Resources/LSPACE/LSPACE-MCA_TEAM_01_PDR.pdf, id=5624, page=152, 614.295pt x 79
4.97pt>
File: Resources/LSPACE/LSPACE-MCA_TEAM_01_PDR.pdf Graphic file (type pdf)
<use Resources/LSPACE/LSPACE-MCA_TEAM_01_PDR.pdf, page 152>
Package pdftex.def Info: Resources/LSPACE/LSPACE-MCA_TEAM_01_PDR.pdf , page152 
used on input line 214.
(pdftex.def)             Requested size: 597.78697pt x 773.60669pt.
File: Resources/LSPACE/LSPACE-MCA_TEAM_01_PDR.pdf Graphic file (type pdf)
<use Resources/LSPACE/LSPACE-MCA_TEAM_01_PDR.pdf, page 152>
Package pdftex.def Info: Resources/LSPACE/LSPACE-MCA_TEAM_01_PDR.pdf , page152 
used on input line 214.
(pdftex.def)             Requested size: 597.78697pt x 773.60669pt.
File: Resources/LSPACE/LSPACE-MCA_TEAM_01_PDR.pdf Graphic file (type pdf)
<use Resources/LSPACE/LSPACE-MCA_TEAM_01_PDR.pdf, page 152>
Package pdftex.def Info: Resources/LSPACE/LSPACE-MCA_TEAM_01_PDR.pdf , page152 
used on input line 214.
(pdftex.def)             Requested size: 597.78697pt x 773.60669pt.
 [604 <./Resources/LSPACE/LSPACE-MCA_TEAM_01_PDR.pdf>]
<Resources/LSPACE/LSPACE-MCA_TEAM_01_PDR.pdf, id=5635, page=153, 614.295pt x 79
4.97pt>
File: Resources/LSPACE/LSPACE-MCA_TEAM_01_PDR.pdf Graphic file (type pdf)
<use Resources/LSPACE/LSPACE-MCA_TEAM_01_PDR.pdf, page 153>
Package pdftex.def Info: Resources/LSPACE/LSPACE-MCA_TEAM_01_PDR.pdf , page153 
used on input line 214.
(pdftex.def)             Requested size: 597.78697pt x 773.60669pt.
File: Resources/LSPACE/LSPACE-MCA_TEAM_01_PDR.pdf Graphic file (type pdf)
<use Resources/LSPACE/LSPACE-MCA_TEAM_01_PDR.pdf, page 153>
Package pdftex.def Info: Resources/LSPACE/LSPACE-MCA_TEAM_01_PDR.pdf , page153 
used on input line 214.
(pdftex.def)             Requested size: 597.78697pt x 773.60669pt.
File: Resources/LSPACE/LSPACE-MCA_TEAM_01_PDR.pdf Graphic file (type pdf)
<use Resources/LSPACE/LSPACE-MCA_TEAM_01_PDR.pdf, page 153>
Package pdftex.def Info: Resources/LSPACE/LSPACE-MCA_TEAM_01_PDR.pdf , page153 
used on input line 214.
(pdftex.def)             Requested size: 597.78697pt x 773.60669pt.
 [605 <./Resources/LSPACE/LSPACE-MCA_TEAM_01_PDR.pdf>]
<Resources/LSPACE/LSPACE-MCA_TEAM_01_PDR.pdf, id=5646, page=154, 614.295pt x 79
4.97pt>
File: Resources/LSPACE/LSPACE-MCA_TEAM_01_PDR.pdf Graphic file (type pdf)
<use Resources/LSPACE/LSPACE-MCA_TEAM_01_PDR.pdf, page 154>
Package pdftex.def Info: Resources/LSPACE/LSPACE-MCA_TEAM_01_PDR.pdf , page154 
used on input line 214.
(pdftex.def)             Requested size: 597.78697pt x 773.60669pt.
File: Resources/LSPACE/LSPACE-MCA_TEAM_01_PDR.pdf Graphic file (type pdf)
<use Resources/LSPACE/LSPACE-MCA_TEAM_01_PDR.pdf, page 154>
Package pdftex.def Info: Resources/LSPACE/LSPACE-MCA_TEAM_01_PDR.pdf , page154 
used on input line 214.
(pdftex.def)             Requested size: 597.78697pt x 773.60669pt.
File: Resources/LSPACE/LSPACE-MCA_TEAM_01_PDR.pdf Graphic file (type pdf)
<use Resources/LSPACE/LSPACE-MCA_TEAM_01_PDR.pdf, page 154>
Package pdftex.def Info: Resources/LSPACE/LSPACE-MCA_TEAM_01_PDR.pdf , page154 
used on input line 214.
(pdftex.def)             Requested size: 597.78697pt x 773.60669pt.
 [606 <./Resources/LSPACE/LSPACE-MCA_TEAM_01_PDR.pdf>]
<Resources/LSPACE/LSPACE-MCA_TEAM_01_PDR.pdf, id=5657, page=155, 614.295pt x 79
4.97pt>
File: Resources/LSPACE/LSPACE-MCA_TEAM_01_PDR.pdf Graphic file (type pdf)
<use Resources/LSPACE/LSPACE-MCA_TEAM_01_PDR.pdf, page 155>
Package pdftex.def Info: Resources/LSPACE/LSPACE-MCA_TEAM_01_PDR.pdf , page155 
used on input line 214.
(pdftex.def)             Requested size: 597.78697pt x 773.60669pt.
File: Resources/LSPACE/LSPACE-MCA_TEAM_01_PDR.pdf Graphic file (type pdf)
<use Resources/LSPACE/LSPACE-MCA_TEAM_01_PDR.pdf, page 155>
Package pdftex.def Info: Resources/LSPACE/LSPACE-MCA_TEAM_01_PDR.pdf , page155 
used on input line 214.
(pdftex.def)             Requested size: 597.78697pt x 773.60669pt.
File: Resources/LSPACE/LSPACE-MCA_TEAM_01_PDR.pdf Graphic file (type pdf)
<use Resources/LSPACE/LSPACE-MCA_TEAM_01_PDR.pdf, page 155>
Package pdftex.def Info: Resources/LSPACE/LSPACE-MCA_TEAM_01_PDR.pdf , page155 
used on input line 214.
(pdftex.def)             Requested size: 597.78697pt x 773.60669pt.
 [607 <./Resources/LSPACE/LSPACE-MCA_TEAM_01_PDR.pdf>]
<Resources/LSPACE/LSPACE-MCA_TEAM_01_PDR.pdf, id=5669, page=156, 614.295pt x 79
4.97pt>
File: Resources/LSPACE/LSPACE-MCA_TEAM_01_PDR.pdf Graphic file (type pdf)
<use Resources/LSPACE/LSPACE-MCA_TEAM_01_PDR.pdf, page 156>
Package pdftex.def Info: Resources/LSPACE/LSPACE-MCA_TEAM_01_PDR.pdf , page156 
used on input line 214.
(pdftex.def)             Requested size: 597.78697pt x 773.60669pt.
File: Resources/LSPACE/LSPACE-MCA_TEAM_01_PDR.pdf Graphic file (type pdf)
<use Resources/LSPACE/LSPACE-MCA_TEAM_01_PDR.pdf, page 156>
Package pdftex.def Info: Resources/LSPACE/LSPACE-MCA_TEAM_01_PDR.pdf , page156 
used on input line 214.
(pdftex.def)             Requested size: 597.78697pt x 773.60669pt.
File: Resources/LSPACE/LSPACE-MCA_TEAM_01_PDR.pdf Graphic file (type pdf)
<use Resources/LSPACE/LSPACE-MCA_TEAM_01_PDR.pdf, page 156>
Package pdftex.def Info: Resources/LSPACE/LSPACE-MCA_TEAM_01_PDR.pdf , page156 
used on input line 214.
(pdftex.def)             Requested size: 597.78697pt x 773.60669pt.
 [608 <./Resources/LSPACE/LSPACE-MCA_TEAM_01_PDR.pdf>]
<Resources/LSPACE/LSPACE-MCA_TEAM_01_PDR.pdf, id=5678, page=157, 614.295pt x 79
4.97pt>
File: Resources/LSPACE/LSPACE-MCA_TEAM_01_PDR.pdf Graphic file (type pdf)
<use Resources/LSPACE/LSPACE-MCA_TEAM_01_PDR.pdf, page 157>
Package pdftex.def Info: Resources/LSPACE/LSPACE-MCA_TEAM_01_PDR.pdf , page157 
used on input line 214.
(pdftex.def)             Requested size: 597.78697pt x 773.60669pt.
File: Resources/LSPACE/LSPACE-MCA_TEAM_01_PDR.pdf Graphic file (type pdf)
<use Resources/LSPACE/LSPACE-MCA_TEAM_01_PDR.pdf, page 157>
Package pdftex.def Info: Resources/LSPACE/LSPACE-MCA_TEAM_01_PDR.pdf , page157 
used on input line 214.
(pdftex.def)             Requested size: 597.78697pt x 773.60669pt.
File: Resources/LSPACE/LSPACE-MCA_TEAM_01_PDR.pdf Graphic file (type pdf)
<use Resources/LSPACE/LSPACE-MCA_TEAM_01_PDR.pdf, page 157>
Package pdftex.def Info: Resources/LSPACE/LSPACE-MCA_TEAM_01_PDR.pdf , page157 
used on input line 214.
(pdftex.def)             Requested size: 597.78697pt x 773.60669pt.
 [609 <./Resources/LSPACE/LSPACE-MCA_TEAM_01_PDR.pdf>]
<Resources/LSPACE/LSPACE-MCA_TEAM_01_PDR.pdf, id=5687, page=158, 614.295pt x 79
4.97pt>
File: Resources/LSPACE/LSPACE-MCA_TEAM_01_PDR.pdf Graphic file (type pdf)
<use Resources/LSPACE/LSPACE-MCA_TEAM_01_PDR.pdf, page 158>
Package pdftex.def Info: Resources/LSPACE/LSPACE-MCA_TEAM_01_PDR.pdf , page158 
used on input line 214.
(pdftex.def)             Requested size: 597.78697pt x 773.60669pt.
File: Resources/LSPACE/LSPACE-MCA_TEAM_01_PDR.pdf Graphic file (type pdf)
<use Resources/LSPACE/LSPACE-MCA_TEAM_01_PDR.pdf, page 158>
Package pdftex.def Info: Resources/LSPACE/LSPACE-MCA_TEAM_01_PDR.pdf , page158 
used on input line 214.
(pdftex.def)             Requested size: 597.78697pt x 773.60669pt.
File: Resources/LSPACE/LSPACE-MCA_TEAM_01_PDR.pdf Graphic file (type pdf)
<use Resources/LSPACE/LSPACE-MCA_TEAM_01_PDR.pdf, page 158>
Package pdftex.def Info: Resources/LSPACE/LSPACE-MCA_TEAM_01_PDR.pdf , page158 
used on input line 214.
(pdftex.def)             Requested size: 597.78697pt x 773.60669pt.
 [610 <./Resources/LSPACE/LSPACE-MCA_TEAM_01_PDR.pdf>]
<Resources/LSPACE/LSPACE-MCA_TEAM_01_PDR.pdf, id=5696, page=159, 614.295pt x 79
4.97pt>
File: Resources/LSPACE/LSPACE-MCA_TEAM_01_PDR.pdf Graphic file (type pdf)
<use Resources/LSPACE/LSPACE-MCA_TEAM_01_PDR.pdf, page 159>
Package pdftex.def Info: Resources/LSPACE/LSPACE-MCA_TEAM_01_PDR.pdf , page159 
used on input line 214.
(pdftex.def)             Requested size: 597.78697pt x 773.60669pt.
File: Resources/LSPACE/LSPACE-MCA_TEAM_01_PDR.pdf Graphic file (type pdf)
<use Resources/LSPACE/LSPACE-MCA_TEAM_01_PDR.pdf, page 159>
Package pdftex.def Info: Resources/LSPACE/LSPACE-MCA_TEAM_01_PDR.pdf , page159 
used on input line 214.
(pdftex.def)             Requested size: 597.78697pt x 773.60669pt.
File: Resources/LSPACE/LSPACE-MCA_TEAM_01_PDR.pdf Graphic file (type pdf)
<use Resources/LSPACE/LSPACE-MCA_TEAM_01_PDR.pdf, page 159>
Package pdftex.def Info: Resources/LSPACE/LSPACE-MCA_TEAM_01_PDR.pdf , page159 
used on input line 214.
(pdftex.def)             Requested size: 597.78697pt x 773.60669pt.

[611 <./Resources/LSPACE/LSPACE-MCA_TEAM_01_PDR.pdf>]
<Resources/LSPACE/LSPACE-MCA_TEAM_01_PDR.pdf, id=5705, page=160, 614.295pt x 79
4.97pt>
File: Resources/LSPACE/LSPACE-MCA_TEAM_01_PDR.pdf Graphic file (type pdf)
<use Resources/LSPACE/LSPACE-MCA_TEAM_01_PDR.pdf, page 160>
Package pdftex.def Info: Resources/LSPACE/LSPACE-MCA_TEAM_01_PDR.pdf , page160 
used on input line 214.
(pdftex.def)             Requested size: 597.78697pt x 773.60669pt.
File: Resources/LSPACE/LSPACE-MCA_TEAM_01_PDR.pdf Graphic file (type pdf)
<use Resources/LSPACE/LSPACE-MCA_TEAM_01_PDR.pdf, page 160>
Package pdftex.def Info: Resources/LSPACE/LSPACE-MCA_TEAM_01_PDR.pdf , page160 
used on input line 214.
(pdftex.def)             Requested size: 597.78697pt x 773.60669pt.
File: Resources/LSPACE/LSPACE-MCA_TEAM_01_PDR.pdf Graphic file (type pdf)
<use Resources/LSPACE/LSPACE-MCA_TEAM_01_PDR.pdf, page 160>
Package pdftex.def Info: Resources/LSPACE/LSPACE-MCA_TEAM_01_PDR.pdf , page160 
used on input line 214.
(pdftex.def)             Requested size: 597.78697pt x 773.60669pt.
 [612 <./Resources/LSPACE/LSPACE-MCA_TEAM_01_PDR.pdf>]
<Resources/LSPACE/LSPACE-MCA_TEAM_01_PDR.pdf, id=5714, page=161, 614.295pt x 79
4.97pt>
File: Resources/LSPACE/LSPACE-MCA_TEAM_01_PDR.pdf Graphic file (type pdf)
<use Resources/LSPACE/LSPACE-MCA_TEAM_01_PDR.pdf, page 161>
Package pdftex.def Info: Resources/LSPACE/LSPACE-MCA_TEAM_01_PDR.pdf , page161 
used on input line 214.
(pdftex.def)             Requested size: 597.78697pt x 773.60669pt.
File: Resources/LSPACE/LSPACE-MCA_TEAM_01_PDR.pdf Graphic file (type pdf)
<use Resources/LSPACE/LSPACE-MCA_TEAM_01_PDR.pdf, page 161>
Package pdftex.def Info: Resources/LSPACE/LSPACE-MCA_TEAM_01_PDR.pdf , page161 
used on input line 214.
(pdftex.def)             Requested size: 597.78697pt x 773.60669pt.
File: Resources/LSPACE/LSPACE-MCA_TEAM_01_PDR.pdf Graphic file (type pdf)
<use Resources/LSPACE/LSPACE-MCA_TEAM_01_PDR.pdf, page 161>
Package pdftex.def Info: Resources/LSPACE/LSPACE-MCA_TEAM_01_PDR.pdf , page161 
used on input line 214.
(pdftex.def)             Requested size: 597.78697pt x 773.60669pt.
 [613 <./Resources/LSPACE/LSPACE-MCA_TEAM_01_PDR.pdf>]
<Resources/LSPACE/LSPACE-MCA_TEAM_01_PDR.pdf, id=5732, page=162, 794.97pt x 614
.295pt>
File: Resources/LSPACE/LSPACE-MCA_TEAM_01_PDR.pdf Graphic file (type pdf)
<use Resources/LSPACE/LSPACE-MCA_TEAM_01_PDR.pdf, page 162>
Package pdftex.def Info: Resources/LSPACE/LSPACE-MCA_TEAM_01_PDR.pdf , page162 
used on input line 214.
(pdftex.def)             Requested size: 773.60669pt x 597.78697pt.
File: Resources/LSPACE/LSPACE-MCA_TEAM_01_PDR.pdf Graphic file (type pdf)
<use Resources/LSPACE/LSPACE-MCA_TEAM_01_PDR.pdf, page 162>
Package pdftex.def Info: Resources/LSPACE/LSPACE-MCA_TEAM_01_PDR.pdf , page162 
used on input line 214.
(pdftex.def)             Requested size: 773.60669pt x 597.78697pt.
File: Resources/LSPACE/LSPACE-MCA_TEAM_01_PDR.pdf Graphic file (type pdf)
<use Resources/LSPACE/LSPACE-MCA_TEAM_01_PDR.pdf, page 162>
Package pdftex.def Info: Resources/LSPACE/LSPACE-MCA_TEAM_01_PDR.pdf , page162 
used on input line 214.
(pdftex.def)             Requested size: 773.60669pt x 597.78697pt.
 [614 <./Resources/LSPACE/LSPACE-MCA_TEAM_01_PDR.pdf>]
<Resources/LSPACE/LSPACE-MCA_TEAM_01_PDR.pdf, id=5741, page=163, 794.97pt x 614
.295pt>
File: Resources/LSPACE/LSPACE-MCA_TEAM_01_PDR.pdf Graphic file (type pdf)
<use Resources/LSPACE/LSPACE-MCA_TEAM_01_PDR.pdf, page 163>
Package pdftex.def Info: Resources/LSPACE/LSPACE-MCA_TEAM_01_PDR.pdf , page163 
used on input line 214.
(pdftex.def)             Requested size: 773.60669pt x 597.78697pt.
File: Resources/LSPACE/LSPACE-MCA_TEAM_01_PDR.pdf Graphic file (type pdf)
<use Resources/LSPACE/LSPACE-MCA_TEAM_01_PDR.pdf, page 163>
Package pdftex.def Info: Resources/LSPACE/LSPACE-MCA_TEAM_01_PDR.pdf , page163 
used on input line 214.
(pdftex.def)             Requested size: 773.60669pt x 597.78697pt.
File: Resources/LSPACE/LSPACE-MCA_TEAM_01_PDR.pdf Graphic file (type pdf)
<use Resources/LSPACE/LSPACE-MCA_TEAM_01_PDR.pdf, page 163>
Package pdftex.def Info: Resources/LSPACE/LSPACE-MCA_TEAM_01_PDR.pdf , page163 
used on input line 214.
(pdftex.def)             Requested size: 773.60669pt x 597.78697pt.
 [615 <./Resources/LSPACE/LSPACE-MCA_TEAM_01_PDR.pdf>]
<Resources/LSPACE/LSPACE-MCA_TEAM_01_PDR.pdf, id=5750, page=164, 794.97pt x 614
.295pt>
File: Resources/LSPACE/LSPACE-MCA_TEAM_01_PDR.pdf Graphic file (type pdf)
<use Resources/LSPACE/LSPACE-MCA_TEAM_01_PDR.pdf, page 164>
Package pdftex.def Info: Resources/LSPACE/LSPACE-MCA_TEAM_01_PDR.pdf , page164 
used on input line 214.
(pdftex.def)             Requested size: 773.60669pt x 597.78697pt.
File: Resources/LSPACE/LSPACE-MCA_TEAM_01_PDR.pdf Graphic file (type pdf)
<use Resources/LSPACE/LSPACE-MCA_TEAM_01_PDR.pdf, page 164>
Package pdftex.def Info: Resources/LSPACE/LSPACE-MCA_TEAM_01_PDR.pdf , page164 
used on input line 214.
(pdftex.def)             Requested size: 773.60669pt x 597.78697pt.
File: Resources/LSPACE/LSPACE-MCA_TEAM_01_PDR.pdf Graphic file (type pdf)
<use Resources/LSPACE/LSPACE-MCA_TEAM_01_PDR.pdf, page 164>
Package pdftex.def Info: Resources/LSPACE/LSPACE-MCA_TEAM_01_PDR.pdf , page164 
used on input line 214.
(pdftex.def)             Requested size: 773.60669pt x 597.78697pt.
 [616 <./Resources/LSPACE/LSPACE-MCA_TEAM_01_PDR.pdf>]
<Resources/LSPACE/LSPACE-MCA_TEAM_01_PDR.pdf, id=5759, page=165, 614.295pt x 79
4.97pt>
File: Resources/LSPACE/LSPACE-MCA_TEAM_01_PDR.pdf Graphic file (type pdf)
<use Resources/LSPACE/LSPACE-MCA_TEAM_01_PDR.pdf, page 165>
Package pdftex.def Info: Resources/LSPACE/LSPACE-MCA_TEAM_01_PDR.pdf , page165 
used on input line 214.
(pdftex.def)             Requested size: 597.78697pt x 773.60669pt.
File: Resources/LSPACE/LSPACE-MCA_TEAM_01_PDR.pdf Graphic file (type pdf)
<use Resources/LSPACE/LSPACE-MCA_TEAM_01_PDR.pdf, page 165>
Package pdftex.def Info: Resources/LSPACE/LSPACE-MCA_TEAM_01_PDR.pdf , page165 
used on input line 214.
(pdftex.def)             Requested size: 597.78697pt x 773.60669pt.
File: Resources/LSPACE/LSPACE-MCA_TEAM_01_PDR.pdf Graphic file (type pdf)
<use Resources/LSPACE/LSPACE-MCA_TEAM_01_PDR.pdf, page 165>
Package pdftex.def Info: Resources/LSPACE/LSPACE-MCA_TEAM_01_PDR.pdf , page165 
used on input line 214.
(pdftex.def)             Requested size: 597.78697pt x 773.60669pt.
 [617 <./Resources/LSPACE/LSPACE-MCA_TEAM_01_PDR.pdf>]
<Resources/LSPACE/LSPACE-MCA_TEAM_01_PDR.pdf, id=5768, page=166, 614.295pt x 79
4.97pt>
File: Resources/LSPACE/LSPACE-MCA_TEAM_01_PDR.pdf Graphic file (type pdf)
<use Resources/LSPACE/LSPACE-MCA_TEAM_01_PDR.pdf, page 166>
Package pdftex.def Info: Resources/LSPACE/LSPACE-MCA_TEAM_01_PDR.pdf , page166 
used on input line 214.
(pdftex.def)             Requested size: 597.78697pt x 773.60669pt.
File: Resources/LSPACE/LSPACE-MCA_TEAM_01_PDR.pdf Graphic file (type pdf)
<use Resources/LSPACE/LSPACE-MCA_TEAM_01_PDR.pdf, page 166>
Package pdftex.def Info: Resources/LSPACE/LSPACE-MCA_TEAM_01_PDR.pdf , page166 
used on input line 214.
(pdftex.def)             Requested size: 597.78697pt x 773.60669pt.
File: Resources/LSPACE/LSPACE-MCA_TEAM_01_PDR.pdf Graphic file (type pdf)
<use Resources/LSPACE/LSPACE-MCA_TEAM_01_PDR.pdf, page 166>
Package pdftex.def Info: Resources/LSPACE/LSPACE-MCA_TEAM_01_PDR.pdf , page166 
used on input line 214.
(pdftex.def)             Requested size: 597.78697pt x 773.60669pt.
 [618 <./Resources/LSPACE/LSPACE-MCA_TEAM_01_PDR.pdf>]
<Resources/LSPACE/LSPACE-MCA_TEAM_01_PDR.pdf, id=5777, page=167, 614.295pt x 79
4.97pt>
File: Resources/LSPACE/LSPACE-MCA_TEAM_01_PDR.pdf Graphic file (type pdf)
<use Resources/LSPACE/LSPACE-MCA_TEAM_01_PDR.pdf, page 167>
Package pdftex.def Info: Resources/LSPACE/LSPACE-MCA_TEAM_01_PDR.pdf , page167 
used on input line 214.
(pdftex.def)             Requested size: 597.78697pt x 773.60669pt.
File: Resources/LSPACE/LSPACE-MCA_TEAM_01_PDR.pdf Graphic file (type pdf)
<use Resources/LSPACE/LSPACE-MCA_TEAM_01_PDR.pdf, page 167>
Package pdftex.def Info: Resources/LSPACE/LSPACE-MCA_TEAM_01_PDR.pdf , page167 
used on input line 214.
(pdftex.def)             Requested size: 597.78697pt x 773.60669pt.
File: Resources/LSPACE/LSPACE-MCA_TEAM_01_PDR.pdf Graphic file (type pdf)
<use Resources/LSPACE/LSPACE-MCA_TEAM_01_PDR.pdf, page 167>
Package pdftex.def Info: Resources/LSPACE/LSPACE-MCA_TEAM_01_PDR.pdf , page167 
used on input line 214.
(pdftex.def)             Requested size: 597.78697pt x 773.60669pt.
 [619 <./Resources/LSPACE/LSPACE-MCA_TEAM_01_PDR.pdf>]
<Resources/LSPACE/LSPACE-MCA_TEAM_01_PDR.pdf, id=5787, page=168, 794.97pt x 614
.295pt>
File: Resources/LSPACE/LSPACE-MCA_TEAM_01_PDR.pdf Graphic file (type pdf)
<use Resources/LSPACE/LSPACE-MCA_TEAM_01_PDR.pdf, page 168>
Package pdftex.def Info: Resources/LSPACE/LSPACE-MCA_TEAM_01_PDR.pdf , page168 
used on input line 214.
(pdftex.def)             Requested size: 773.60669pt x 597.78697pt.
File: Resources/LSPACE/LSPACE-MCA_TEAM_01_PDR.pdf Graphic file (type pdf)
<use Resources/LSPACE/LSPACE-MCA_TEAM_01_PDR.pdf, page 168>
Package pdftex.def Info: Resources/LSPACE/LSPACE-MCA_TEAM_01_PDR.pdf , page168 
used on input line 214.
(pdftex.def)             Requested size: 773.60669pt x 597.78697pt.
File: Resources/LSPACE/LSPACE-MCA_TEAM_01_PDR.pdf Graphic file (type pdf)
<use Resources/LSPACE/LSPACE-MCA_TEAM_01_PDR.pdf, page 168>
Package pdftex.def Info: Resources/LSPACE/LSPACE-MCA_TEAM_01_PDR.pdf , page168 
used on input line 214.
(pdftex.def)             Requested size: 773.60669pt x 597.78697pt.
 [620 <./Resources/LSPACE/LSPACE-MCA_TEAM_01_PDR.pdf>]
<Resources/LSPACE/LSPACE-MCA_TEAM_01_PDR.pdf, id=5796, page=169, 794.97pt x 614
.295pt>
File: Resources/LSPACE/LSPACE-MCA_TEAM_01_PDR.pdf Graphic file (type pdf)
<use Resources/LSPACE/LSPACE-MCA_TEAM_01_PDR.pdf, page 169>
Package pdftex.def Info: Resources/LSPACE/LSPACE-MCA_TEAM_01_PDR.pdf , page169 
used on input line 214.
(pdftex.def)             Requested size: 773.60669pt x 597.78697pt.
File: Resources/LSPACE/LSPACE-MCA_TEAM_01_PDR.pdf Graphic file (type pdf)
<use Resources/LSPACE/LSPACE-MCA_TEAM_01_PDR.pdf, page 169>
Package pdftex.def Info: Resources/LSPACE/LSPACE-MCA_TEAM_01_PDR.pdf , page169 
used on input line 214.
(pdftex.def)             Requested size: 773.60669pt x 597.78697pt.
File: Resources/LSPACE/LSPACE-MCA_TEAM_01_PDR.pdf Graphic file (type pdf)
<use Resources/LSPACE/LSPACE-MCA_TEAM_01_PDR.pdf, page 169>
Package pdftex.def Info: Resources/LSPACE/LSPACE-MCA_TEAM_01_PDR.pdf , page169 
used on input line 214.
(pdftex.def)             Requested size: 773.60669pt x 597.78697pt.
 [621 <./Resources/LSPACE/LSPACE-MCA_TEAM_01_PDR.pdf>]
<Resources/LSPACE/LSPACE-MCA_TEAM_01_PDR.pdf, id=5805, page=170, 794.97pt x 614
.295pt>
File: Resources/LSPACE/LSPACE-MCA_TEAM_01_PDR.pdf Graphic file (type pdf)
<use Resources/LSPACE/LSPACE-MCA_TEAM_01_PDR.pdf, page 170>
Package pdftex.def Info: Resources/LSPACE/LSPACE-MCA_TEAM_01_PDR.pdf , page170 
used on input line 214.
(pdftex.def)             Requested size: 773.60669pt x 597.78697pt.
File: Resources/LSPACE/LSPACE-MCA_TEAM_01_PDR.pdf Graphic file (type pdf)
<use Resources/LSPACE/LSPACE-MCA_TEAM_01_PDR.pdf, page 170>
Package pdftex.def Info: Resources/LSPACE/LSPACE-MCA_TEAM_01_PDR.pdf , page170 
used on input line 214.
(pdftex.def)             Requested size: 773.60669pt x 597.78697pt.
File: Resources/LSPACE/LSPACE-MCA_TEAM_01_PDR.pdf Graphic file (type pdf)
<use Resources/LSPACE/LSPACE-MCA_TEAM_01_PDR.pdf, page 170>
Package pdftex.def Info: Resources/LSPACE/LSPACE-MCA_TEAM_01_PDR.pdf , page170 
used on input line 214.
(pdftex.def)             Requested size: 773.60669pt x 597.78697pt.
 [622 <./Resources/LSPACE/LSPACE-MCA_TEAM_01_PDR.pdf>]
<Resources/LSPACE/LSPACE-MCA_TEAM_01_PDR.pdf, id=5814, page=171, 614.295pt x 79
4.97pt>
File: Resources/LSPACE/LSPACE-MCA_TEAM_01_PDR.pdf Graphic file (type pdf)
<use Resources/LSPACE/LSPACE-MCA_TEAM_01_PDR.pdf, page 171>
Package pdftex.def Info: Resources/LSPACE/LSPACE-MCA_TEAM_01_PDR.pdf , page171 
used on input line 214.
(pdftex.def)             Requested size: 597.78697pt x 773.60669pt.
File: Resources/LSPACE/LSPACE-MCA_TEAM_01_PDR.pdf Graphic file (type pdf)
<use Resources/LSPACE/LSPACE-MCA_TEAM_01_PDR.pdf, page 171>
Package pdftex.def Info: Resources/LSPACE/LSPACE-MCA_TEAM_01_PDR.pdf , page171 
used on input line 214.
(pdftex.def)             Requested size: 597.78697pt x 773.60669pt.
File: Resources/LSPACE/LSPACE-MCA_TEAM_01_PDR.pdf Graphic file (type pdf)
<use Resources/LSPACE/LSPACE-MCA_TEAM_01_PDR.pdf, page 171>
Package pdftex.def Info: Resources/LSPACE/LSPACE-MCA_TEAM_01_PDR.pdf , page171 
used on input line 214.
(pdftex.def)             Requested size: 597.78697pt x 773.60669pt.
 [623 <./Resources/LSPACE/LSPACE-MCA_TEAM_01_PDR.pdf>]
<Resources/LSPACE/LSPACE-MCA_TEAM_01_PDR.pdf, id=5823, page=172, 614.295pt x 79
4.97pt>
File: Resources/LSPACE/LSPACE-MCA_TEAM_01_PDR.pdf Graphic file (type pdf)
<use Resources/LSPACE/LSPACE-MCA_TEAM_01_PDR.pdf, page 172>
Package pdftex.def Info: Resources/LSPACE/LSPACE-MCA_TEAM_01_PDR.pdf , page172 
used on input line 214.
(pdftex.def)             Requested size: 597.78697pt x 773.60669pt.
File: Resources/LSPACE/LSPACE-MCA_TEAM_01_PDR.pdf Graphic file (type pdf)
<use Resources/LSPACE/LSPACE-MCA_TEAM_01_PDR.pdf, page 172>
Package pdftex.def Info: Resources/LSPACE/LSPACE-MCA_TEAM_01_PDR.pdf , page172 
used on input line 214.
(pdftex.def)             Requested size: 597.78697pt x 773.60669pt.
File: Resources/LSPACE/LSPACE-MCA_TEAM_01_PDR.pdf Graphic file (type pdf)
<use Resources/LSPACE/LSPACE-MCA_TEAM_01_PDR.pdf, page 172>
Package pdftex.def Info: Resources/LSPACE/LSPACE-MCA_TEAM_01_PDR.pdf , page172 
used on input line 214.
(pdftex.def)             Requested size: 597.78697pt x 773.60669pt.
 [624 <./Resources/LSPACE/LSPACE-MCA_TEAM_01_PDR.pdf>]
<Resources/LSPACE/LSPACE-MCA_TEAM_01_PDR.pdf, id=5832, page=173, 614.295pt x 79
4.97pt>
File: Resources/LSPACE/LSPACE-MCA_TEAM_01_PDR.pdf Graphic file (type pdf)
<use Resources/LSPACE/LSPACE-MCA_TEAM_01_PDR.pdf, page 173>
Package pdftex.def Info: Resources/LSPACE/LSPACE-MCA_TEAM_01_PDR.pdf , page173 
used on input line 214.
(pdftex.def)             Requested size: 597.78697pt x 773.60669pt.
File: Resources/LSPACE/LSPACE-MCA_TEAM_01_PDR.pdf Graphic file (type pdf)
<use Resources/LSPACE/LSPACE-MCA_TEAM_01_PDR.pdf, page 173>
Package pdftex.def Info: Resources/LSPACE/LSPACE-MCA_TEAM_01_PDR.pdf , page173 
used on input line 214.
(pdftex.def)             Requested size: 597.78697pt x 773.60669pt.
File: Resources/LSPACE/LSPACE-MCA_TEAM_01_PDR.pdf Graphic file (type pdf)
<use Resources/LSPACE/LSPACE-MCA_TEAM_01_PDR.pdf, page 173>
Package pdftex.def Info: Resources/LSPACE/LSPACE-MCA_TEAM_01_PDR.pdf , page173 
used on input line 214.
(pdftex.def)             Requested size: 597.78697pt x 773.60669pt.
 [625 <./Resources/LSPACE/LSPACE-MCA_TEAM_01_PDR.pdf>]
<Resources/LSPACE/LSPACE-MCA_TEAM_01_PDR.pdf, id=5844, page=174, 614.295pt x 79
4.97pt>
File: Resources/LSPACE/LSPACE-MCA_TEAM_01_PDR.pdf Graphic file (type pdf)
<use Resources/LSPACE/LSPACE-MCA_TEAM_01_PDR.pdf, page 174>
Package pdftex.def Info: Resources/LSPACE/LSPACE-MCA_TEAM_01_PDR.pdf , page174 
used on input line 214.
(pdftex.def)             Requested size: 597.78697pt x 773.60669pt.
File: Resources/LSPACE/LSPACE-MCA_TEAM_01_PDR.pdf Graphic file (type pdf)
<use Resources/LSPACE/LSPACE-MCA_TEAM_01_PDR.pdf, page 174>
Package pdftex.def Info: Resources/LSPACE/LSPACE-MCA_TEAM_01_PDR.pdf , page174 
used on input line 214.
(pdftex.def)             Requested size: 597.78697pt x 773.60669pt.
File: Resources/LSPACE/LSPACE-MCA_TEAM_01_PDR.pdf Graphic file (type pdf)
<use Resources/LSPACE/LSPACE-MCA_TEAM_01_PDR.pdf, page 174>
Package pdftex.def Info: Resources/LSPACE/LSPACE-MCA_TEAM_01_PDR.pdf , page174 
used on input line 214.
(pdftex.def)             Requested size: 597.78697pt x 773.60669pt.
 [626 <./Resources/LSPACE/LSPACE-MCA_TEAM_01_PDR.pdf>]
<Resources/LSPACE/LSPACE-MCA_TEAM_01_PDR.pdf, id=5853, page=175, 614.295pt x 79
4.97pt>
File: Resources/LSPACE/LSPACE-MCA_TEAM_01_PDR.pdf Graphic file (type pdf)
<use Resources/LSPACE/LSPACE-MCA_TEAM_01_PDR.pdf, page 175>
Package pdftex.def Info: Resources/LSPACE/LSPACE-MCA_TEAM_01_PDR.pdf , page175 
used on input line 214.
(pdftex.def)             Requested size: 597.78697pt x 773.60669pt.
File: Resources/LSPACE/LSPACE-MCA_TEAM_01_PDR.pdf Graphic file (type pdf)
<use Resources/LSPACE/LSPACE-MCA_TEAM_01_PDR.pdf, page 175>
Package pdftex.def Info: Resources/LSPACE/LSPACE-MCA_TEAM_01_PDR.pdf , page175 
used on input line 214.
(pdftex.def)             Requested size: 597.78697pt x 773.60669pt.
File: Resources/LSPACE/LSPACE-MCA_TEAM_01_PDR.pdf Graphic file (type pdf)
<use Resources/LSPACE/LSPACE-MCA_TEAM_01_PDR.pdf, page 175>
Package pdftex.def Info: Resources/LSPACE/LSPACE-MCA_TEAM_01_PDR.pdf , page175 
used on input line 214.
(pdftex.def)             Requested size: 597.78697pt x 773.60669pt.

[627 <./Resources/LSPACE/LSPACE-MCA_TEAM_01_PDR.pdf>]
<Resources/LSPACE/LSPACE-MCA_TEAM_01_PDR.pdf, id=5862, page=176, 614.295pt x 79
4.97pt>
File: Resources/LSPACE/LSPACE-MCA_TEAM_01_PDR.pdf Graphic file (type pdf)
<use Resources/LSPACE/LSPACE-MCA_TEAM_01_PDR.pdf, page 176>
Package pdftex.def Info: Resources/LSPACE/LSPACE-MCA_TEAM_01_PDR.pdf , page176 
used on input line 214.
(pdftex.def)             Requested size: 597.78697pt x 773.60669pt.
File: Resources/LSPACE/LSPACE-MCA_TEAM_01_PDR.pdf Graphic file (type pdf)
<use Resources/LSPACE/LSPACE-MCA_TEAM_01_PDR.pdf, page 176>
Package pdftex.def Info: Resources/LSPACE/LSPACE-MCA_TEAM_01_PDR.pdf , page176 
used on input line 214.
(pdftex.def)             Requested size: 597.78697pt x 773.60669pt.
File: Resources/LSPACE/LSPACE-MCA_TEAM_01_PDR.pdf Graphic file (type pdf)
<use Resources/LSPACE/LSPACE-MCA_TEAM_01_PDR.pdf, page 176>
Package pdftex.def Info: Resources/LSPACE/LSPACE-MCA_TEAM_01_PDR.pdf , page176 
used on input line 214.
(pdftex.def)             Requested size: 597.78697pt x 773.60669pt.
 [628 <./Resources/LSPACE/LSPACE-MCA_TEAM_01_PDR.pdf>]
<Resources/LSPACE/LSPACE-MCA_TEAM_01_PDR.pdf, id=5871, page=177, 614.295pt x 79
4.97pt>
File: Resources/LSPACE/LSPACE-MCA_TEAM_01_PDR.pdf Graphic file (type pdf)
<use Resources/LSPACE/LSPACE-MCA_TEAM_01_PDR.pdf, page 177>
Package pdftex.def Info: Resources/LSPACE/LSPACE-MCA_TEAM_01_PDR.pdf , page177 
used on input line 214.
(pdftex.def)             Requested size: 597.78697pt x 773.60669pt.
File: Resources/LSPACE/LSPACE-MCA_TEAM_01_PDR.pdf Graphic file (type pdf)
<use Resources/LSPACE/LSPACE-MCA_TEAM_01_PDR.pdf, page 177>
Package pdftex.def Info: Resources/LSPACE/LSPACE-MCA_TEAM_01_PDR.pdf , page177 
used on input line 214.
(pdftex.def)             Requested size: 597.78697pt x 773.60669pt.
File: Resources/LSPACE/LSPACE-MCA_TEAM_01_PDR.pdf Graphic file (type pdf)
<use Resources/LSPACE/LSPACE-MCA_TEAM_01_PDR.pdf, page 177>
Package pdftex.def Info: Resources/LSPACE/LSPACE-MCA_TEAM_01_PDR.pdf , page177 
used on input line 214.
(pdftex.def)             Requested size: 597.78697pt x 773.60669pt.
 [629 <./Resources/LSPACE/LSPACE-MCA_TEAM_01_PDR.pdf>]
<Resources/LSPACE/LSPACE-MCA_TEAM_01_PDR.pdf, id=5880, page=178, 614.295pt x 79
4.97pt>
File: Resources/LSPACE/LSPACE-MCA_TEAM_01_PDR.pdf Graphic file (type pdf)
<use Resources/LSPACE/LSPACE-MCA_TEAM_01_PDR.pdf, page 178>
Package pdftex.def Info: Resources/LSPACE/LSPACE-MCA_TEAM_01_PDR.pdf , page178 
used on input line 214.
(pdftex.def)             Requested size: 597.78697pt x 773.60669pt.
File: Resources/LSPACE/LSPACE-MCA_TEAM_01_PDR.pdf Graphic file (type pdf)
<use Resources/LSPACE/LSPACE-MCA_TEAM_01_PDR.pdf, page 178>
Package pdftex.def Info: Resources/LSPACE/LSPACE-MCA_TEAM_01_PDR.pdf , page178 
used on input line 214.
(pdftex.def)             Requested size: 597.78697pt x 773.60669pt.
File: Resources/LSPACE/LSPACE-MCA_TEAM_01_PDR.pdf Graphic file (type pdf)
<use Resources/LSPACE/LSPACE-MCA_TEAM_01_PDR.pdf, page 178>
Package pdftex.def Info: Resources/LSPACE/LSPACE-MCA_TEAM_01_PDR.pdf , page178 
used on input line 214.
(pdftex.def)             Requested size: 597.78697pt x 773.60669pt.
 [630 <./Resources/LSPACE/LSPACE-MCA_TEAM_01_PDR.pdf>]
<Resources/LSPACE/LSPACE-MCA_TEAM_01_PDR.pdf, id=5890, page=179, 614.295pt x 79
4.97pt>
File: Resources/LSPACE/LSPACE-MCA_TEAM_01_PDR.pdf Graphic file (type pdf)
<use Resources/LSPACE/LSPACE-MCA_TEAM_01_PDR.pdf, page 179>
Package pdftex.def Info: Resources/LSPACE/LSPACE-MCA_TEAM_01_PDR.pdf , page179 
used on input line 214.
(pdftex.def)             Requested size: 597.78697pt x 773.60669pt.
File: Resources/LSPACE/LSPACE-MCA_TEAM_01_PDR.pdf Graphic file (type pdf)
<use Resources/LSPACE/LSPACE-MCA_TEAM_01_PDR.pdf, page 179>
Package pdftex.def Info: Resources/LSPACE/LSPACE-MCA_TEAM_01_PDR.pdf , page179 
used on input line 214.
(pdftex.def)             Requested size: 597.78697pt x 773.60669pt.
File: Resources/LSPACE/LSPACE-MCA_TEAM_01_PDR.pdf Graphic file (type pdf)
<use Resources/LSPACE/LSPACE-MCA_TEAM_01_PDR.pdf, page 179>
Package pdftex.def Info: Resources/LSPACE/LSPACE-MCA_TEAM_01_PDR.pdf , page179 
used on input line 214.
(pdftex.def)             Requested size: 597.78697pt x 773.60669pt.
 [631 <./Resources/LSPACE/LSPACE-MCA_TEAM_01_PDR.pdf>]
<Resources/LSPACE/LSPACE-MCA_TEAM_01_PDR.pdf, id=5900, page=180, 614.295pt x 79
4.97pt>
File: Resources/LSPACE/LSPACE-MCA_TEAM_01_PDR.pdf Graphic file (type pdf)
<use Resources/LSPACE/LSPACE-MCA_TEAM_01_PDR.pdf, page 180>
Package pdftex.def Info: Resources/LSPACE/LSPACE-MCA_TEAM_01_PDR.pdf , page180 
used on input line 214.
(pdftex.def)             Requested size: 597.78697pt x 773.60669pt.
File: Resources/LSPACE/LSPACE-MCA_TEAM_01_PDR.pdf Graphic file (type pdf)
<use Resources/LSPACE/LSPACE-MCA_TEAM_01_PDR.pdf, page 180>
Package pdftex.def Info: Resources/LSPACE/LSPACE-MCA_TEAM_01_PDR.pdf , page180 
used on input line 214.
(pdftex.def)             Requested size: 597.78697pt x 773.60669pt.
File: Resources/LSPACE/LSPACE-MCA_TEAM_01_PDR.pdf Graphic file (type pdf)
<use Resources/LSPACE/LSPACE-MCA_TEAM_01_PDR.pdf, page 180>
Package pdftex.def Info: Resources/LSPACE/LSPACE-MCA_TEAM_01_PDR.pdf , page180 
used on input line 214.
(pdftex.def)             Requested size: 597.78697pt x 773.60669pt.
 [632 <./Resources/LSPACE/LSPACE-MCA_TEAM_01_PDR.pdf>]
<Resources/LSPACE/LSPACE-MCA_TEAM_01_PDR.pdf, id=5909, page=181, 614.295pt x 79
4.97pt>
File: Resources/LSPACE/LSPACE-MCA_TEAM_01_PDR.pdf Graphic file (type pdf)
<use Resources/LSPACE/LSPACE-MCA_TEAM_01_PDR.pdf, page 181>
Package pdftex.def Info: Resources/LSPACE/LSPACE-MCA_TEAM_01_PDR.pdf , page181 
used on input line 214.
(pdftex.def)             Requested size: 597.78697pt x 773.60669pt.
File: Resources/LSPACE/LSPACE-MCA_TEAM_01_PDR.pdf Graphic file (type pdf)
<use Resources/LSPACE/LSPACE-MCA_TEAM_01_PDR.pdf, page 181>
Package pdftex.def Info: Resources/LSPACE/LSPACE-MCA_TEAM_01_PDR.pdf , page181 
used on input line 214.
(pdftex.def)             Requested size: 597.78697pt x 773.60669pt.
File: Resources/LSPACE/LSPACE-MCA_TEAM_01_PDR.pdf Graphic file (type pdf)
<use Resources/LSPACE/LSPACE-MCA_TEAM_01_PDR.pdf, page 181>
Package pdftex.def Info: Resources/LSPACE/LSPACE-MCA_TEAM_01_PDR.pdf , page181 
used on input line 214.
(pdftex.def)             Requested size: 597.78697pt x 773.60669pt.
 [633 <./Resources/LSPACE/LSPACE-MCA_TEAM_01_PDR.pdf>]
<Resources/LSPACE/LSPACE-MCA_TEAM_01_PDR.pdf, id=5918, page=182, 794.97pt x 614
.295pt>
File: Resources/LSPACE/LSPACE-MCA_TEAM_01_PDR.pdf Graphic file (type pdf)
<use Resources/LSPACE/LSPACE-MCA_TEAM_01_PDR.pdf, page 182>
Package pdftex.def Info: Resources/LSPACE/LSPACE-MCA_TEAM_01_PDR.pdf , page182 
used on input line 214.
(pdftex.def)             Requested size: 773.60669pt x 597.78697pt.
File: Resources/LSPACE/LSPACE-MCA_TEAM_01_PDR.pdf Graphic file (type pdf)
<use Resources/LSPACE/LSPACE-MCA_TEAM_01_PDR.pdf, page 182>
Package pdftex.def Info: Resources/LSPACE/LSPACE-MCA_TEAM_01_PDR.pdf , page182 
used on input line 214.
(pdftex.def)             Requested size: 773.60669pt x 597.78697pt.
File: Resources/LSPACE/LSPACE-MCA_TEAM_01_PDR.pdf Graphic file (type pdf)
<use Resources/LSPACE/LSPACE-MCA_TEAM_01_PDR.pdf, page 182>
Package pdftex.def Info: Resources/LSPACE/LSPACE-MCA_TEAM_01_PDR.pdf , page182 
used on input line 214.
(pdftex.def)             Requested size: 773.60669pt x 597.78697pt.
 [634 <./Resources/LSPACE/LSPACE-MCA_TEAM_01_PDR.pdf>]
<Resources/LSPACE/LSPACE-MCA_TEAM_01_PDR.pdf, id=5929, page=183, 794.97pt x 614
.295pt>
File: Resources/LSPACE/LSPACE-MCA_TEAM_01_PDR.pdf Graphic file (type pdf)
<use Resources/LSPACE/LSPACE-MCA_TEAM_01_PDR.pdf, page 183>
Package pdftex.def Info: Resources/LSPACE/LSPACE-MCA_TEAM_01_PDR.pdf , page183 
used on input line 214.
(pdftex.def)             Requested size: 773.60669pt x 597.78697pt.
File: Resources/LSPACE/LSPACE-MCA_TEAM_01_PDR.pdf Graphic file (type pdf)
<use Resources/LSPACE/LSPACE-MCA_TEAM_01_PDR.pdf, page 183>
Package pdftex.def Info: Resources/LSPACE/LSPACE-MCA_TEAM_01_PDR.pdf , page183 
used on input line 214.
(pdftex.def)             Requested size: 773.60669pt x 597.78697pt.
File: Resources/LSPACE/LSPACE-MCA_TEAM_01_PDR.pdf Graphic file (type pdf)
<use Resources/LSPACE/LSPACE-MCA_TEAM_01_PDR.pdf, page 183>
Package pdftex.def Info: Resources/LSPACE/LSPACE-MCA_TEAM_01_PDR.pdf , page183 
used on input line 214.
(pdftex.def)             Requested size: 773.60669pt x 597.78697pt.
 [635 <./Resources/LSPACE/LSPACE-MCA_TEAM_01_PDR.pdf>]
<Resources/LSPACE/LSPACE-MCA_TEAM_01_PDR.pdf, id=5940, page=184, 794.97pt x 614
.295pt>
File: Resources/LSPACE/LSPACE-MCA_TEAM_01_PDR.pdf Graphic file (type pdf)
<use Resources/LSPACE/LSPACE-MCA_TEAM_01_PDR.pdf, page 184>
Package pdftex.def Info: Resources/LSPACE/LSPACE-MCA_TEAM_01_PDR.pdf , page184 
used on input line 214.
(pdftex.def)             Requested size: 773.60669pt x 597.78697pt.
File: Resources/LSPACE/LSPACE-MCA_TEAM_01_PDR.pdf Graphic file (type pdf)
<use Resources/LSPACE/LSPACE-MCA_TEAM_01_PDR.pdf, page 184>
Package pdftex.def Info: Resources/LSPACE/LSPACE-MCA_TEAM_01_PDR.pdf , page184 
used on input line 214.
(pdftex.def)             Requested size: 773.60669pt x 597.78697pt.
File: Resources/LSPACE/LSPACE-MCA_TEAM_01_PDR.pdf Graphic file (type pdf)
<use Resources/LSPACE/LSPACE-MCA_TEAM_01_PDR.pdf, page 184>
Package pdftex.def Info: Resources/LSPACE/LSPACE-MCA_TEAM_01_PDR.pdf , page184 
used on input line 214.
(pdftex.def)             Requested size: 773.60669pt x 597.78697pt.
 [636 <./Resources/LSPACE/LSPACE-MCA_TEAM_01_PDR.pdf>]
<Resources/LSPACE/LSPACE-MCA_TEAM_01_PDR.pdf, id=5951, page=185, 794.97pt x 614
.295pt>
File: Resources/LSPACE/LSPACE-MCA_TEAM_01_PDR.pdf Graphic file (type pdf)
<use Resources/LSPACE/LSPACE-MCA_TEAM_01_PDR.pdf, page 185>
Package pdftex.def Info: Resources/LSPACE/LSPACE-MCA_TEAM_01_PDR.pdf , page185 
used on input line 214.
(pdftex.def)             Requested size: 773.60669pt x 597.78697pt.
File: Resources/LSPACE/LSPACE-MCA_TEAM_01_PDR.pdf Graphic file (type pdf)
<use Resources/LSPACE/LSPACE-MCA_TEAM_01_PDR.pdf, page 185>
Package pdftex.def Info: Resources/LSPACE/LSPACE-MCA_TEAM_01_PDR.pdf , page185 
used on input line 214.
(pdftex.def)             Requested size: 773.60669pt x 597.78697pt.
File: Resources/LSPACE/LSPACE-MCA_TEAM_01_PDR.pdf Graphic file (type pdf)
<use Resources/LSPACE/LSPACE-MCA_TEAM_01_PDR.pdf, page 185>
Package pdftex.def Info: Resources/LSPACE/LSPACE-MCA_TEAM_01_PDR.pdf , page185 
used on input line 214.
(pdftex.def)             Requested size: 773.60669pt x 597.78697pt.
 [637 <./Resources/LSPACE/LSPACE-MCA_TEAM_01_PDR.pdf>]
<Resources/LSPACE/LSPACE-MCA_TEAM_01_PDR.pdf, id=5963, page=186, 794.97pt x 614
.295pt>
File: Resources/LSPACE/LSPACE-MCA_TEAM_01_PDR.pdf Graphic file (type pdf)
<use Resources/LSPACE/LSPACE-MCA_TEAM_01_PDR.pdf, page 186>
Package pdftex.def Info: Resources/LSPACE/LSPACE-MCA_TEAM_01_PDR.pdf , page186 
used on input line 214.
(pdftex.def)             Requested size: 773.60669pt x 597.78697pt.
File: Resources/LSPACE/LSPACE-MCA_TEAM_01_PDR.pdf Graphic file (type pdf)
<use Resources/LSPACE/LSPACE-MCA_TEAM_01_PDR.pdf, page 186>
Package pdftex.def Info: Resources/LSPACE/LSPACE-MCA_TEAM_01_PDR.pdf , page186 
used on input line 214.
(pdftex.def)             Requested size: 773.60669pt x 597.78697pt.
File: Resources/LSPACE/LSPACE-MCA_TEAM_01_PDR.pdf Graphic file (type pdf)
<use Resources/LSPACE/LSPACE-MCA_TEAM_01_PDR.pdf, page 186>
Package pdftex.def Info: Resources/LSPACE/LSPACE-MCA_TEAM_01_PDR.pdf , page186 
used on input line 214.
(pdftex.def)             Requested size: 773.60669pt x 597.78697pt.
 [638 <./Resources/LSPACE/LSPACE-MCA_TEAM_01_PDR.pdf>]
<Resources/LSPACE/LSPACE-MCA_TEAM_01_PDR.pdf, id=5974, page=187, 794.97pt x 614
.295pt>
File: Resources/LSPACE/LSPACE-MCA_TEAM_01_PDR.pdf Graphic file (type pdf)
<use Resources/LSPACE/LSPACE-MCA_TEAM_01_PDR.pdf, page 187>
Package pdftex.def Info: Resources/LSPACE/LSPACE-MCA_TEAM_01_PDR.pdf , page187 
used on input line 214.
(pdftex.def)             Requested size: 773.60669pt x 597.78697pt.
File: Resources/LSPACE/LSPACE-MCA_TEAM_01_PDR.pdf Graphic file (type pdf)
<use Resources/LSPACE/LSPACE-MCA_TEAM_01_PDR.pdf, page 187>
Package pdftex.def Info: Resources/LSPACE/LSPACE-MCA_TEAM_01_PDR.pdf , page187 
used on input line 214.
(pdftex.def)             Requested size: 773.60669pt x 597.78697pt.
File: Resources/LSPACE/LSPACE-MCA_TEAM_01_PDR.pdf Graphic file (type pdf)
<use Resources/LSPACE/LSPACE-MCA_TEAM_01_PDR.pdf, page 187>
Package pdftex.def Info: Resources/LSPACE/LSPACE-MCA_TEAM_01_PDR.pdf , page187 
used on input line 214.
(pdftex.def)             Requested size: 773.60669pt x 597.78697pt.
 [639 <./Resources/LSPACE/LSPACE-MCA_TEAM_01_PDR.pdf>]
<Resources/LSPACE/LSPACE-MCA_TEAM_01_PDR.pdf, id=5987, page=188, 794.97pt x 614
.295pt>
File: Resources/LSPACE/LSPACE-MCA_TEAM_01_PDR.pdf Graphic file (type pdf)
<use Resources/LSPACE/LSPACE-MCA_TEAM_01_PDR.pdf, page 188>
Package pdftex.def Info: Resources/LSPACE/LSPACE-MCA_TEAM_01_PDR.pdf , page188 
used on input line 214.
(pdftex.def)             Requested size: 773.60669pt x 597.78697pt.
File: Resources/LSPACE/LSPACE-MCA_TEAM_01_PDR.pdf Graphic file (type pdf)
<use Resources/LSPACE/LSPACE-MCA_TEAM_01_PDR.pdf, page 188>
Package pdftex.def Info: Resources/LSPACE/LSPACE-MCA_TEAM_01_PDR.pdf , page188 
used on input line 214.
(pdftex.def)             Requested size: 773.60669pt x 597.78697pt.
File: Resources/LSPACE/LSPACE-MCA_TEAM_01_PDR.pdf Graphic file (type pdf)
<use Resources/LSPACE/LSPACE-MCA_TEAM_01_PDR.pdf, page 188>
Package pdftex.def Info: Resources/LSPACE/LSPACE-MCA_TEAM_01_PDR.pdf , page188 
used on input line 214.
(pdftex.def)             Requested size: 773.60669pt x 597.78697pt.
 [640 <./Resources/LSPACE/LSPACE-MCA_TEAM_01_PDR.pdf>]
<Resources/LSPACE/LSPACE-MCA_TEAM_01_PDR.pdf, id=5998, page=189, 794.97pt x 614
.295pt>
File: Resources/LSPACE/LSPACE-MCA_TEAM_01_PDR.pdf Graphic file (type pdf)
<use Resources/LSPACE/LSPACE-MCA_TEAM_01_PDR.pdf, page 189>
Package pdftex.def Info: Resources/LSPACE/LSPACE-MCA_TEAM_01_PDR.pdf , page189 
used on input line 214.
(pdftex.def)             Requested size: 773.60669pt x 597.78697pt.
File: Resources/LSPACE/LSPACE-MCA_TEAM_01_PDR.pdf Graphic file (type pdf)
<use Resources/LSPACE/LSPACE-MCA_TEAM_01_PDR.pdf, page 189>
Package pdftex.def Info: Resources/LSPACE/LSPACE-MCA_TEAM_01_PDR.pdf , page189 
used on input line 214.
(pdftex.def)             Requested size: 773.60669pt x 597.78697pt.
File: Resources/LSPACE/LSPACE-MCA_TEAM_01_PDR.pdf Graphic file (type pdf)
<use Resources/LSPACE/LSPACE-MCA_TEAM_01_PDR.pdf, page 189>
Package pdftex.def Info: Resources/LSPACE/LSPACE-MCA_TEAM_01_PDR.pdf , page189 
used on input line 214.
(pdftex.def)             Requested size: 773.60669pt x 597.78697pt.
 [641 <./Resources/LSPACE/LSPACE-MCA_TEAM_01_PDR.pdf>]
<Resources/LSPACE/LSPACE-MCA_TEAM_01_PDR.pdf, id=6011, page=190, 614.295pt x 79
4.97pt>
File: Resources/LSPACE/LSPACE-MCA_TEAM_01_PDR.pdf Graphic file (type pdf)
<use Resources/LSPACE/LSPACE-MCA_TEAM_01_PDR.pdf, page 190>
Package pdftex.def Info: Resources/LSPACE/LSPACE-MCA_TEAM_01_PDR.pdf , page190 
used on input line 214.
(pdftex.def)             Requested size: 597.78697pt x 773.60669pt.
File: Resources/LSPACE/LSPACE-MCA_TEAM_01_PDR.pdf Graphic file (type pdf)
<use Resources/LSPACE/LSPACE-MCA_TEAM_01_PDR.pdf, page 190>
Package pdftex.def Info: Resources/LSPACE/LSPACE-MCA_TEAM_01_PDR.pdf , page190 
used on input line 214.
(pdftex.def)             Requested size: 597.78697pt x 773.60669pt.
File: Resources/LSPACE/LSPACE-MCA_TEAM_01_PDR.pdf Graphic file (type pdf)
<use Resources/LSPACE/LSPACE-MCA_TEAM_01_PDR.pdf, page 190>
Package pdftex.def Info: Resources/LSPACE/LSPACE-MCA_TEAM_01_PDR.pdf , page190 
used on input line 214.
(pdftex.def)             Requested size: 597.78697pt x 773.60669pt.
 [642 <./Resources/LSPACE/LSPACE-MCA_TEAM_01_PDR.pdf>]
<Resources/LSPACE/LSPACE-MCA_TEAM_01_PDR.pdf, id=6020, page=191, 614.295pt x 79
4.97pt>
File: Resources/LSPACE/LSPACE-MCA_TEAM_01_PDR.pdf Graphic file (type pdf)
<use Resources/LSPACE/LSPACE-MCA_TEAM_01_PDR.pdf, page 191>
Package pdftex.def Info: Resources/LSPACE/LSPACE-MCA_TEAM_01_PDR.pdf , page191 
used on input line 214.
(pdftex.def)             Requested size: 597.78697pt x 773.60669pt.
File: Resources/LSPACE/LSPACE-MCA_TEAM_01_PDR.pdf Graphic file (type pdf)
<use Resources/LSPACE/LSPACE-MCA_TEAM_01_PDR.pdf, page 191>
Package pdftex.def Info: Resources/LSPACE/LSPACE-MCA_TEAM_01_PDR.pdf , page191 
used on input line 214.
(pdftex.def)             Requested size: 597.78697pt x 773.60669pt.
File: Resources/LSPACE/LSPACE-MCA_TEAM_01_PDR.pdf Graphic file (type pdf)
<use Resources/LSPACE/LSPACE-MCA_TEAM_01_PDR.pdf, page 191>
Package pdftex.def Info: Resources/LSPACE/LSPACE-MCA_TEAM_01_PDR.pdf , page191 
used on input line 214.
(pdftex.def)             Requested size: 597.78697pt x 773.60669pt.

[643 <./Resources/LSPACE/LSPACE-MCA_TEAM_01_PDR.pdf>]
<Resources/LSPACE/LSPACE-MCA_TEAM_01_PDR.pdf, id=6030, page=192, 614.295pt x 79
4.97pt>
File: Resources/LSPACE/LSPACE-MCA_TEAM_01_PDR.pdf Graphic file (type pdf)
<use Resources/LSPACE/LSPACE-MCA_TEAM_01_PDR.pdf, page 192>
Package pdftex.def Info: Resources/LSPACE/LSPACE-MCA_TEAM_01_PDR.pdf , page192 
used on input line 214.
(pdftex.def)             Requested size: 597.78697pt x 773.60669pt.
File: Resources/LSPACE/LSPACE-MCA_TEAM_01_PDR.pdf Graphic file (type pdf)
<use Resources/LSPACE/LSPACE-MCA_TEAM_01_PDR.pdf, page 192>
Package pdftex.def Info: Resources/LSPACE/LSPACE-MCA_TEAM_01_PDR.pdf , page192 
used on input line 214.
(pdftex.def)             Requested size: 597.78697pt x 773.60669pt.
File: Resources/LSPACE/LSPACE-MCA_TEAM_01_PDR.pdf Graphic file (type pdf)
<use Resources/LSPACE/LSPACE-MCA_TEAM_01_PDR.pdf, page 192>
Package pdftex.def Info: Resources/LSPACE/LSPACE-MCA_TEAM_01_PDR.pdf , page192 
used on input line 214.
(pdftex.def)             Requested size: 597.78697pt x 773.60669pt.
 [644 <./Resources/LSPACE/LSPACE-MCA_TEAM_01_PDR.pdf>]
<Resources/LSPACE/LSPACE-MCA_TEAM_01_PDR.pdf, id=6039, page=193, 614.295pt x 79
4.97pt>
File: Resources/LSPACE/LSPACE-MCA_TEAM_01_PDR.pdf Graphic file (type pdf)
<use Resources/LSPACE/LSPACE-MCA_TEAM_01_PDR.pdf, page 193>
Package pdftex.def Info: Resources/LSPACE/LSPACE-MCA_TEAM_01_PDR.pdf , page193 
used on input line 214.
(pdftex.def)             Requested size: 597.78697pt x 773.60669pt.
File: Resources/LSPACE/LSPACE-MCA_TEAM_01_PDR.pdf Graphic file (type pdf)
<use Resources/LSPACE/LSPACE-MCA_TEAM_01_PDR.pdf, page 193>
Package pdftex.def Info: Resources/LSPACE/LSPACE-MCA_TEAM_01_PDR.pdf , page193 
used on input line 214.
(pdftex.def)             Requested size: 597.78697pt x 773.60669pt.
File: Resources/LSPACE/LSPACE-MCA_TEAM_01_PDR.pdf Graphic file (type pdf)
<use Resources/LSPACE/LSPACE-MCA_TEAM_01_PDR.pdf, page 193>
Package pdftex.def Info: Resources/LSPACE/LSPACE-MCA_TEAM_01_PDR.pdf , page193 
used on input line 214.
(pdftex.def)             Requested size: 597.78697pt x 773.60669pt.
 [645 <./Resources/LSPACE/LSPACE-MCA_TEAM_01_PDR.pdf>]
<Resources/LSPACE/LSPACE-MCA_TEAM_01_PDR.pdf, id=6053, page=194, 614.295pt x 79
4.97pt>
File: Resources/LSPACE/LSPACE-MCA_TEAM_01_PDR.pdf Graphic file (type pdf)
<use Resources/LSPACE/LSPACE-MCA_TEAM_01_PDR.pdf, page 194>
Package pdftex.def Info: Resources/LSPACE/LSPACE-MCA_TEAM_01_PDR.pdf , page194 
used on input line 214.
(pdftex.def)             Requested size: 597.78697pt x 773.60669pt.
File: Resources/LSPACE/LSPACE-MCA_TEAM_01_PDR.pdf Graphic file (type pdf)
<use Resources/LSPACE/LSPACE-MCA_TEAM_01_PDR.pdf, page 194>
Package pdftex.def Info: Resources/LSPACE/LSPACE-MCA_TEAM_01_PDR.pdf , page194 
used on input line 214.
(pdftex.def)             Requested size: 597.78697pt x 773.60669pt.
File: Resources/LSPACE/LSPACE-MCA_TEAM_01_PDR.pdf Graphic file (type pdf)
<use Resources/LSPACE/LSPACE-MCA_TEAM_01_PDR.pdf, page 194>
Package pdftex.def Info: Resources/LSPACE/LSPACE-MCA_TEAM_01_PDR.pdf , page194 
used on input line 214.
(pdftex.def)             Requested size: 597.78697pt x 773.60669pt.
 [646 <./Resources/LSPACE/LSPACE-MCA_TEAM_01_PDR.pdf>]
<Resources/LSPACE/LSPACE-MCA_TEAM_01_PDR.pdf, id=6062, page=195, 614.295pt x 79
4.97pt>
File: Resources/LSPACE/LSPACE-MCA_TEAM_01_PDR.pdf Graphic file (type pdf)
<use Resources/LSPACE/LSPACE-MCA_TEAM_01_PDR.pdf, page 195>
Package pdftex.def Info: Resources/LSPACE/LSPACE-MCA_TEAM_01_PDR.pdf , page195 
used on input line 214.
(pdftex.def)             Requested size: 597.78697pt x 773.60669pt.
File: Resources/LSPACE/LSPACE-MCA_TEAM_01_PDR.pdf Graphic file (type pdf)
<use Resources/LSPACE/LSPACE-MCA_TEAM_01_PDR.pdf, page 195>
Package pdftex.def Info: Resources/LSPACE/LSPACE-MCA_TEAM_01_PDR.pdf , page195 
used on input line 214.
(pdftex.def)             Requested size: 597.78697pt x 773.60669pt.
File: Resources/LSPACE/LSPACE-MCA_TEAM_01_PDR.pdf Graphic file (type pdf)
<use Resources/LSPACE/LSPACE-MCA_TEAM_01_PDR.pdf, page 195>
Package pdftex.def Info: Resources/LSPACE/LSPACE-MCA_TEAM_01_PDR.pdf , page195 
used on input line 214.
(pdftex.def)             Requested size: 597.78697pt x 773.60669pt.
 [647 <./Resources/LSPACE/LSPACE-MCA_TEAM_01_PDR.pdf>]
<Resources/LSPACE/LSPACE-MCA_TEAM_01_PDR.pdf, id=6071, page=196, 614.295pt x 79
4.97pt>
File: Resources/LSPACE/LSPACE-MCA_TEAM_01_PDR.pdf Graphic file (type pdf)
<use Resources/LSPACE/LSPACE-MCA_TEAM_01_PDR.pdf, page 196>
Package pdftex.def Info: Resources/LSPACE/LSPACE-MCA_TEAM_01_PDR.pdf , page196 
used on input line 214.
(pdftex.def)             Requested size: 597.78697pt x 773.60669pt.
File: Resources/LSPACE/LSPACE-MCA_TEAM_01_PDR.pdf Graphic file (type pdf)
<use Resources/LSPACE/LSPACE-MCA_TEAM_01_PDR.pdf, page 196>
Package pdftex.def Info: Resources/LSPACE/LSPACE-MCA_TEAM_01_PDR.pdf , page196 
used on input line 214.
(pdftex.def)             Requested size: 597.78697pt x 773.60669pt.
File: Resources/LSPACE/LSPACE-MCA_TEAM_01_PDR.pdf Graphic file (type pdf)
<use Resources/LSPACE/LSPACE-MCA_TEAM_01_PDR.pdf, page 196>
Package pdftex.def Info: Resources/LSPACE/LSPACE-MCA_TEAM_01_PDR.pdf , page196 
used on input line 214.
(pdftex.def)             Requested size: 597.78697pt x 773.60669pt.
 [648 <./Resources/LSPACE/LSPACE-MCA_TEAM_01_PDR.pdf>]
<Resources/LSPACE/LSPACE-MCA_TEAM_01_PDR.pdf, id=6082, page=197, 614.295pt x 79
4.97pt>
File: Resources/LSPACE/LSPACE-MCA_TEAM_01_PDR.pdf Graphic file (type pdf)
<use Resources/LSPACE/LSPACE-MCA_TEAM_01_PDR.pdf, page 197>
Package pdftex.def Info: Resources/LSPACE/LSPACE-MCA_TEAM_01_PDR.pdf , page197 
used on input line 214.
(pdftex.def)             Requested size: 597.78697pt x 773.60669pt.
File: Resources/LSPACE/LSPACE-MCA_TEAM_01_PDR.pdf Graphic file (type pdf)
<use Resources/LSPACE/LSPACE-MCA_TEAM_01_PDR.pdf, page 197>
Package pdftex.def Info: Resources/LSPACE/LSPACE-MCA_TEAM_01_PDR.pdf , page197 
used on input line 214.
(pdftex.def)             Requested size: 597.78697pt x 773.60669pt.
File: Resources/LSPACE/LSPACE-MCA_TEAM_01_PDR.pdf Graphic file (type pdf)
<use Resources/LSPACE/LSPACE-MCA_TEAM_01_PDR.pdf, page 197>
Package pdftex.def Info: Resources/LSPACE/LSPACE-MCA_TEAM_01_PDR.pdf , page197 
used on input line 214.
(pdftex.def)             Requested size: 597.78697pt x 773.60669pt.
 [649 <./Resources/LSPACE/LSPACE-MCA_TEAM_01_PDR.pdf>]
<Resources/LSPACE/LSPACE-MCA_TEAM_01_PDR.pdf, id=6092, page=198, 614.295pt x 79
4.97pt>
File: Resources/LSPACE/LSPACE-MCA_TEAM_01_PDR.pdf Graphic file (type pdf)
<use Resources/LSPACE/LSPACE-MCA_TEAM_01_PDR.pdf, page 198>
Package pdftex.def Info: Resources/LSPACE/LSPACE-MCA_TEAM_01_PDR.pdf , page198 
used on input line 214.
(pdftex.def)             Requested size: 597.78697pt x 773.60669pt.
File: Resources/LSPACE/LSPACE-MCA_TEAM_01_PDR.pdf Graphic file (type pdf)
<use Resources/LSPACE/LSPACE-MCA_TEAM_01_PDR.pdf, page 198>
Package pdftex.def Info: Resources/LSPACE/LSPACE-MCA_TEAM_01_PDR.pdf , page198 
used on input line 214.
(pdftex.def)             Requested size: 597.78697pt x 773.60669pt.
File: Resources/LSPACE/LSPACE-MCA_TEAM_01_PDR.pdf Graphic file (type pdf)
<use Resources/LSPACE/LSPACE-MCA_TEAM_01_PDR.pdf, page 198>
Package pdftex.def Info: Resources/LSPACE/LSPACE-MCA_TEAM_01_PDR.pdf , page198 
used on input line 214.
(pdftex.def)             Requested size: 597.78697pt x 773.60669pt.
 [650 <./Resources/LSPACE/LSPACE-MCA_TEAM_01_PDR.pdf>]
<Resources/LSPACE/LSPACE-MCA_TEAM_01_PDR.pdf, id=6101, page=199, 614.295pt x 79
4.97pt>
File: Resources/LSPACE/LSPACE-MCA_TEAM_01_PDR.pdf Graphic file (type pdf)
<use Resources/LSPACE/LSPACE-MCA_TEAM_01_PDR.pdf, page 199>
Package pdftex.def Info: Resources/LSPACE/LSPACE-MCA_TEAM_01_PDR.pdf , page199 
used on input line 214.
(pdftex.def)             Requested size: 597.78697pt x 773.60669pt.
File: Resources/LSPACE/LSPACE-MCA_TEAM_01_PDR.pdf Graphic file (type pdf)
<use Resources/LSPACE/LSPACE-MCA_TEAM_01_PDR.pdf, page 199>
Package pdftex.def Info: Resources/LSPACE/LSPACE-MCA_TEAM_01_PDR.pdf , page199 
used on input line 214.
(pdftex.def)             Requested size: 597.78697pt x 773.60669pt.
File: Resources/LSPACE/LSPACE-MCA_TEAM_01_PDR.pdf Graphic file (type pdf)
<use Resources/LSPACE/LSPACE-MCA_TEAM_01_PDR.pdf, page 199>
Package pdftex.def Info: Resources/LSPACE/LSPACE-MCA_TEAM_01_PDR.pdf , page199 
used on input line 214.
(pdftex.def)             Requested size: 597.78697pt x 773.60669pt.
 [651 <./Resources/LSPACE/LSPACE-MCA_TEAM_01_PDR.pdf>]
<Resources/LSPACE/LSPACE-MCA_TEAM_01_PDR.pdf, id=6110, page=200, 614.295pt x 79
4.97pt>
File: Resources/LSPACE/LSPACE-MCA_TEAM_01_PDR.pdf Graphic file (type pdf)
<use Resources/LSPACE/LSPACE-MCA_TEAM_01_PDR.pdf, page 200>
Package pdftex.def Info: Resources/LSPACE/LSPACE-MCA_TEAM_01_PDR.pdf , page200 
used on input line 214.
(pdftex.def)             Requested size: 597.78697pt x 773.60669pt.
File: Resources/LSPACE/LSPACE-MCA_TEAM_01_PDR.pdf Graphic file (type pdf)
<use Resources/LSPACE/LSPACE-MCA_TEAM_01_PDR.pdf, page 200>
Package pdftex.def Info: Resources/LSPACE/LSPACE-MCA_TEAM_01_PDR.pdf , page200 
used on input line 214.
(pdftex.def)             Requested size: 597.78697pt x 773.60669pt.
File: Resources/LSPACE/LSPACE-MCA_TEAM_01_PDR.pdf Graphic file (type pdf)
<use Resources/LSPACE/LSPACE-MCA_TEAM_01_PDR.pdf, page 200>
Package pdftex.def Info: Resources/LSPACE/LSPACE-MCA_TEAM_01_PDR.pdf , page200 
used on input line 214.
(pdftex.def)             Requested size: 597.78697pt x 773.60669pt.
 [652 <./Resources/LSPACE/LSPACE-MCA_TEAM_01_PDR.pdf>]
<Resources/LSPACE/LSPACE-MCA_TEAM_01_PDR.pdf, id=6121, page=201, 614.295pt x 79
4.97pt>
File: Resources/LSPACE/LSPACE-MCA_TEAM_01_PDR.pdf Graphic file (type pdf)
<use Resources/LSPACE/LSPACE-MCA_TEAM_01_PDR.pdf, page 201>
Package pdftex.def Info: Resources/LSPACE/LSPACE-MCA_TEAM_01_PDR.pdf , page201 
used on input line 214.
(pdftex.def)             Requested size: 597.78697pt x 773.60669pt.
File: Resources/LSPACE/LSPACE-MCA_TEAM_01_PDR.pdf Graphic file (type pdf)
<use Resources/LSPACE/LSPACE-MCA_TEAM_01_PDR.pdf, page 201>
Package pdftex.def Info: Resources/LSPACE/LSPACE-MCA_TEAM_01_PDR.pdf , page201 
used on input line 214.
(pdftex.def)             Requested size: 597.78697pt x 773.60669pt.
File: Resources/LSPACE/LSPACE-MCA_TEAM_01_PDR.pdf Graphic file (type pdf)
<use Resources/LSPACE/LSPACE-MCA_TEAM_01_PDR.pdf, page 201>
Package pdftex.def Info: Resources/LSPACE/LSPACE-MCA_TEAM_01_PDR.pdf , page201 
used on input line 214.
(pdftex.def)             Requested size: 597.78697pt x 773.60669pt.
 [653 <./Resources/LSPACE/LSPACE-MCA_TEAM_01_PDR.pdf>]
<Resources/LSPACE/LSPACE-MCA_TEAM_01_PDR.pdf, id=6130, page=202, 614.295pt x 79
4.97pt>
File: Resources/LSPACE/LSPACE-MCA_TEAM_01_PDR.pdf Graphic file (type pdf)
<use Resources/LSPACE/LSPACE-MCA_TEAM_01_PDR.pdf, page 202>
Package pdftex.def Info: Resources/LSPACE/LSPACE-MCA_TEAM_01_PDR.pdf , page202 
used on input line 214.
(pdftex.def)             Requested size: 597.78697pt x 773.60669pt.
File: Resources/LSPACE/LSPACE-MCA_TEAM_01_PDR.pdf Graphic file (type pdf)
<use Resources/LSPACE/LSPACE-MCA_TEAM_01_PDR.pdf, page 202>
Package pdftex.def Info: Resources/LSPACE/LSPACE-MCA_TEAM_01_PDR.pdf , page202 
used on input line 214.
(pdftex.def)             Requested size: 597.78697pt x 773.60669pt.
File: Resources/LSPACE/LSPACE-MCA_TEAM_01_PDR.pdf Graphic file (type pdf)
<use Resources/LSPACE/LSPACE-MCA_TEAM_01_PDR.pdf, page 202>
Package pdftex.def Info: Resources/LSPACE/LSPACE-MCA_TEAM_01_PDR.pdf , page202 
used on input line 214.
(pdftex.def)             Requested size: 597.78697pt x 773.60669pt.
 [654 <./Resources/LSPACE/LSPACE-MCA_TEAM_01_PDR.pdf>]
<Resources/LSPACE/LSPACE-MCA_TEAM_01_PDR.pdf, id=6139, page=203, 614.295pt x 79
4.97pt>
File: Resources/LSPACE/LSPACE-MCA_TEAM_01_PDR.pdf Graphic file (type pdf)
<use Resources/LSPACE/LSPACE-MCA_TEAM_01_PDR.pdf, page 203>
Package pdftex.def Info: Resources/LSPACE/LSPACE-MCA_TEAM_01_PDR.pdf , page203 
used on input line 214.
(pdftex.def)             Requested size: 597.78697pt x 773.60669pt.
File: Resources/LSPACE/LSPACE-MCA_TEAM_01_PDR.pdf Graphic file (type pdf)
<use Resources/LSPACE/LSPACE-MCA_TEAM_01_PDR.pdf, page 203>
Package pdftex.def Info: Resources/LSPACE/LSPACE-MCA_TEAM_01_PDR.pdf , page203 
used on input line 214.
(pdftex.def)             Requested size: 597.78697pt x 773.60669pt.
File: Resources/LSPACE/LSPACE-MCA_TEAM_01_PDR.pdf Graphic file (type pdf)
<use Resources/LSPACE/LSPACE-MCA_TEAM_01_PDR.pdf, page 203>
Package pdftex.def Info: Resources/LSPACE/LSPACE-MCA_TEAM_01_PDR.pdf , page203 
used on input line 214.
(pdftex.def)             Requested size: 597.78697pt x 773.60669pt.
 [655 <./Resources/LSPACE/LSPACE-MCA_TEAM_01_PDR.pdf>]
<Resources/LSPACE/LSPACE-MCA_TEAM_01_PDR.pdf, id=6149, page=204, 614.295pt x 79
4.97pt>
File: Resources/LSPACE/LSPACE-MCA_TEAM_01_PDR.pdf Graphic file (type pdf)
<use Resources/LSPACE/LSPACE-MCA_TEAM_01_PDR.pdf, page 204>
Package pdftex.def Info: Resources/LSPACE/LSPACE-MCA_TEAM_01_PDR.pdf , page204 
used on input line 214.
(pdftex.def)             Requested size: 597.78697pt x 773.60669pt.
File: Resources/LSPACE/LSPACE-MCA_TEAM_01_PDR.pdf Graphic file (type pdf)
<use Resources/LSPACE/LSPACE-MCA_TEAM_01_PDR.pdf, page 204>
Package pdftex.def Info: Resources/LSPACE/LSPACE-MCA_TEAM_01_PDR.pdf , page204 
used on input line 214.
(pdftex.def)             Requested size: 597.78697pt x 773.60669pt.
File: Resources/LSPACE/LSPACE-MCA_TEAM_01_PDR.pdf Graphic file (type pdf)
<use Resources/LSPACE/LSPACE-MCA_TEAM_01_PDR.pdf, page 204>
Package pdftex.def Info: Resources/LSPACE/LSPACE-MCA_TEAM_01_PDR.pdf , page204 
used on input line 214.
(pdftex.def)             Requested size: 597.78697pt x 773.60669pt.
 [656 <./Resources/LSPACE/LSPACE-MCA_TEAM_01_PDR.pdf>]
<Resources/LSPACE/LSPACE-MCA_TEAM_01_PDR.pdf, id=6158, page=205, 614.295pt x 79
4.97pt>
File: Resources/LSPACE/LSPACE-MCA_TEAM_01_PDR.pdf Graphic file (type pdf)
<use Resources/LSPACE/LSPACE-MCA_TEAM_01_PDR.pdf, page 205>
Package pdftex.def Info: Resources/LSPACE/LSPACE-MCA_TEAM_01_PDR.pdf , page205 
used on input line 214.
(pdftex.def)             Requested size: 597.78697pt x 773.60669pt.
File: Resources/LSPACE/LSPACE-MCA_TEAM_01_PDR.pdf Graphic file (type pdf)
<use Resources/LSPACE/LSPACE-MCA_TEAM_01_PDR.pdf, page 205>
Package pdftex.def Info: Resources/LSPACE/LSPACE-MCA_TEAM_01_PDR.pdf , page205 
used on input line 214.
(pdftex.def)             Requested size: 597.78697pt x 773.60669pt.
File: Resources/LSPACE/LSPACE-MCA_TEAM_01_PDR.pdf Graphic file (type pdf)
<use Resources/LSPACE/LSPACE-MCA_TEAM_01_PDR.pdf, page 205>
Package pdftex.def Info: Resources/LSPACE/LSPACE-MCA_TEAM_01_PDR.pdf , page205 
used on input line 214.
(pdftex.def)             Requested size: 597.78697pt x 773.60669pt.
 [657 <./Resources/LSPACE/LSPACE-MCA_TEAM_01_PDR.pdf>]
<Resources/LSPACE/LSPACE-MCA_TEAM_01_PDR.pdf, id=6169, page=206, 614.295pt x 79
4.97pt>
File: Resources/LSPACE/LSPACE-MCA_TEAM_01_PDR.pdf Graphic file (type pdf)
<use Resources/LSPACE/LSPACE-MCA_TEAM_01_PDR.pdf, page 206>
Package pdftex.def Info: Resources/LSPACE/LSPACE-MCA_TEAM_01_PDR.pdf , page206 
used on input line 214.
(pdftex.def)             Requested size: 597.78697pt x 773.60669pt.
File: Resources/LSPACE/LSPACE-MCA_TEAM_01_PDR.pdf Graphic file (type pdf)
<use Resources/LSPACE/LSPACE-MCA_TEAM_01_PDR.pdf, page 206>
Package pdftex.def Info: Resources/LSPACE/LSPACE-MCA_TEAM_01_PDR.pdf , page206 
used on input line 214.
(pdftex.def)             Requested size: 597.78697pt x 773.60669pt.
File: Resources/LSPACE/LSPACE-MCA_TEAM_01_PDR.pdf Graphic file (type pdf)
<use Resources/LSPACE/LSPACE-MCA_TEAM_01_PDR.pdf, page 206>
Package pdftex.def Info: Resources/LSPACE/LSPACE-MCA_TEAM_01_PDR.pdf , page206 
used on input line 214.
(pdftex.def)             Requested size: 597.78697pt x 773.60669pt.
 [658 <./Resources/LSPACE/LSPACE-MCA_TEAM_01_PDR.pdf>]
<Resources/LSPACE/LSPACE-MCA_TEAM_01_PDR.pdf, id=6178, page=207, 614.295pt x 79
4.97pt>
File: Resources/LSPACE/LSPACE-MCA_TEAM_01_PDR.pdf Graphic file (type pdf)
<use Resources/LSPACE/LSPACE-MCA_TEAM_01_PDR.pdf, page 207>
Package pdftex.def Info: Resources/LSPACE/LSPACE-MCA_TEAM_01_PDR.pdf , page207 
used on input line 214.
(pdftex.def)             Requested size: 597.78697pt x 773.60669pt.
File: Resources/LSPACE/LSPACE-MCA_TEAM_01_PDR.pdf Graphic file (type pdf)
<use Resources/LSPACE/LSPACE-MCA_TEAM_01_PDR.pdf, page 207>
Package pdftex.def Info: Resources/LSPACE/LSPACE-MCA_TEAM_01_PDR.pdf , page207 
used on input line 214.
(pdftex.def)             Requested size: 597.78697pt x 773.60669pt.
File: Resources/LSPACE/LSPACE-MCA_TEAM_01_PDR.pdf Graphic file (type pdf)
<use Resources/LSPACE/LSPACE-MCA_TEAM_01_PDR.pdf, page 207>
Package pdftex.def Info: Resources/LSPACE/LSPACE-MCA_TEAM_01_PDR.pdf , page207 
used on input line 214.
(pdftex.def)             Requested size: 597.78697pt x 773.60669pt.

[659 <./Resources/LSPACE/LSPACE-MCA_TEAM_01_PDR.pdf>]
<Resources/LSPACE/LSPACE-MCA_TEAM_01_PDR.pdf, id=6187, page=208, 794.97pt x 614
.295pt>
File: Resources/LSPACE/LSPACE-MCA_TEAM_01_PDR.pdf Graphic file (type pdf)
<use Resources/LSPACE/LSPACE-MCA_TEAM_01_PDR.pdf, page 208>
Package pdftex.def Info: Resources/LSPACE/LSPACE-MCA_TEAM_01_PDR.pdf , page208 
used on input line 214.
(pdftex.def)             Requested size: 773.60669pt x 597.78697pt.
File: Resources/LSPACE/LSPACE-MCA_TEAM_01_PDR.pdf Graphic file (type pdf)
<use Resources/LSPACE/LSPACE-MCA_TEAM_01_PDR.pdf, page 208>
Package pdftex.def Info: Resources/LSPACE/LSPACE-MCA_TEAM_01_PDR.pdf , page208 
used on input line 214.
(pdftex.def)             Requested size: 773.60669pt x 597.78697pt.
File: Resources/LSPACE/LSPACE-MCA_TEAM_01_PDR.pdf Graphic file (type pdf)
<use Resources/LSPACE/LSPACE-MCA_TEAM_01_PDR.pdf, page 208>
Package pdftex.def Info: Resources/LSPACE/LSPACE-MCA_TEAM_01_PDR.pdf , page208 
used on input line 214.
(pdftex.def)             Requested size: 773.60669pt x 597.78697pt.
 [660 <./Resources/LSPACE/LSPACE-MCA_TEAM_01_PDR.pdf>]
<Resources/LSPACE/LSPACE-MCA_TEAM_01_PDR.pdf, id=6196, page=209, 614.295pt x 79
4.97pt>
File: Resources/LSPACE/LSPACE-MCA_TEAM_01_PDR.pdf Graphic file (type pdf)
<use Resources/LSPACE/LSPACE-MCA_TEAM_01_PDR.pdf, page 209>
Package pdftex.def Info: Resources/LSPACE/LSPACE-MCA_TEAM_01_PDR.pdf , page209 
used on input line 214.
(pdftex.def)             Requested size: 597.78697pt x 773.60669pt.
File: Resources/LSPACE/LSPACE-MCA_TEAM_01_PDR.pdf Graphic file (type pdf)
<use Resources/LSPACE/LSPACE-MCA_TEAM_01_PDR.pdf, page 209>
Package pdftex.def Info: Resources/LSPACE/LSPACE-MCA_TEAM_01_PDR.pdf , page209 
used on input line 214.
(pdftex.def)             Requested size: 597.78697pt x 773.60669pt.
File: Resources/LSPACE/LSPACE-MCA_TEAM_01_PDR.pdf Graphic file (type pdf)
<use Resources/LSPACE/LSPACE-MCA_TEAM_01_PDR.pdf, page 209>
Package pdftex.def Info: Resources/LSPACE/LSPACE-MCA_TEAM_01_PDR.pdf , page209 
used on input line 214.
(pdftex.def)             Requested size: 597.78697pt x 773.60669pt.
 [661 <./Resources/LSPACE/LSPACE-MCA_TEAM_01_PDR.pdf>]
<Resources/LSPACE/LSPACE-MCA_TEAM_01_PDR.pdf, id=6207, page=210, 614.295pt x 79
4.97pt>
File: Resources/LSPACE/LSPACE-MCA_TEAM_01_PDR.pdf Graphic file (type pdf)
<use Resources/LSPACE/LSPACE-MCA_TEAM_01_PDR.pdf, page 210>
Package pdftex.def Info: Resources/LSPACE/LSPACE-MCA_TEAM_01_PDR.pdf , page210 
used on input line 214.
(pdftex.def)             Requested size: 597.78697pt x 773.60669pt.
File: Resources/LSPACE/LSPACE-MCA_TEAM_01_PDR.pdf Graphic file (type pdf)
<use Resources/LSPACE/LSPACE-MCA_TEAM_01_PDR.pdf, page 210>
Package pdftex.def Info: Resources/LSPACE/LSPACE-MCA_TEAM_01_PDR.pdf , page210 
used on input line 214.
(pdftex.def)             Requested size: 597.78697pt x 773.60669pt.
File: Resources/LSPACE/LSPACE-MCA_TEAM_01_PDR.pdf Graphic file (type pdf)
<use Resources/LSPACE/LSPACE-MCA_TEAM_01_PDR.pdf, page 210>
Package pdftex.def Info: Resources/LSPACE/LSPACE-MCA_TEAM_01_PDR.pdf , page210 
used on input line 214.
(pdftex.def)             Requested size: 597.78697pt x 773.60669pt.
 [662 <./Resources/LSPACE/LSPACE-MCA_TEAM_01_PDR.pdf>]
<Resources/LSPACE/LSPACE-MCA_TEAM_01_PDR.pdf, id=6216, page=211, 614.295pt x 79
4.97pt>
File: Resources/LSPACE/LSPACE-MCA_TEAM_01_PDR.pdf Graphic file (type pdf)
<use Resources/LSPACE/LSPACE-MCA_TEAM_01_PDR.pdf, page 211>
Package pdftex.def Info: Resources/LSPACE/LSPACE-MCA_TEAM_01_PDR.pdf , page211 
used on input line 214.
(pdftex.def)             Requested size: 597.78697pt x 773.60669pt.
File: Resources/LSPACE/LSPACE-MCA_TEAM_01_PDR.pdf Graphic file (type pdf)
<use Resources/LSPACE/LSPACE-MCA_TEAM_01_PDR.pdf, page 211>
Package pdftex.def Info: Resources/LSPACE/LSPACE-MCA_TEAM_01_PDR.pdf , page211 
used on input line 214.
(pdftex.def)             Requested size: 597.78697pt x 773.60669pt.
File: Resources/LSPACE/LSPACE-MCA_TEAM_01_PDR.pdf Graphic file (type pdf)
<use Resources/LSPACE/LSPACE-MCA_TEAM_01_PDR.pdf, page 211>
Package pdftex.def Info: Resources/LSPACE/LSPACE-MCA_TEAM_01_PDR.pdf , page211 
used on input line 214.
(pdftex.def)             Requested size: 597.78697pt x 773.60669pt.
 [663 <./Resources/LSPACE/LSPACE-MCA_TEAM_01_PDR.pdf>]
<Resources/LSPACE/LSPACE-MCA_TEAM_01_PDR.pdf, id=6225, page=212, 614.295pt x 79
4.97pt>
File: Resources/LSPACE/LSPACE-MCA_TEAM_01_PDR.pdf Graphic file (type pdf)
<use Resources/LSPACE/LSPACE-MCA_TEAM_01_PDR.pdf, page 212>
Package pdftex.def Info: Resources/LSPACE/LSPACE-MCA_TEAM_01_PDR.pdf , page212 
used on input line 214.
(pdftex.def)             Requested size: 597.78697pt x 773.60669pt.
File: Resources/LSPACE/LSPACE-MCA_TEAM_01_PDR.pdf Graphic file (type pdf)
<use Resources/LSPACE/LSPACE-MCA_TEAM_01_PDR.pdf, page 212>
Package pdftex.def Info: Resources/LSPACE/LSPACE-MCA_TEAM_01_PDR.pdf , page212 
used on input line 214.
(pdftex.def)             Requested size: 597.78697pt x 773.60669pt.
File: Resources/LSPACE/LSPACE-MCA_TEAM_01_PDR.pdf Graphic file (type pdf)
<use Resources/LSPACE/LSPACE-MCA_TEAM_01_PDR.pdf, page 212>
Package pdftex.def Info: Resources/LSPACE/LSPACE-MCA_TEAM_01_PDR.pdf , page212 
used on input line 214.
(pdftex.def)             Requested size: 597.78697pt x 773.60669pt.
 [664 <./Resources/LSPACE/LSPACE-MCA_TEAM_01_PDR.pdf>]
<Resources/LSPACE/LSPACE-MCA_TEAM_01_PDR.pdf, id=6234, page=213, 614.295pt x 79
4.97pt>
File: Resources/LSPACE/LSPACE-MCA_TEAM_01_PDR.pdf Graphic file (type pdf)
<use Resources/LSPACE/LSPACE-MCA_TEAM_01_PDR.pdf, page 213>
Package pdftex.def Info: Resources/LSPACE/LSPACE-MCA_TEAM_01_PDR.pdf , page213 
used on input line 214.
(pdftex.def)             Requested size: 597.78697pt x 773.60669pt.
File: Resources/LSPACE/LSPACE-MCA_TEAM_01_PDR.pdf Graphic file (type pdf)
<use Resources/LSPACE/LSPACE-MCA_TEAM_01_PDR.pdf, page 213>
Package pdftex.def Info: Resources/LSPACE/LSPACE-MCA_TEAM_01_PDR.pdf , page213 
used on input line 214.
(pdftex.def)             Requested size: 597.78697pt x 773.60669pt.
File: Resources/LSPACE/LSPACE-MCA_TEAM_01_PDR.pdf Graphic file (type pdf)
<use Resources/LSPACE/LSPACE-MCA_TEAM_01_PDR.pdf, page 213>
Package pdftex.def Info: Resources/LSPACE/LSPACE-MCA_TEAM_01_PDR.pdf , page213 
used on input line 214.
(pdftex.def)             Requested size: 597.78697pt x 773.60669pt.
 [665 <./Resources/LSPACE/LSPACE-MCA_TEAM_01_PDR.pdf>]
<Resources/LSPACE/LSPACE-MCA_TEAM_01_PDR.pdf, id=6243, page=214, 614.295pt x 79
4.97pt>
File: Resources/LSPACE/LSPACE-MCA_TEAM_01_PDR.pdf Graphic file (type pdf)
<use Resources/LSPACE/LSPACE-MCA_TEAM_01_PDR.pdf, page 214>
Package pdftex.def Info: Resources/LSPACE/LSPACE-MCA_TEAM_01_PDR.pdf , page214 
used on input line 214.
(pdftex.def)             Requested size: 597.78697pt x 773.60669pt.
File: Resources/LSPACE/LSPACE-MCA_TEAM_01_PDR.pdf Graphic file (type pdf)
<use Resources/LSPACE/LSPACE-MCA_TEAM_01_PDR.pdf, page 214>
Package pdftex.def Info: Resources/LSPACE/LSPACE-MCA_TEAM_01_PDR.pdf , page214 
used on input line 214.
(pdftex.def)             Requested size: 597.78697pt x 773.60669pt.
File: Resources/LSPACE/LSPACE-MCA_TEAM_01_PDR.pdf Graphic file (type pdf)
<use Resources/LSPACE/LSPACE-MCA_TEAM_01_PDR.pdf, page 214>
Package pdftex.def Info: Resources/LSPACE/LSPACE-MCA_TEAM_01_PDR.pdf , page214 
used on input line 214.
(pdftex.def)             Requested size: 597.78697pt x 773.60669pt.
 [666 <./Resources/LSPACE/LSPACE-MCA_TEAM_01_PDR.pdf>]
<Resources/LSPACE/LSPACE-MCA_TEAM_01_PDR.pdf, id=6252, page=215, 614.295pt x 79
4.97pt>
File: Resources/LSPACE/LSPACE-MCA_TEAM_01_PDR.pdf Graphic file (type pdf)
<use Resources/LSPACE/LSPACE-MCA_TEAM_01_PDR.pdf, page 215>
Package pdftex.def Info: Resources/LSPACE/LSPACE-MCA_TEAM_01_PDR.pdf , page215 
used on input line 214.
(pdftex.def)             Requested size: 597.78697pt x 773.60669pt.
File: Resources/LSPACE/LSPACE-MCA_TEAM_01_PDR.pdf Graphic file (type pdf)
<use Resources/LSPACE/LSPACE-MCA_TEAM_01_PDR.pdf, page 215>
Package pdftex.def Info: Resources/LSPACE/LSPACE-MCA_TEAM_01_PDR.pdf , page215 
used on input line 214.
(pdftex.def)             Requested size: 597.78697pt x 773.60669pt.
File: Resources/LSPACE/LSPACE-MCA_TEAM_01_PDR.pdf Graphic file (type pdf)
<use Resources/LSPACE/LSPACE-MCA_TEAM_01_PDR.pdf, page 215>
Package pdftex.def Info: Resources/LSPACE/LSPACE-MCA_TEAM_01_PDR.pdf , page215 
used on input line 214.
(pdftex.def)             Requested size: 597.78697pt x 773.60669pt.
 [667 <./Resources/LSPACE/LSPACE-MCA_TEAM_01_PDR.pdf>]
<Resources/LSPACE/LSPACE-MCA_TEAM_01_PDR.pdf, id=6262, page=216, 614.295pt x 79
4.97pt>
File: Resources/LSPACE/LSPACE-MCA_TEAM_01_PDR.pdf Graphic file (type pdf)
<use Resources/LSPACE/LSPACE-MCA_TEAM_01_PDR.pdf, page 216>
Package pdftex.def Info: Resources/LSPACE/LSPACE-MCA_TEAM_01_PDR.pdf , page216 
used on input line 214.
(pdftex.def)             Requested size: 597.78697pt x 773.60669pt.
File: Resources/LSPACE/LSPACE-MCA_TEAM_01_PDR.pdf Graphic file (type pdf)
<use Resources/LSPACE/LSPACE-MCA_TEAM_01_PDR.pdf, page 216>
Package pdftex.def Info: Resources/LSPACE/LSPACE-MCA_TEAM_01_PDR.pdf , page216 
used on input line 214.
(pdftex.def)             Requested size: 597.78697pt x 773.60669pt.
File: Resources/LSPACE/LSPACE-MCA_TEAM_01_PDR.pdf Graphic file (type pdf)
<use Resources/LSPACE/LSPACE-MCA_TEAM_01_PDR.pdf, page 216>
Package pdftex.def Info: Resources/LSPACE/LSPACE-MCA_TEAM_01_PDR.pdf , page216 
used on input line 214.
(pdftex.def)             Requested size: 597.78697pt x 773.60669pt.
 [668 <./Resources/LSPACE/LSPACE-MCA_TEAM_01_PDR.pdf>]
<Resources/LSPACE/LSPACE-MCA_TEAM_01_PDR.pdf, id=6271, page=217, 614.295pt x 79
4.97pt>
File: Resources/LSPACE/LSPACE-MCA_TEAM_01_PDR.pdf Graphic file (type pdf)
<use Resources/LSPACE/LSPACE-MCA_TEAM_01_PDR.pdf, page 217>
Package pdftex.def Info: Resources/LSPACE/LSPACE-MCA_TEAM_01_PDR.pdf , page217 
used on input line 214.
(pdftex.def)             Requested size: 597.78697pt x 773.60669pt.
File: Resources/LSPACE/LSPACE-MCA_TEAM_01_PDR.pdf Graphic file (type pdf)
<use Resources/LSPACE/LSPACE-MCA_TEAM_01_PDR.pdf, page 217>
Package pdftex.def Info: Resources/LSPACE/LSPACE-MCA_TEAM_01_PDR.pdf , page217 
used on input line 214.
(pdftex.def)             Requested size: 597.78697pt x 773.60669pt.
File: Resources/LSPACE/LSPACE-MCA_TEAM_01_PDR.pdf Graphic file (type pdf)
<use Resources/LSPACE/LSPACE-MCA_TEAM_01_PDR.pdf, page 217>
Package pdftex.def Info: Resources/LSPACE/LSPACE-MCA_TEAM_01_PDR.pdf , page217 
used on input line 214.
(pdftex.def)             Requested size: 597.78697pt x 773.60669pt.
 [669 <./Resources/LSPACE/LSPACE-MCA_TEAM_01_PDR.pdf>]
<Resources/LSPACE/LSPACE-MCA_TEAM_01_PDR.pdf, id=6280, page=218, 614.295pt x 79
4.97pt>
File: Resources/LSPACE/LSPACE-MCA_TEAM_01_PDR.pdf Graphic file (type pdf)
<use Resources/LSPACE/LSPACE-MCA_TEAM_01_PDR.pdf, page 218>
Package pdftex.def Info: Resources/LSPACE/LSPACE-MCA_TEAM_01_PDR.pdf , page218 
used on input line 214.
(pdftex.def)             Requested size: 597.78697pt x 773.60669pt.
File: Resources/LSPACE/LSPACE-MCA_TEAM_01_PDR.pdf Graphic file (type pdf)
<use Resources/LSPACE/LSPACE-MCA_TEAM_01_PDR.pdf, page 218>
Package pdftex.def Info: Resources/LSPACE/LSPACE-MCA_TEAM_01_PDR.pdf , page218 
used on input line 214.
(pdftex.def)             Requested size: 597.78697pt x 773.60669pt.
File: Resources/LSPACE/LSPACE-MCA_TEAM_01_PDR.pdf Graphic file (type pdf)
<use Resources/LSPACE/LSPACE-MCA_TEAM_01_PDR.pdf, page 218>
Package pdftex.def Info: Resources/LSPACE/LSPACE-MCA_TEAM_01_PDR.pdf , page218 
used on input line 214.
(pdftex.def)             Requested size: 597.78697pt x 773.60669pt.
 [670 <./Resources/LSPACE/LSPACE-MCA_TEAM_01_PDR.pdf>]
<Resources/LSPACE/LSPACE-MCA_TEAM_01_PDR.pdf, id=6289, page=219, 614.295pt x 79
4.97pt>
File: Resources/LSPACE/LSPACE-MCA_TEAM_01_PDR.pdf Graphic file (type pdf)
<use Resources/LSPACE/LSPACE-MCA_TEAM_01_PDR.pdf, page 219>
Package pdftex.def Info: Resources/LSPACE/LSPACE-MCA_TEAM_01_PDR.pdf , page219 
used on input line 214.
(pdftex.def)             Requested size: 597.78697pt x 773.60669pt.
File: Resources/LSPACE/LSPACE-MCA_TEAM_01_PDR.pdf Graphic file (type pdf)
<use Resources/LSPACE/LSPACE-MCA_TEAM_01_PDR.pdf, page 219>
Package pdftex.def Info: Resources/LSPACE/LSPACE-MCA_TEAM_01_PDR.pdf , page219 
used on input line 214.
(pdftex.def)             Requested size: 597.78697pt x 773.60669pt.
File: Resources/LSPACE/LSPACE-MCA_TEAM_01_PDR.pdf Graphic file (type pdf)
<use Resources/LSPACE/LSPACE-MCA_TEAM_01_PDR.pdf, page 219>
Package pdftex.def Info: Resources/LSPACE/LSPACE-MCA_TEAM_01_PDR.pdf , page219 
used on input line 214.
(pdftex.def)             Requested size: 597.78697pt x 773.60669pt.
 [671 <./Resources/LSPACE/LSPACE-MCA_TEAM_01_PDR.pdf>]
<Resources/LSPACE/LSPACE-MCA_TEAM_01_PDR.pdf, id=6298, page=220, 614.295pt x 79
4.97pt>
File: Resources/LSPACE/LSPACE-MCA_TEAM_01_PDR.pdf Graphic file (type pdf)
<use Resources/LSPACE/LSPACE-MCA_TEAM_01_PDR.pdf, page 220>
Package pdftex.def Info: Resources/LSPACE/LSPACE-MCA_TEAM_01_PDR.pdf , page220 
used on input line 214.
(pdftex.def)             Requested size: 597.78697pt x 773.60669pt.
File: Resources/LSPACE/LSPACE-MCA_TEAM_01_PDR.pdf Graphic file (type pdf)
<use Resources/LSPACE/LSPACE-MCA_TEAM_01_PDR.pdf, page 220>
Package pdftex.def Info: Resources/LSPACE/LSPACE-MCA_TEAM_01_PDR.pdf , page220 
used on input line 214.
(pdftex.def)             Requested size: 597.78697pt x 773.60669pt.
File: Resources/LSPACE/LSPACE-MCA_TEAM_01_PDR.pdf Graphic file (type pdf)
<use Resources/LSPACE/LSPACE-MCA_TEAM_01_PDR.pdf, page 220>
Package pdftex.def Info: Resources/LSPACE/LSPACE-MCA_TEAM_01_PDR.pdf , page220 
used on input line 214.
(pdftex.def)             Requested size: 597.78697pt x 773.60669pt.
 [672 <./Resources/LSPACE/LSPACE-MCA_TEAM_01_PDR.pdf>]
<Resources/LSPACE/LSPACE-MCA_TEAM_01_PDR.pdf, id=6307, page=221, 614.295pt x 79
4.97pt>
File: Resources/LSPACE/LSPACE-MCA_TEAM_01_PDR.pdf Graphic file (type pdf)
<use Resources/LSPACE/LSPACE-MCA_TEAM_01_PDR.pdf, page 221>
Package pdftex.def Info: Resources/LSPACE/LSPACE-MCA_TEAM_01_PDR.pdf , page221 
used on input line 214.
(pdftex.def)             Requested size: 597.78697pt x 773.60669pt.
File: Resources/LSPACE/LSPACE-MCA_TEAM_01_PDR.pdf Graphic file (type pdf)
<use Resources/LSPACE/LSPACE-MCA_TEAM_01_PDR.pdf, page 221>
Package pdftex.def Info: Resources/LSPACE/LSPACE-MCA_TEAM_01_PDR.pdf , page221 
used on input line 214.
(pdftex.def)             Requested size: 597.78697pt x 773.60669pt.
File: Resources/LSPACE/LSPACE-MCA_TEAM_01_PDR.pdf Graphic file (type pdf)
<use Resources/LSPACE/LSPACE-MCA_TEAM_01_PDR.pdf, page 221>
Package pdftex.def Info: Resources/LSPACE/LSPACE-MCA_TEAM_01_PDR.pdf , page221 
used on input line 214.
(pdftex.def)             Requested size: 597.78697pt x 773.60669pt.
 [673 <./Resources/LSPACE/LSPACE-MCA_TEAM_01_PDR.pdf>]
<Resources/LSPACE/LSPACE-MCA_TEAM_01_PDR.pdf, id=6317, page=222, 614.295pt x 79
4.97pt>
File: Resources/LSPACE/LSPACE-MCA_TEAM_01_PDR.pdf Graphic file (type pdf)
<use Resources/LSPACE/LSPACE-MCA_TEAM_01_PDR.pdf, page 222>
Package pdftex.def Info: Resources/LSPACE/LSPACE-MCA_TEAM_01_PDR.pdf , page222 
used on input line 214.
(pdftex.def)             Requested size: 597.78697pt x 773.60669pt.
File: Resources/LSPACE/LSPACE-MCA_TEAM_01_PDR.pdf Graphic file (type pdf)
<use Resources/LSPACE/LSPACE-MCA_TEAM_01_PDR.pdf, page 222>
Package pdftex.def Info: Resources/LSPACE/LSPACE-MCA_TEAM_01_PDR.pdf , page222 
used on input line 214.
(pdftex.def)             Requested size: 597.78697pt x 773.60669pt.
File: Resources/LSPACE/LSPACE-MCA_TEAM_01_PDR.pdf Graphic file (type pdf)
<use Resources/LSPACE/LSPACE-MCA_TEAM_01_PDR.pdf, page 222>
Package pdftex.def Info: Resources/LSPACE/LSPACE-MCA_TEAM_01_PDR.pdf , page222 
used on input line 214.
(pdftex.def)             Requested size: 597.78697pt x 773.60669pt.
 [674 <./Resources/LSPACE/LSPACE-MCA_TEAM_01_PDR.pdf>]
<Resources/LSPACE/LSPACE-MCA_TEAM_01_PDR.pdf, id=6326, page=223, 614.295pt x 79
4.97pt>
File: Resources/LSPACE/LSPACE-MCA_TEAM_01_PDR.pdf Graphic file (type pdf)
<use Resources/LSPACE/LSPACE-MCA_TEAM_01_PDR.pdf, page 223>
Package pdftex.def Info: Resources/LSPACE/LSPACE-MCA_TEAM_01_PDR.pdf , page223 
used on input line 214.
(pdftex.def)             Requested size: 597.78697pt x 773.60669pt.
File: Resources/LSPACE/LSPACE-MCA_TEAM_01_PDR.pdf Graphic file (type pdf)
<use Resources/LSPACE/LSPACE-MCA_TEAM_01_PDR.pdf, page 223>
Package pdftex.def Info: Resources/LSPACE/LSPACE-MCA_TEAM_01_PDR.pdf , page223 
used on input line 214.
(pdftex.def)             Requested size: 597.78697pt x 773.60669pt.
File: Resources/LSPACE/LSPACE-MCA_TEAM_01_PDR.pdf Graphic file (type pdf)
<use Resources/LSPACE/LSPACE-MCA_TEAM_01_PDR.pdf, page 223>
Package pdftex.def Info: Resources/LSPACE/LSPACE-MCA_TEAM_01_PDR.pdf , page223 
used on input line 214.
(pdftex.def)             Requested size: 597.78697pt x 773.60669pt.

[675 <./Resources/LSPACE/LSPACE-MCA_TEAM_01_PDR.pdf>]
<Resources/LSPACE/LSPACE-MCA_TEAM_01_PDR.pdf, id=6335, page=224, 614.295pt x 79
4.97pt>
File: Resources/LSPACE/LSPACE-MCA_TEAM_01_PDR.pdf Graphic file (type pdf)
<use Resources/LSPACE/LSPACE-MCA_TEAM_01_PDR.pdf, page 224>
Package pdftex.def Info: Resources/LSPACE/LSPACE-MCA_TEAM_01_PDR.pdf , page224 
used on input line 214.
(pdftex.def)             Requested size: 597.78697pt x 773.60669pt.
File: Resources/LSPACE/LSPACE-MCA_TEAM_01_PDR.pdf Graphic file (type pdf)
<use Resources/LSPACE/LSPACE-MCA_TEAM_01_PDR.pdf, page 224>
Package pdftex.def Info: Resources/LSPACE/LSPACE-MCA_TEAM_01_PDR.pdf , page224 
used on input line 214.
(pdftex.def)             Requested size: 597.78697pt x 773.60669pt.
File: Resources/LSPACE/LSPACE-MCA_TEAM_01_PDR.pdf Graphic file (type pdf)
<use Resources/LSPACE/LSPACE-MCA_TEAM_01_PDR.pdf, page 224>
Package pdftex.def Info: Resources/LSPACE/LSPACE-MCA_TEAM_01_PDR.pdf , page224 
used on input line 214.
(pdftex.def)             Requested size: 597.78697pt x 773.60669pt.
 [676 <./Resources/LSPACE/LSPACE-MCA_TEAM_01_PDR.pdf>]
<Resources/LSPACE/LSPACE-MCA_TEAM_01_PDR.pdf, id=6344, page=225, 614.295pt x 79
4.97pt>
File: Resources/LSPACE/LSPACE-MCA_TEAM_01_PDR.pdf Graphic file (type pdf)
<use Resources/LSPACE/LSPACE-MCA_TEAM_01_PDR.pdf, page 225>
Package pdftex.def Info: Resources/LSPACE/LSPACE-MCA_TEAM_01_PDR.pdf , page225 
used on input line 214.
(pdftex.def)             Requested size: 597.78697pt x 773.60669pt.
File: Resources/LSPACE/LSPACE-MCA_TEAM_01_PDR.pdf Graphic file (type pdf)
<use Resources/LSPACE/LSPACE-MCA_TEAM_01_PDR.pdf, page 225>
Package pdftex.def Info: Resources/LSPACE/LSPACE-MCA_TEAM_01_PDR.pdf , page225 
used on input line 214.
(pdftex.def)             Requested size: 597.78697pt x 773.60669pt.
File: Resources/LSPACE/LSPACE-MCA_TEAM_01_PDR.pdf Graphic file (type pdf)
<use Resources/LSPACE/LSPACE-MCA_TEAM_01_PDR.pdf, page 225>
Package pdftex.def Info: Resources/LSPACE/LSPACE-MCA_TEAM_01_PDR.pdf , page225 
used on input line 214.
(pdftex.def)             Requested size: 597.78697pt x 773.60669pt.
 [677 <./Resources/LSPACE/LSPACE-MCA_TEAM_01_PDR.pdf>]
<Resources/LSPACE/LSPACE-MCA_TEAM_01_PDR.pdf, id=6354, page=226, 614.295pt x 79
4.97pt>
File: Resources/LSPACE/LSPACE-MCA_TEAM_01_PDR.pdf Graphic file (type pdf)
<use Resources/LSPACE/LSPACE-MCA_TEAM_01_PDR.pdf, page 226>
Package pdftex.def Info: Resources/LSPACE/LSPACE-MCA_TEAM_01_PDR.pdf , page226 
used on input line 214.
(pdftex.def)             Requested size: 597.78697pt x 773.60669pt.
File: Resources/LSPACE/LSPACE-MCA_TEAM_01_PDR.pdf Graphic file (type pdf)
<use Resources/LSPACE/LSPACE-MCA_TEAM_01_PDR.pdf, page 226>
Package pdftex.def Info: Resources/LSPACE/LSPACE-MCA_TEAM_01_PDR.pdf , page226 
used on input line 214.
(pdftex.def)             Requested size: 597.78697pt x 773.60669pt.
File: Resources/LSPACE/LSPACE-MCA_TEAM_01_PDR.pdf Graphic file (type pdf)
<use Resources/LSPACE/LSPACE-MCA_TEAM_01_PDR.pdf, page 226>
Package pdftex.def Info: Resources/LSPACE/LSPACE-MCA_TEAM_01_PDR.pdf , page226 
used on input line 214.
(pdftex.def)             Requested size: 597.78697pt x 773.60669pt.
 [678 <./Resources/LSPACE/LSPACE-MCA_TEAM_01_PDR.pdf>]
<Resources/LSPACE/LSPACE-MCA_TEAM_01_PDR.pdf, id=6363, page=227, 614.295pt x 79
4.97pt>
File: Resources/LSPACE/LSPACE-MCA_TEAM_01_PDR.pdf Graphic file (type pdf)
<use Resources/LSPACE/LSPACE-MCA_TEAM_01_PDR.pdf, page 227>
Package pdftex.def Info: Resources/LSPACE/LSPACE-MCA_TEAM_01_PDR.pdf , page227 
used on input line 214.
(pdftex.def)             Requested size: 597.78697pt x 773.60669pt.
File: Resources/LSPACE/LSPACE-MCA_TEAM_01_PDR.pdf Graphic file (type pdf)
<use Resources/LSPACE/LSPACE-MCA_TEAM_01_PDR.pdf, page 227>
Package pdftex.def Info: Resources/LSPACE/LSPACE-MCA_TEAM_01_PDR.pdf , page227 
used on input line 214.
(pdftex.def)             Requested size: 597.78697pt x 773.60669pt.
File: Resources/LSPACE/LSPACE-MCA_TEAM_01_PDR.pdf Graphic file (type pdf)
<use Resources/LSPACE/LSPACE-MCA_TEAM_01_PDR.pdf, page 227>
Package pdftex.def Info: Resources/LSPACE/LSPACE-MCA_TEAM_01_PDR.pdf , page227 
used on input line 214.
(pdftex.def)             Requested size: 597.78697pt x 773.60669pt.
 [679 <./Resources/LSPACE/LSPACE-MCA_TEAM_01_PDR.pdf>]
<Resources/LSPACE/LSPACE-MCA_TEAM_01_PDR.pdf, id=6373, page=228, 614.295pt x 79
4.97pt>
File: Resources/LSPACE/LSPACE-MCA_TEAM_01_PDR.pdf Graphic file (type pdf)
<use Resources/LSPACE/LSPACE-MCA_TEAM_01_PDR.pdf, page 228>
Package pdftex.def Info: Resources/LSPACE/LSPACE-MCA_TEAM_01_PDR.pdf , page228 
used on input line 214.
(pdftex.def)             Requested size: 597.78697pt x 773.60669pt.
File: Resources/LSPACE/LSPACE-MCA_TEAM_01_PDR.pdf Graphic file (type pdf)
<use Resources/LSPACE/LSPACE-MCA_TEAM_01_PDR.pdf, page 228>
Package pdftex.def Info: Resources/LSPACE/LSPACE-MCA_TEAM_01_PDR.pdf , page228 
used on input line 214.
(pdftex.def)             Requested size: 597.78697pt x 773.60669pt.
File: Resources/LSPACE/LSPACE-MCA_TEAM_01_PDR.pdf Graphic file (type pdf)
<use Resources/LSPACE/LSPACE-MCA_TEAM_01_PDR.pdf, page 228>
Package pdftex.def Info: Resources/LSPACE/LSPACE-MCA_TEAM_01_PDR.pdf , page228 
used on input line 214.
(pdftex.def)             Requested size: 597.78697pt x 773.60669pt.
 [680 <./Resources/LSPACE/LSPACE-MCA_TEAM_01_PDR.pdf>]
<Resources/LSPACE/LSPACE-MCA_TEAM_01_PDR.pdf, id=6382, page=229, 614.295pt x 79
4.97pt>
File: Resources/LSPACE/LSPACE-MCA_TEAM_01_PDR.pdf Graphic file (type pdf)
<use Resources/LSPACE/LSPACE-MCA_TEAM_01_PDR.pdf, page 229>
Package pdftex.def Info: Resources/LSPACE/LSPACE-MCA_TEAM_01_PDR.pdf , page229 
used on input line 214.
(pdftex.def)             Requested size: 597.78697pt x 773.60669pt.
File: Resources/LSPACE/LSPACE-MCA_TEAM_01_PDR.pdf Graphic file (type pdf)
<use Resources/LSPACE/LSPACE-MCA_TEAM_01_PDR.pdf, page 229>
Package pdftex.def Info: Resources/LSPACE/LSPACE-MCA_TEAM_01_PDR.pdf , page229 
used on input line 214.
(pdftex.def)             Requested size: 597.78697pt x 773.60669pt.
File: Resources/LSPACE/LSPACE-MCA_TEAM_01_PDR.pdf Graphic file (type pdf)
<use Resources/LSPACE/LSPACE-MCA_TEAM_01_PDR.pdf, page 229>
Package pdftex.def Info: Resources/LSPACE/LSPACE-MCA_TEAM_01_PDR.pdf , page229 
used on input line 214.
(pdftex.def)             Requested size: 597.78697pt x 773.60669pt.
 [681 <./Resources/LSPACE/LSPACE-MCA_TEAM_01_PDR.pdf>]
<Resources/LSPACE/LSPACE-MCA_TEAM_01_PDR.pdf, id=6391, page=230, 614.295pt x 79
4.97pt>
File: Resources/LSPACE/LSPACE-MCA_TEAM_01_PDR.pdf Graphic file (type pdf)
<use Resources/LSPACE/LSPACE-MCA_TEAM_01_PDR.pdf, page 230>
Package pdftex.def Info: Resources/LSPACE/LSPACE-MCA_TEAM_01_PDR.pdf , page230 
used on input line 214.
(pdftex.def)             Requested size: 597.78697pt x 773.60669pt.
File: Resources/LSPACE/LSPACE-MCA_TEAM_01_PDR.pdf Graphic file (type pdf)
<use Resources/LSPACE/LSPACE-MCA_TEAM_01_PDR.pdf, page 230>
Package pdftex.def Info: Resources/LSPACE/LSPACE-MCA_TEAM_01_PDR.pdf , page230 
used on input line 214.
(pdftex.def)             Requested size: 597.78697pt x 773.60669pt.
File: Resources/LSPACE/LSPACE-MCA_TEAM_01_PDR.pdf Graphic file (type pdf)
<use Resources/LSPACE/LSPACE-MCA_TEAM_01_PDR.pdf, page 230>
Package pdftex.def Info: Resources/LSPACE/LSPACE-MCA_TEAM_01_PDR.pdf , page230 
used on input line 214.
(pdftex.def)             Requested size: 597.78697pt x 773.60669pt.
 [682 <./Resources/LSPACE/LSPACE-MCA_TEAM_01_PDR.pdf>]
<Resources/LSPACE/LSPACE-MCA_TEAM_01_PDR.pdf, id=6400, page=231, 614.295pt x 79
4.97pt>
File: Resources/LSPACE/LSPACE-MCA_TEAM_01_PDR.pdf Graphic file (type pdf)
<use Resources/LSPACE/LSPACE-MCA_TEAM_01_PDR.pdf, page 231>
Package pdftex.def Info: Resources/LSPACE/LSPACE-MCA_TEAM_01_PDR.pdf , page231 
used on input line 214.
(pdftex.def)             Requested size: 597.78697pt x 773.60669pt.
File: Resources/LSPACE/LSPACE-MCA_TEAM_01_PDR.pdf Graphic file (type pdf)
<use Resources/LSPACE/LSPACE-MCA_TEAM_01_PDR.pdf, page 231>
Package pdftex.def Info: Resources/LSPACE/LSPACE-MCA_TEAM_01_PDR.pdf , page231 
used on input line 214.
(pdftex.def)             Requested size: 597.78697pt x 773.60669pt.
File: Resources/LSPACE/LSPACE-MCA_TEAM_01_PDR.pdf Graphic file (type pdf)
<use Resources/LSPACE/LSPACE-MCA_TEAM_01_PDR.pdf, page 231>
Package pdftex.def Info: Resources/LSPACE/LSPACE-MCA_TEAM_01_PDR.pdf , page231 
used on input line 214.
(pdftex.def)             Requested size: 597.78697pt x 773.60669pt.
 [683 <./Resources/LSPACE/LSPACE-MCA_TEAM_01_PDR.pdf>]
<Resources/LSPACE/LSPACE-MCA_TEAM_01_PDR.pdf, id=6409, page=232, 614.295pt x 79
4.97pt>
File: Resources/LSPACE/LSPACE-MCA_TEAM_01_PDR.pdf Graphic file (type pdf)
<use Resources/LSPACE/LSPACE-MCA_TEAM_01_PDR.pdf, page 232>
Package pdftex.def Info: Resources/LSPACE/LSPACE-MCA_TEAM_01_PDR.pdf , page232 
used on input line 214.
(pdftex.def)             Requested size: 597.78697pt x 773.60669pt.
File: Resources/LSPACE/LSPACE-MCA_TEAM_01_PDR.pdf Graphic file (type pdf)
<use Resources/LSPACE/LSPACE-MCA_TEAM_01_PDR.pdf, page 232>
Package pdftex.def Info: Resources/LSPACE/LSPACE-MCA_TEAM_01_PDR.pdf , page232 
used on input line 214.
(pdftex.def)             Requested size: 597.78697pt x 773.60669pt.
File: Resources/LSPACE/LSPACE-MCA_TEAM_01_PDR.pdf Graphic file (type pdf)
<use Resources/LSPACE/LSPACE-MCA_TEAM_01_PDR.pdf, page 232>
Package pdftex.def Info: Resources/LSPACE/LSPACE-MCA_TEAM_01_PDR.pdf , page232 
used on input line 214.
(pdftex.def)             Requested size: 597.78697pt x 773.60669pt.
 [684 <./Resources/LSPACE/LSPACE-MCA_TEAM_01_PDR.pdf>]
<Resources/LSPACE/LSPACE-MCA_TEAM_01_PDR.pdf, id=6418, page=233, 614.295pt x 79
4.97pt>
File: Resources/LSPACE/LSPACE-MCA_TEAM_01_PDR.pdf Graphic file (type pdf)
<use Resources/LSPACE/LSPACE-MCA_TEAM_01_PDR.pdf, page 233>
Package pdftex.def Info: Resources/LSPACE/LSPACE-MCA_TEAM_01_PDR.pdf , page233 
used on input line 214.
(pdftex.def)             Requested size: 597.78697pt x 773.60669pt.
File: Resources/LSPACE/LSPACE-MCA_TEAM_01_PDR.pdf Graphic file (type pdf)
<use Resources/LSPACE/LSPACE-MCA_TEAM_01_PDR.pdf, page 233>
Package pdftex.def Info: Resources/LSPACE/LSPACE-MCA_TEAM_01_PDR.pdf , page233 
used on input line 214.
(pdftex.def)             Requested size: 597.78697pt x 773.60669pt.
File: Resources/LSPACE/LSPACE-MCA_TEAM_01_PDR.pdf Graphic file (type pdf)
<use Resources/LSPACE/LSPACE-MCA_TEAM_01_PDR.pdf, page 233>
Package pdftex.def Info: Resources/LSPACE/LSPACE-MCA_TEAM_01_PDR.pdf , page233 
used on input line 214.
(pdftex.def)             Requested size: 597.78697pt x 773.60669pt.
 [685 <./Resources/LSPACE/LSPACE-MCA_TEAM_01_PDR.pdf>]
<Resources/LSPACE/LSPACE-MCA_TEAM_01_PDR.pdf, id=6441, page=234, 614.295pt x 79
4.97pt>
File: Resources/LSPACE/LSPACE-MCA_TEAM_01_PDR.pdf Graphic file (type pdf)
<use Resources/LSPACE/LSPACE-MCA_TEAM_01_PDR.pdf, page 234>
Package pdftex.def Info: Resources/LSPACE/LSPACE-MCA_TEAM_01_PDR.pdf , page234 
used on input line 214.
(pdftex.def)             Requested size: 597.78697pt x 773.60669pt.
File: Resources/LSPACE/LSPACE-MCA_TEAM_01_PDR.pdf Graphic file (type pdf)
<use Resources/LSPACE/LSPACE-MCA_TEAM_01_PDR.pdf, page 234>
Package pdftex.def Info: Resources/LSPACE/LSPACE-MCA_TEAM_01_PDR.pdf , page234 
used on input line 214.
(pdftex.def)             Requested size: 597.78697pt x 773.60669pt.
File: Resources/LSPACE/LSPACE-MCA_TEAM_01_PDR.pdf Graphic file (type pdf)
<use Resources/LSPACE/LSPACE-MCA_TEAM_01_PDR.pdf, page 234>
Package pdftex.def Info: Resources/LSPACE/LSPACE-MCA_TEAM_01_PDR.pdf , page234 
used on input line 214.
(pdftex.def)             Requested size: 597.78697pt x 773.60669pt.
 [686 <./Resources/LSPACE/LSPACE-MCA_TEAM_01_PDR.pdf>]
<Resources/LSPACE/LSPACE-MCA_TEAM_01_PDR.pdf, id=6454, page=235, 614.295pt x 79
4.97pt>
File: Resources/LSPACE/LSPACE-MCA_TEAM_01_PDR.pdf Graphic file (type pdf)
<use Resources/LSPACE/LSPACE-MCA_TEAM_01_PDR.pdf, page 235>
Package pdftex.def Info: Resources/LSPACE/LSPACE-MCA_TEAM_01_PDR.pdf , page235 
used on input line 214.
(pdftex.def)             Requested size: 597.78697pt x 773.60669pt.
File: Resources/LSPACE/LSPACE-MCA_TEAM_01_PDR.pdf Graphic file (type pdf)
<use Resources/LSPACE/LSPACE-MCA_TEAM_01_PDR.pdf, page 235>
Package pdftex.def Info: Resources/LSPACE/LSPACE-MCA_TEAM_01_PDR.pdf , page235 
used on input line 214.
(pdftex.def)             Requested size: 597.78697pt x 773.60669pt.
File: Resources/LSPACE/LSPACE-MCA_TEAM_01_PDR.pdf Graphic file (type pdf)
<use Resources/LSPACE/LSPACE-MCA_TEAM_01_PDR.pdf, page 235>
Package pdftex.def Info: Resources/LSPACE/LSPACE-MCA_TEAM_01_PDR.pdf , page235 
used on input line 214.
(pdftex.def)             Requested size: 597.78697pt x 773.60669pt.
 [687 <./Resources/LSPACE/LSPACE-MCA_TEAM_01_PDR.pdf>]
<Resources/LSPACE/LSPACE-MCA_TEAM_01_PDR.pdf, id=6465, page=236, 614.295pt x 79
4.97pt>
File: Resources/LSPACE/LSPACE-MCA_TEAM_01_PDR.pdf Graphic file (type pdf)
<use Resources/LSPACE/LSPACE-MCA_TEAM_01_PDR.pdf, page 236>
Package pdftex.def Info: Resources/LSPACE/LSPACE-MCA_TEAM_01_PDR.pdf , page236 
used on input line 214.
(pdftex.def)             Requested size: 597.78697pt x 773.60669pt.
File: Resources/LSPACE/LSPACE-MCA_TEAM_01_PDR.pdf Graphic file (type pdf)
<use Resources/LSPACE/LSPACE-MCA_TEAM_01_PDR.pdf, page 236>
Package pdftex.def Info: Resources/LSPACE/LSPACE-MCA_TEAM_01_PDR.pdf , page236 
used on input line 214.
(pdftex.def)             Requested size: 597.78697pt x 773.60669pt.
File: Resources/LSPACE/LSPACE-MCA_TEAM_01_PDR.pdf Graphic file (type pdf)
<use Resources/LSPACE/LSPACE-MCA_TEAM_01_PDR.pdf, page 236>
Package pdftex.def Info: Resources/LSPACE/LSPACE-MCA_TEAM_01_PDR.pdf , page236 
used on input line 214.
(pdftex.def)             Requested size: 597.78697pt x 773.60669pt.
 [688 <./Resources/LSPACE/LSPACE-MCA_TEAM_01_PDR.pdf>]
<Resources/LSPACE/LSPACE-MCA_TEAM_01_PDR.pdf, id=6476, page=237, 614.295pt x 79
4.97pt>
File: Resources/LSPACE/LSPACE-MCA_TEAM_01_PDR.pdf Graphic file (type pdf)
<use Resources/LSPACE/LSPACE-MCA_TEAM_01_PDR.pdf, page 237>
Package pdftex.def Info: Resources/LSPACE/LSPACE-MCA_TEAM_01_PDR.pdf , page237 
used on input line 214.
(pdftex.def)             Requested size: 597.78697pt x 773.60669pt.
File: Resources/LSPACE/LSPACE-MCA_TEAM_01_PDR.pdf Graphic file (type pdf)
<use Resources/LSPACE/LSPACE-MCA_TEAM_01_PDR.pdf, page 237>
Package pdftex.def Info: Resources/LSPACE/LSPACE-MCA_TEAM_01_PDR.pdf , page237 
used on input line 214.
(pdftex.def)             Requested size: 597.78697pt x 773.60669pt.
File: Resources/LSPACE/LSPACE-MCA_TEAM_01_PDR.pdf Graphic file (type pdf)
<use Resources/LSPACE/LSPACE-MCA_TEAM_01_PDR.pdf, page 237>
Package pdftex.def Info: Resources/LSPACE/LSPACE-MCA_TEAM_01_PDR.pdf , page237 
used on input line 214.
(pdftex.def)             Requested size: 597.78697pt x 773.60669pt.
 [689 <./Resources/LSPACE/LSPACE-MCA_TEAM_01_PDR.pdf>]
<Resources/LSPACE/LSPACE-MCA_TEAM_01_PDR.pdf, id=6487, page=238, 614.295pt x 79
4.97pt>
File: Resources/LSPACE/LSPACE-MCA_TEAM_01_PDR.pdf Graphic file (type pdf)
<use Resources/LSPACE/LSPACE-MCA_TEAM_01_PDR.pdf, page 238>
Package pdftex.def Info: Resources/LSPACE/LSPACE-MCA_TEAM_01_PDR.pdf , page238 
used on input line 214.
(pdftex.def)             Requested size: 597.78697pt x 773.60669pt.
File: Resources/LSPACE/LSPACE-MCA_TEAM_01_PDR.pdf Graphic file (type pdf)
<use Resources/LSPACE/LSPACE-MCA_TEAM_01_PDR.pdf, page 238>
Package pdftex.def Info: Resources/LSPACE/LSPACE-MCA_TEAM_01_PDR.pdf , page238 
used on input line 214.
(pdftex.def)             Requested size: 597.78697pt x 773.60669pt.
File: Resources/LSPACE/LSPACE-MCA_TEAM_01_PDR.pdf Graphic file (type pdf)
<use Resources/LSPACE/LSPACE-MCA_TEAM_01_PDR.pdf, page 238>
Package pdftex.def Info: Resources/LSPACE/LSPACE-MCA_TEAM_01_PDR.pdf , page238 
used on input line 214.
(pdftex.def)             Requested size: 597.78697pt x 773.60669pt.
 [690 <./Resources/LSPACE/LSPACE-MCA_TEAM_01_PDR.pdf>]
<Resources/LSPACE/LSPACE-MCA_TEAM_01_PDR.pdf, id=6498, page=239, 614.295pt x 79
4.97pt>
File: Resources/LSPACE/LSPACE-MCA_TEAM_01_PDR.pdf Graphic file (type pdf)
<use Resources/LSPACE/LSPACE-MCA_TEAM_01_PDR.pdf, page 239>
Package pdftex.def Info: Resources/LSPACE/LSPACE-MCA_TEAM_01_PDR.pdf , page239 
used on input line 214.
(pdftex.def)             Requested size: 597.78697pt x 773.60669pt.
File: Resources/LSPACE/LSPACE-MCA_TEAM_01_PDR.pdf Graphic file (type pdf)
<use Resources/LSPACE/LSPACE-MCA_TEAM_01_PDR.pdf, page 239>
Package pdftex.def Info: Resources/LSPACE/LSPACE-MCA_TEAM_01_PDR.pdf , page239 
used on input line 214.
(pdftex.def)             Requested size: 597.78697pt x 773.60669pt.
File: Resources/LSPACE/LSPACE-MCA_TEAM_01_PDR.pdf Graphic file (type pdf)
<use Resources/LSPACE/LSPACE-MCA_TEAM_01_PDR.pdf, page 239>
Package pdftex.def Info: Resources/LSPACE/LSPACE-MCA_TEAM_01_PDR.pdf , page239 
used on input line 214.
(pdftex.def)             Requested size: 597.78697pt x 773.60669pt.

[691 <./Resources/LSPACE/LSPACE-MCA_TEAM_01_PDR.pdf>]
<Resources/LSPACE/LSPACE-MCA_TEAM_01_PDR.pdf, id=6511, page=240, 614.295pt x 79
4.97pt>
File: Resources/LSPACE/LSPACE-MCA_TEAM_01_PDR.pdf Graphic file (type pdf)
<use Resources/LSPACE/LSPACE-MCA_TEAM_01_PDR.pdf, page 240>
Package pdftex.def Info: Resources/LSPACE/LSPACE-MCA_TEAM_01_PDR.pdf , page240 
used on input line 214.
(pdftex.def)             Requested size: 597.78697pt x 773.60669pt.
File: Resources/LSPACE/LSPACE-MCA_TEAM_01_PDR.pdf Graphic file (type pdf)
<use Resources/LSPACE/LSPACE-MCA_TEAM_01_PDR.pdf, page 240>
Package pdftex.def Info: Resources/LSPACE/LSPACE-MCA_TEAM_01_PDR.pdf , page240 
used on input line 214.
(pdftex.def)             Requested size: 597.78697pt x 773.60669pt.
File: Resources/LSPACE/LSPACE-MCA_TEAM_01_PDR.pdf Graphic file (type pdf)
<use Resources/LSPACE/LSPACE-MCA_TEAM_01_PDR.pdf, page 240>
Package pdftex.def Info: Resources/LSPACE/LSPACE-MCA_TEAM_01_PDR.pdf , page240 
used on input line 214.
(pdftex.def)             Requested size: 597.78697pt x 773.60669pt.
 [692 <./Resources/LSPACE/LSPACE-MCA_TEAM_01_PDR.pdf>]
<Resources/LSPACE/LSPACE-MCA_TEAM_01_PDR.pdf, id=6522, page=241, 614.295pt x 79
4.97pt>
File: Resources/LSPACE/LSPACE-MCA_TEAM_01_PDR.pdf Graphic file (type pdf)
<use Resources/LSPACE/LSPACE-MCA_TEAM_01_PDR.pdf, page 241>
Package pdftex.def Info: Resources/LSPACE/LSPACE-MCA_TEAM_01_PDR.pdf , page241 
used on input line 214.
(pdftex.def)             Requested size: 597.78697pt x 773.60669pt.
File: Resources/LSPACE/LSPACE-MCA_TEAM_01_PDR.pdf Graphic file (type pdf)
<use Resources/LSPACE/LSPACE-MCA_TEAM_01_PDR.pdf, page 241>
Package pdftex.def Info: Resources/LSPACE/LSPACE-MCA_TEAM_01_PDR.pdf , page241 
used on input line 214.
(pdftex.def)             Requested size: 597.78697pt x 773.60669pt.
File: Resources/LSPACE/LSPACE-MCA_TEAM_01_PDR.pdf Graphic file (type pdf)
<use Resources/LSPACE/LSPACE-MCA_TEAM_01_PDR.pdf, page 241>
Package pdftex.def Info: Resources/LSPACE/LSPACE-MCA_TEAM_01_PDR.pdf , page241 
used on input line 214.
(pdftex.def)             Requested size: 597.78697pt x 773.60669pt.
 [693 <./Resources/LSPACE/LSPACE-MCA_TEAM_01_PDR.pdf>]
<Resources/LSPACE/LSPACE-MCA_TEAM_01_PDR.pdf, id=6533, page=242, 614.295pt x 79
4.97pt>
File: Resources/LSPACE/LSPACE-MCA_TEAM_01_PDR.pdf Graphic file (type pdf)
<use Resources/LSPACE/LSPACE-MCA_TEAM_01_PDR.pdf, page 242>
Package pdftex.def Info: Resources/LSPACE/LSPACE-MCA_TEAM_01_PDR.pdf , page242 
used on input line 214.
(pdftex.def)             Requested size: 597.78697pt x 773.60669pt.
File: Resources/LSPACE/LSPACE-MCA_TEAM_01_PDR.pdf Graphic file (type pdf)
<use Resources/LSPACE/LSPACE-MCA_TEAM_01_PDR.pdf, page 242>
Package pdftex.def Info: Resources/LSPACE/LSPACE-MCA_TEAM_01_PDR.pdf , page242 
used on input line 214.
(pdftex.def)             Requested size: 597.78697pt x 773.60669pt.
File: Resources/LSPACE/LSPACE-MCA_TEAM_01_PDR.pdf Graphic file (type pdf)
<use Resources/LSPACE/LSPACE-MCA_TEAM_01_PDR.pdf, page 242>
Package pdftex.def Info: Resources/LSPACE/LSPACE-MCA_TEAM_01_PDR.pdf , page242 
used on input line 214.
(pdftex.def)             Requested size: 597.78697pt x 773.60669pt.
 [694 <./Resources/LSPACE/LSPACE-MCA_TEAM_01_PDR.pdf>]
<Resources/LSPACE/LSPACE-MCA_TEAM_01_PDR.pdf, id=6544, page=243, 614.295pt x 79
4.97pt>
File: Resources/LSPACE/LSPACE-MCA_TEAM_01_PDR.pdf Graphic file (type pdf)
<use Resources/LSPACE/LSPACE-MCA_TEAM_01_PDR.pdf, page 243>
Package pdftex.def Info: Resources/LSPACE/LSPACE-MCA_TEAM_01_PDR.pdf , page243 
used on input line 214.
(pdftex.def)             Requested size: 597.78697pt x 773.60669pt.
File: Resources/LSPACE/LSPACE-MCA_TEAM_01_PDR.pdf Graphic file (type pdf)
<use Resources/LSPACE/LSPACE-MCA_TEAM_01_PDR.pdf, page 243>
Package pdftex.def Info: Resources/LSPACE/LSPACE-MCA_TEAM_01_PDR.pdf , page243 
used on input line 214.
(pdftex.def)             Requested size: 597.78697pt x 773.60669pt.
File: Resources/LSPACE/LSPACE-MCA_TEAM_01_PDR.pdf Graphic file (type pdf)
<use Resources/LSPACE/LSPACE-MCA_TEAM_01_PDR.pdf, page 243>
Package pdftex.def Info: Resources/LSPACE/LSPACE-MCA_TEAM_01_PDR.pdf , page243 
used on input line 214.
(pdftex.def)             Requested size: 597.78697pt x 773.60669pt.
 [695 <./Resources/LSPACE/LSPACE-MCA_TEAM_01_PDR.pdf>]
<Resources/LSPACE/LSPACE-MCA_TEAM_01_PDR.pdf, id=6555, page=244, 614.295pt x 79
4.97pt>
File: Resources/LSPACE/LSPACE-MCA_TEAM_01_PDR.pdf Graphic file (type pdf)
<use Resources/LSPACE/LSPACE-MCA_TEAM_01_PDR.pdf, page 244>
Package pdftex.def Info: Resources/LSPACE/LSPACE-MCA_TEAM_01_PDR.pdf , page244 
used on input line 214.
(pdftex.def)             Requested size: 597.78697pt x 773.60669pt.
File: Resources/LSPACE/LSPACE-MCA_TEAM_01_PDR.pdf Graphic file (type pdf)
<use Resources/LSPACE/LSPACE-MCA_TEAM_01_PDR.pdf, page 244>
Package pdftex.def Info: Resources/LSPACE/LSPACE-MCA_TEAM_01_PDR.pdf , page244 
used on input line 214.
(pdftex.def)             Requested size: 597.78697pt x 773.60669pt.
File: Resources/LSPACE/LSPACE-MCA_TEAM_01_PDR.pdf Graphic file (type pdf)
<use Resources/LSPACE/LSPACE-MCA_TEAM_01_PDR.pdf, page 244>
Package pdftex.def Info: Resources/LSPACE/LSPACE-MCA_TEAM_01_PDR.pdf , page244 
used on input line 214.
(pdftex.def)             Requested size: 597.78697pt x 773.60669pt.
 [696 <./Resources/LSPACE/LSPACE-MCA_TEAM_01_PDR.pdf>]
<Resources/LSPACE/LSPACE-MCA_TEAM_01_PDR.pdf, id=6566, page=245, 614.295pt x 79
4.97pt>
File: Resources/LSPACE/LSPACE-MCA_TEAM_01_PDR.pdf Graphic file (type pdf)
<use Resources/LSPACE/LSPACE-MCA_TEAM_01_PDR.pdf, page 245>
Package pdftex.def Info: Resources/LSPACE/LSPACE-MCA_TEAM_01_PDR.pdf , page245 
used on input line 214.
(pdftex.def)             Requested size: 597.78697pt x 773.60669pt.
File: Resources/LSPACE/LSPACE-MCA_TEAM_01_PDR.pdf Graphic file (type pdf)
<use Resources/LSPACE/LSPACE-MCA_TEAM_01_PDR.pdf, page 245>
Package pdftex.def Info: Resources/LSPACE/LSPACE-MCA_TEAM_01_PDR.pdf , page245 
used on input line 214.
(pdftex.def)             Requested size: 597.78697pt x 773.60669pt.
File: Resources/LSPACE/LSPACE-MCA_TEAM_01_PDR.pdf Graphic file (type pdf)
<use Resources/LSPACE/LSPACE-MCA_TEAM_01_PDR.pdf, page 245>
Package pdftex.def Info: Resources/LSPACE/LSPACE-MCA_TEAM_01_PDR.pdf , page245 
used on input line 214.
(pdftex.def)             Requested size: 597.78697pt x 773.60669pt.
 [697 <./Resources/LSPACE/LSPACE-MCA_TEAM_01_PDR.pdf>]
<Resources/LSPACE/LSPACE-MCA_TEAM_01_PDR.pdf, id=6578, page=246, 614.295pt x 79
4.97pt>
File: Resources/LSPACE/LSPACE-MCA_TEAM_01_PDR.pdf Graphic file (type pdf)
<use Resources/LSPACE/LSPACE-MCA_TEAM_01_PDR.pdf, page 246>
Package pdftex.def Info: Resources/LSPACE/LSPACE-MCA_TEAM_01_PDR.pdf , page246 
used on input line 214.
(pdftex.def)             Requested size: 597.78697pt x 773.60669pt.
File: Resources/LSPACE/LSPACE-MCA_TEAM_01_PDR.pdf Graphic file (type pdf)
<use Resources/LSPACE/LSPACE-MCA_TEAM_01_PDR.pdf, page 246>
Package pdftex.def Info: Resources/LSPACE/LSPACE-MCA_TEAM_01_PDR.pdf , page246 
used on input line 214.
(pdftex.def)             Requested size: 597.78697pt x 773.60669pt.
File: Resources/LSPACE/LSPACE-MCA_TEAM_01_PDR.pdf Graphic file (type pdf)
<use Resources/LSPACE/LSPACE-MCA_TEAM_01_PDR.pdf, page 246>
Package pdftex.def Info: Resources/LSPACE/LSPACE-MCA_TEAM_01_PDR.pdf , page246 
used on input line 214.
(pdftex.def)             Requested size: 597.78697pt x 773.60669pt.
 [698 <./Resources/LSPACE/LSPACE-MCA_TEAM_01_PDR.pdf>]
<Resources/LSPACE/LSPACE-MCA_TEAM_01_PDR.pdf, id=6589, page=247, 614.295pt x 79
4.97pt>
File: Resources/LSPACE/LSPACE-MCA_TEAM_01_PDR.pdf Graphic file (type pdf)
<use Resources/LSPACE/LSPACE-MCA_TEAM_01_PDR.pdf, page 247>
Package pdftex.def Info: Resources/LSPACE/LSPACE-MCA_TEAM_01_PDR.pdf , page247 
used on input line 214.
(pdftex.def)             Requested size: 597.78697pt x 773.60669pt.
File: Resources/LSPACE/LSPACE-MCA_TEAM_01_PDR.pdf Graphic file (type pdf)
<use Resources/LSPACE/LSPACE-MCA_TEAM_01_PDR.pdf, page 247>
Package pdftex.def Info: Resources/LSPACE/LSPACE-MCA_TEAM_01_PDR.pdf , page247 
used on input line 214.
(pdftex.def)             Requested size: 597.78697pt x 773.60669pt.
File: Resources/LSPACE/LSPACE-MCA_TEAM_01_PDR.pdf Graphic file (type pdf)
<use Resources/LSPACE/LSPACE-MCA_TEAM_01_PDR.pdf, page 247>
Package pdftex.def Info: Resources/LSPACE/LSPACE-MCA_TEAM_01_PDR.pdf , page247 
used on input line 214.
(pdftex.def)             Requested size: 597.78697pt x 773.60669pt.
 [699 <./Resources/LSPACE/LSPACE-MCA_TEAM_01_PDR.pdf>]
<Resources/LSPACE/LSPACE-MCA_TEAM_01_PDR.pdf, id=6600, page=248, 614.295pt x 79
4.97pt>
File: Resources/LSPACE/LSPACE-MCA_TEAM_01_PDR.pdf Graphic file (type pdf)
<use Resources/LSPACE/LSPACE-MCA_TEAM_01_PDR.pdf, page 248>
Package pdftex.def Info: Resources/LSPACE/LSPACE-MCA_TEAM_01_PDR.pdf , page248 
used on input line 214.
(pdftex.def)             Requested size: 597.78697pt x 773.60669pt.
File: Resources/LSPACE/LSPACE-MCA_TEAM_01_PDR.pdf Graphic file (type pdf)
<use Resources/LSPACE/LSPACE-MCA_TEAM_01_PDR.pdf, page 248>
Package pdftex.def Info: Resources/LSPACE/LSPACE-MCA_TEAM_01_PDR.pdf , page248 
used on input line 214.
(pdftex.def)             Requested size: 597.78697pt x 773.60669pt.
File: Resources/LSPACE/LSPACE-MCA_TEAM_01_PDR.pdf Graphic file (type pdf)
<use Resources/LSPACE/LSPACE-MCA_TEAM_01_PDR.pdf, page 248>
Package pdftex.def Info: Resources/LSPACE/LSPACE-MCA_TEAM_01_PDR.pdf , page248 
used on input line 214.
(pdftex.def)             Requested size: 597.78697pt x 773.60669pt.
 [700 <./Resources/LSPACE/LSPACE-MCA_TEAM_01_PDR.pdf>]
<Resources/LSPACE/LSPACE-MCA_TEAM_01_PDR.pdf, id=6611, page=249, 614.295pt x 79
4.97pt>
File: Resources/LSPACE/LSPACE-MCA_TEAM_01_PDR.pdf Graphic file (type pdf)
<use Resources/LSPACE/LSPACE-MCA_TEAM_01_PDR.pdf, page 249>
Package pdftex.def Info: Resources/LSPACE/LSPACE-MCA_TEAM_01_PDR.pdf , page249 
used on input line 214.
(pdftex.def)             Requested size: 597.78697pt x 773.60669pt.
File: Resources/LSPACE/LSPACE-MCA_TEAM_01_PDR.pdf Graphic file (type pdf)
<use Resources/LSPACE/LSPACE-MCA_TEAM_01_PDR.pdf, page 249>
Package pdftex.def Info: Resources/LSPACE/LSPACE-MCA_TEAM_01_PDR.pdf , page249 
used on input line 214.
(pdftex.def)             Requested size: 597.78697pt x 773.60669pt.
File: Resources/LSPACE/LSPACE-MCA_TEAM_01_PDR.pdf Graphic file (type pdf)
<use Resources/LSPACE/LSPACE-MCA_TEAM_01_PDR.pdf, page 249>
Package pdftex.def Info: Resources/LSPACE/LSPACE-MCA_TEAM_01_PDR.pdf , page249 
used on input line 214.
(pdftex.def)             Requested size: 597.78697pt x 773.60669pt.
 [701 <./Resources/LSPACE/LSPACE-MCA_TEAM_01_PDR.pdf>]
<Resources/LSPACE/LSPACE-MCA_TEAM_01_PDR.pdf, id=6624, page=250, 614.295pt x 79
4.97pt>
File: Resources/LSPACE/LSPACE-MCA_TEAM_01_PDR.pdf Graphic file (type pdf)
<use Resources/LSPACE/LSPACE-MCA_TEAM_01_PDR.pdf, page 250>
Package pdftex.def Info: Resources/LSPACE/LSPACE-MCA_TEAM_01_PDR.pdf , page250 
used on input line 214.
(pdftex.def)             Requested size: 597.78697pt x 773.60669pt.
File: Resources/LSPACE/LSPACE-MCA_TEAM_01_PDR.pdf Graphic file (type pdf)
<use Resources/LSPACE/LSPACE-MCA_TEAM_01_PDR.pdf, page 250>
Package pdftex.def Info: Resources/LSPACE/LSPACE-MCA_TEAM_01_PDR.pdf , page250 
used on input line 214.
(pdftex.def)             Requested size: 597.78697pt x 773.60669pt.
File: Resources/LSPACE/LSPACE-MCA_TEAM_01_PDR.pdf Graphic file (type pdf)
<use Resources/LSPACE/LSPACE-MCA_TEAM_01_PDR.pdf, page 250>
Package pdftex.def Info: Resources/LSPACE/LSPACE-MCA_TEAM_01_PDR.pdf , page250 
used on input line 214.
(pdftex.def)             Requested size: 597.78697pt x 773.60669pt.
 [702 <./Resources/LSPACE/LSPACE-MCA_TEAM_01_PDR.pdf>]
<Resources/LSPACE/LSPACE-MCA_TEAM_01_PDR.pdf, id=6635, page=251, 614.295pt x 79
4.97pt>
File: Resources/LSPACE/LSPACE-MCA_TEAM_01_PDR.pdf Graphic file (type pdf)
<use Resources/LSPACE/LSPACE-MCA_TEAM_01_PDR.pdf, page 251>
Package pdftex.def Info: Resources/LSPACE/LSPACE-MCA_TEAM_01_PDR.pdf , page251 
used on input line 214.
(pdftex.def)             Requested size: 597.78697pt x 773.60669pt.
File: Resources/LSPACE/LSPACE-MCA_TEAM_01_PDR.pdf Graphic file (type pdf)
<use Resources/LSPACE/LSPACE-MCA_TEAM_01_PDR.pdf, page 251>
Package pdftex.def Info: Resources/LSPACE/LSPACE-MCA_TEAM_01_PDR.pdf , page251 
used on input line 214.
(pdftex.def)             Requested size: 597.78697pt x 773.60669pt.
File: Resources/LSPACE/LSPACE-MCA_TEAM_01_PDR.pdf Graphic file (type pdf)
<use Resources/LSPACE/LSPACE-MCA_TEAM_01_PDR.pdf, page 251>
Package pdftex.def Info: Resources/LSPACE/LSPACE-MCA_TEAM_01_PDR.pdf , page251 
used on input line 214.
(pdftex.def)             Requested size: 597.78697pt x 773.60669pt.
 [703 <./Resources/LSPACE/LSPACE-MCA_TEAM_01_PDR.pdf>]
<Resources/LSPACE/LSPACE-MCA_TEAM_01_PDR.pdf, id=6647, page=252, 614.295pt x 79
4.97pt>
File: Resources/LSPACE/LSPACE-MCA_TEAM_01_PDR.pdf Graphic file (type pdf)
<use Resources/LSPACE/LSPACE-MCA_TEAM_01_PDR.pdf, page 252>
Package pdftex.def Info: Resources/LSPACE/LSPACE-MCA_TEAM_01_PDR.pdf , page252 
used on input line 214.
(pdftex.def)             Requested size: 597.78697pt x 773.60669pt.
File: Resources/LSPACE/LSPACE-MCA_TEAM_01_PDR.pdf Graphic file (type pdf)
<use Resources/LSPACE/LSPACE-MCA_TEAM_01_PDR.pdf, page 252>
Package pdftex.def Info: Resources/LSPACE/LSPACE-MCA_TEAM_01_PDR.pdf , page252 
used on input line 214.
(pdftex.def)             Requested size: 597.78697pt x 773.60669pt.
File: Resources/LSPACE/LSPACE-MCA_TEAM_01_PDR.pdf Graphic file (type pdf)
<use Resources/LSPACE/LSPACE-MCA_TEAM_01_PDR.pdf, page 252>
Package pdftex.def Info: Resources/LSPACE/LSPACE-MCA_TEAM_01_PDR.pdf , page252 
used on input line 214.
(pdftex.def)             Requested size: 597.78697pt x 773.60669pt.
 [704 <./Resources/LSPACE/LSPACE-MCA_TEAM_01_PDR.pdf>]
<Resources/LSPACE/LSPACE-MCA_TEAM_01_PDR.pdf, id=6658, page=253, 614.295pt x 79
4.97pt>
File: Resources/LSPACE/LSPACE-MCA_TEAM_01_PDR.pdf Graphic file (type pdf)
<use Resources/LSPACE/LSPACE-MCA_TEAM_01_PDR.pdf, page 253>
Package pdftex.def Info: Resources/LSPACE/LSPACE-MCA_TEAM_01_PDR.pdf , page253 
used on input line 214.
(pdftex.def)             Requested size: 597.78697pt x 773.60669pt.
File: Resources/LSPACE/LSPACE-MCA_TEAM_01_PDR.pdf Graphic file (type pdf)
<use Resources/LSPACE/LSPACE-MCA_TEAM_01_PDR.pdf, page 253>
Package pdftex.def Info: Resources/LSPACE/LSPACE-MCA_TEAM_01_PDR.pdf , page253 
used on input line 214.
(pdftex.def)             Requested size: 597.78697pt x 773.60669pt.
File: Resources/LSPACE/LSPACE-MCA_TEAM_01_PDR.pdf Graphic file (type pdf)
<use Resources/LSPACE/LSPACE-MCA_TEAM_01_PDR.pdf, page 253>
Package pdftex.def Info: Resources/LSPACE/LSPACE-MCA_TEAM_01_PDR.pdf , page253 
used on input line 214.
(pdftex.def)             Requested size: 597.78697pt x 773.60669pt.
 [705 <./Resources/LSPACE/LSPACE-MCA_TEAM_01_PDR.pdf>]
<Resources/LSPACE/LSPACE-MCA_TEAM_01_PDR.pdf, id=6670, page=254, 614.295pt x 79
4.97pt>
File: Resources/LSPACE/LSPACE-MCA_TEAM_01_PDR.pdf Graphic file (type pdf)
<use Resources/LSPACE/LSPACE-MCA_TEAM_01_PDR.pdf, page 254>
Package pdftex.def Info: Resources/LSPACE/LSPACE-MCA_TEAM_01_PDR.pdf , page254 
used on input line 214.
(pdftex.def)             Requested size: 597.78697pt x 773.60669pt.
File: Resources/LSPACE/LSPACE-MCA_TEAM_01_PDR.pdf Graphic file (type pdf)
<use Resources/LSPACE/LSPACE-MCA_TEAM_01_PDR.pdf, page 254>
Package pdftex.def Info: Resources/LSPACE/LSPACE-MCA_TEAM_01_PDR.pdf , page254 
used on input line 214.
(pdftex.def)             Requested size: 597.78697pt x 773.60669pt.
File: Resources/LSPACE/LSPACE-MCA_TEAM_01_PDR.pdf Graphic file (type pdf)
<use Resources/LSPACE/LSPACE-MCA_TEAM_01_PDR.pdf, page 254>
Package pdftex.def Info: Resources/LSPACE/LSPACE-MCA_TEAM_01_PDR.pdf , page254 
used on input line 214.
(pdftex.def)             Requested size: 597.78697pt x 773.60669pt.
 [706 <./Resources/LSPACE/LSPACE-MCA_TEAM_01_PDR.pdf>]
<Resources/LSPACE/LSPACE-MCA_TEAM_01_PDR.pdf, id=6681, page=255, 614.295pt x 79
4.97pt>
File: Resources/LSPACE/LSPACE-MCA_TEAM_01_PDR.pdf Graphic file (type pdf)
<use Resources/LSPACE/LSPACE-MCA_TEAM_01_PDR.pdf, page 255>
Package pdftex.def Info: Resources/LSPACE/LSPACE-MCA_TEAM_01_PDR.pdf , page255 
used on input line 214.
(pdftex.def)             Requested size: 597.78697pt x 773.60669pt.
File: Resources/LSPACE/LSPACE-MCA_TEAM_01_PDR.pdf Graphic file (type pdf)
<use Resources/LSPACE/LSPACE-MCA_TEAM_01_PDR.pdf, page 255>
Package pdftex.def Info: Resources/LSPACE/LSPACE-MCA_TEAM_01_PDR.pdf , page255 
used on input line 214.
(pdftex.def)             Requested size: 597.78697pt x 773.60669pt.
File: Resources/LSPACE/LSPACE-MCA_TEAM_01_PDR.pdf Graphic file (type pdf)
<use Resources/LSPACE/LSPACE-MCA_TEAM_01_PDR.pdf, page 255>
Package pdftex.def Info: Resources/LSPACE/LSPACE-MCA_TEAM_01_PDR.pdf , page255 
used on input line 214.
(pdftex.def)             Requested size: 597.78697pt x 773.60669pt.

[707 <./Resources/LSPACE/LSPACE-MCA_TEAM_01_PDR.pdf>]
<Resources/LSPACE/LSPACE-MCA_TEAM_01_PDR.pdf, id=6692, page=256, 614.295pt x 79
4.97pt>
File: Resources/LSPACE/LSPACE-MCA_TEAM_01_PDR.pdf Graphic file (type pdf)
<use Resources/LSPACE/LSPACE-MCA_TEAM_01_PDR.pdf, page 256>
Package pdftex.def Info: Resources/LSPACE/LSPACE-MCA_TEAM_01_PDR.pdf , page256 
used on input line 214.
(pdftex.def)             Requested size: 597.78697pt x 773.60669pt.
File: Resources/LSPACE/LSPACE-MCA_TEAM_01_PDR.pdf Graphic file (type pdf)
<use Resources/LSPACE/LSPACE-MCA_TEAM_01_PDR.pdf, page 256>
Package pdftex.def Info: Resources/LSPACE/LSPACE-MCA_TEAM_01_PDR.pdf , page256 
used on input line 214.
(pdftex.def)             Requested size: 597.78697pt x 773.60669pt.
File: Resources/LSPACE/LSPACE-MCA_TEAM_01_PDR.pdf Graphic file (type pdf)
<use Resources/LSPACE/LSPACE-MCA_TEAM_01_PDR.pdf, page 256>
Package pdftex.def Info: Resources/LSPACE/LSPACE-MCA_TEAM_01_PDR.pdf , page256 
used on input line 214.
(pdftex.def)             Requested size: 597.78697pt x 773.60669pt.
 [708 <./Resources/LSPACE/LSPACE-MCA_TEAM_01_PDR.pdf>]
<Resources/LSPACE/LSPACE-MCA_TEAM_01_PDR.pdf, id=6703, page=257, 614.295pt x 79
4.97pt>
File: Resources/LSPACE/LSPACE-MCA_TEAM_01_PDR.pdf Graphic file (type pdf)
<use Resources/LSPACE/LSPACE-MCA_TEAM_01_PDR.pdf, page 257>
Package pdftex.def Info: Resources/LSPACE/LSPACE-MCA_TEAM_01_PDR.pdf , page257 
used on input line 214.
(pdftex.def)             Requested size: 597.78697pt x 773.60669pt.
File: Resources/LSPACE/LSPACE-MCA_TEAM_01_PDR.pdf Graphic file (type pdf)
<use Resources/LSPACE/LSPACE-MCA_TEAM_01_PDR.pdf, page 257>
Package pdftex.def Info: Resources/LSPACE/LSPACE-MCA_TEAM_01_PDR.pdf , page257 
used on input line 214.
(pdftex.def)             Requested size: 597.78697pt x 773.60669pt.
File: Resources/LSPACE/LSPACE-MCA_TEAM_01_PDR.pdf Graphic file (type pdf)
<use Resources/LSPACE/LSPACE-MCA_TEAM_01_PDR.pdf, page 257>
Package pdftex.def Info: Resources/LSPACE/LSPACE-MCA_TEAM_01_PDR.pdf , page257 
used on input line 214.
(pdftex.def)             Requested size: 597.78697pt x 773.60669pt.
 [709 <./Resources/LSPACE/LSPACE-MCA_TEAM_01_PDR.pdf>]
<Resources/LSPACE/LSPACE-MCA_TEAM_01_PDR.pdf, id=6715, page=258, 614.295pt x 79
4.97pt>
File: Resources/LSPACE/LSPACE-MCA_TEAM_01_PDR.pdf Graphic file (type pdf)
<use Resources/LSPACE/LSPACE-MCA_TEAM_01_PDR.pdf, page 258>
Package pdftex.def Info: Resources/LSPACE/LSPACE-MCA_TEAM_01_PDR.pdf , page258 
used on input line 214.
(pdftex.def)             Requested size: 597.78697pt x 773.60669pt.
File: Resources/LSPACE/LSPACE-MCA_TEAM_01_PDR.pdf Graphic file (type pdf)
<use Resources/LSPACE/LSPACE-MCA_TEAM_01_PDR.pdf, page 258>
Package pdftex.def Info: Resources/LSPACE/LSPACE-MCA_TEAM_01_PDR.pdf , page258 
used on input line 214.
(pdftex.def)             Requested size: 597.78697pt x 773.60669pt.
File: Resources/LSPACE/LSPACE-MCA_TEAM_01_PDR.pdf Graphic file (type pdf)
<use Resources/LSPACE/LSPACE-MCA_TEAM_01_PDR.pdf, page 258>
Package pdftex.def Info: Resources/LSPACE/LSPACE-MCA_TEAM_01_PDR.pdf , page258 
used on input line 214.
(pdftex.def)             Requested size: 597.78697pt x 773.60669pt.
 [710 <./Resources/LSPACE/LSPACE-MCA_TEAM_01_PDR.pdf>]
<Resources/LSPACE/LSPACE-MCA_TEAM_01_PDR.pdf, id=6726, page=259, 614.295pt x 79
4.97pt>
File: Resources/LSPACE/LSPACE-MCA_TEAM_01_PDR.pdf Graphic file (type pdf)
<use Resources/LSPACE/LSPACE-MCA_TEAM_01_PDR.pdf, page 259>
Package pdftex.def Info: Resources/LSPACE/LSPACE-MCA_TEAM_01_PDR.pdf , page259 
used on input line 214.
(pdftex.def)             Requested size: 597.78697pt x 773.60669pt.
File: Resources/LSPACE/LSPACE-MCA_TEAM_01_PDR.pdf Graphic file (type pdf)
<use Resources/LSPACE/LSPACE-MCA_TEAM_01_PDR.pdf, page 259>
Package pdftex.def Info: Resources/LSPACE/LSPACE-MCA_TEAM_01_PDR.pdf , page259 
used on input line 214.
(pdftex.def)             Requested size: 597.78697pt x 773.60669pt.
File: Resources/LSPACE/LSPACE-MCA_TEAM_01_PDR.pdf Graphic file (type pdf)
<use Resources/LSPACE/LSPACE-MCA_TEAM_01_PDR.pdf, page 259>
Package pdftex.def Info: Resources/LSPACE/LSPACE-MCA_TEAM_01_PDR.pdf , page259 
used on input line 214.
(pdftex.def)             Requested size: 597.78697pt x 773.60669pt.
 [711 <./Resources/LSPACE/LSPACE-MCA_TEAM_01_PDR.pdf>]
<Resources/LSPACE/LSPACE-MCA_TEAM_01_PDR.pdf, id=6737, page=260, 614.295pt x 79
4.97pt>
File: Resources/LSPACE/LSPACE-MCA_TEAM_01_PDR.pdf Graphic file (type pdf)
<use Resources/LSPACE/LSPACE-MCA_TEAM_01_PDR.pdf, page 260>
Package pdftex.def Info: Resources/LSPACE/LSPACE-MCA_TEAM_01_PDR.pdf , page260 
used on input line 214.
(pdftex.def)             Requested size: 597.78697pt x 773.60669pt.
File: Resources/LSPACE/LSPACE-MCA_TEAM_01_PDR.pdf Graphic file (type pdf)
<use Resources/LSPACE/LSPACE-MCA_TEAM_01_PDR.pdf, page 260>
Package pdftex.def Info: Resources/LSPACE/LSPACE-MCA_TEAM_01_PDR.pdf , page260 
used on input line 214.
(pdftex.def)             Requested size: 597.78697pt x 773.60669pt.
File: Resources/LSPACE/LSPACE-MCA_TEAM_01_PDR.pdf Graphic file (type pdf)
<use Resources/LSPACE/LSPACE-MCA_TEAM_01_PDR.pdf, page 260>
Package pdftex.def Info: Resources/LSPACE/LSPACE-MCA_TEAM_01_PDR.pdf , page260 
used on input line 214.
(pdftex.def)             Requested size: 597.78697pt x 773.60669pt.
 [712 <./Resources/LSPACE/LSPACE-MCA_TEAM_01_PDR.pdf>]
<Resources/LSPACE/LSPACE-MCA_TEAM_01_PDR.pdf, id=6750, page=261, 614.295pt x 79
4.97pt>
File: Resources/LSPACE/LSPACE-MCA_TEAM_01_PDR.pdf Graphic file (type pdf)
<use Resources/LSPACE/LSPACE-MCA_TEAM_01_PDR.pdf, page 261>
Package pdftex.def Info: Resources/LSPACE/LSPACE-MCA_TEAM_01_PDR.pdf , page261 
used on input line 214.
(pdftex.def)             Requested size: 597.78697pt x 773.60669pt.
File: Resources/LSPACE/LSPACE-MCA_TEAM_01_PDR.pdf Graphic file (type pdf)
<use Resources/LSPACE/LSPACE-MCA_TEAM_01_PDR.pdf, page 261>
Package pdftex.def Info: Resources/LSPACE/LSPACE-MCA_TEAM_01_PDR.pdf , page261 
used on input line 214.
(pdftex.def)             Requested size: 597.78697pt x 773.60669pt.
File: Resources/LSPACE/LSPACE-MCA_TEAM_01_PDR.pdf Graphic file (type pdf)
<use Resources/LSPACE/LSPACE-MCA_TEAM_01_PDR.pdf, page 261>
Package pdftex.def Info: Resources/LSPACE/LSPACE-MCA_TEAM_01_PDR.pdf , page261 
used on input line 214.
(pdftex.def)             Requested size: 597.78697pt x 773.60669pt.
 [713 <./Resources/LSPACE/LSPACE-MCA_TEAM_01_PDR.pdf>]
<Resources/LSPACE/LSPACE-MCA_TEAM_01_PDR.pdf, id=6767, page=262, 614.295pt x 79
4.97pt>
File: Resources/LSPACE/LSPACE-MCA_TEAM_01_PDR.pdf Graphic file (type pdf)
<use Resources/LSPACE/LSPACE-MCA_TEAM_01_PDR.pdf, page 262>
Package pdftex.def Info: Resources/LSPACE/LSPACE-MCA_TEAM_01_PDR.pdf , page262 
used on input line 214.
(pdftex.def)             Requested size: 597.78697pt x 773.60669pt.
File: Resources/LSPACE/LSPACE-MCA_TEAM_01_PDR.pdf Graphic file (type pdf)
<use Resources/LSPACE/LSPACE-MCA_TEAM_01_PDR.pdf, page 262>
Package pdftex.def Info: Resources/LSPACE/LSPACE-MCA_TEAM_01_PDR.pdf , page262 
used on input line 214.
(pdftex.def)             Requested size: 597.78697pt x 773.60669pt.
File: Resources/LSPACE/LSPACE-MCA_TEAM_01_PDR.pdf Graphic file (type pdf)
<use Resources/LSPACE/LSPACE-MCA_TEAM_01_PDR.pdf, page 262>
Package pdftex.def Info: Resources/LSPACE/LSPACE-MCA_TEAM_01_PDR.pdf , page262 
used on input line 214.
(pdftex.def)             Requested size: 597.78697pt x 773.60669pt.
 [714 <./Resources/LSPACE/LSPACE-MCA_TEAM_01_PDR.pdf>]
<Resources/LSPACE/LSPACE-MCA_TEAM_01_PDR.pdf, id=6778, page=263, 614.295pt x 79
4.97pt>
File: Resources/LSPACE/LSPACE-MCA_TEAM_01_PDR.pdf Graphic file (type pdf)
<use Resources/LSPACE/LSPACE-MCA_TEAM_01_PDR.pdf, page 263>
Package pdftex.def Info: Resources/LSPACE/LSPACE-MCA_TEAM_01_PDR.pdf , page263 
used on input line 214.
(pdftex.def)             Requested size: 597.78697pt x 773.60669pt.
File: Resources/LSPACE/LSPACE-MCA_TEAM_01_PDR.pdf Graphic file (type pdf)
<use Resources/LSPACE/LSPACE-MCA_TEAM_01_PDR.pdf, page 263>
Package pdftex.def Info: Resources/LSPACE/LSPACE-MCA_TEAM_01_PDR.pdf , page263 
used on input line 214.
(pdftex.def)             Requested size: 597.78697pt x 773.60669pt.
File: Resources/LSPACE/LSPACE-MCA_TEAM_01_PDR.pdf Graphic file (type pdf)
<use Resources/LSPACE/LSPACE-MCA_TEAM_01_PDR.pdf, page 263>
Package pdftex.def Info: Resources/LSPACE/LSPACE-MCA_TEAM_01_PDR.pdf , page263 
used on input line 214.
(pdftex.def)             Requested size: 597.78697pt x 773.60669pt.
 [715 <./Resources/LSPACE/LSPACE-MCA_TEAM_01_PDR.pdf>]
<Resources/LSPACE/LSPACE-MCA_TEAM_01_PDR.pdf, id=6790, page=264, 614.295pt x 79
4.97pt>
File: Resources/LSPACE/LSPACE-MCA_TEAM_01_PDR.pdf Graphic file (type pdf)
<use Resources/LSPACE/LSPACE-MCA_TEAM_01_PDR.pdf, page 264>
Package pdftex.def Info: Resources/LSPACE/LSPACE-MCA_TEAM_01_PDR.pdf , page264 
used on input line 214.
(pdftex.def)             Requested size: 597.78697pt x 773.60669pt.
File: Resources/LSPACE/LSPACE-MCA_TEAM_01_PDR.pdf Graphic file (type pdf)
<use Resources/LSPACE/LSPACE-MCA_TEAM_01_PDR.pdf, page 264>
Package pdftex.def Info: Resources/LSPACE/LSPACE-MCA_TEAM_01_PDR.pdf , page264 
used on input line 214.
(pdftex.def)             Requested size: 597.78697pt x 773.60669pt.
File: Resources/LSPACE/LSPACE-MCA_TEAM_01_PDR.pdf Graphic file (type pdf)
<use Resources/LSPACE/LSPACE-MCA_TEAM_01_PDR.pdf, page 264>
Package pdftex.def Info: Resources/LSPACE/LSPACE-MCA_TEAM_01_PDR.pdf , page264 
used on input line 214.
(pdftex.def)             Requested size: 597.78697pt x 773.60669pt.
 [716 <./Resources/LSPACE/LSPACE-MCA_TEAM_01_PDR.pdf>]
(./portfolio.aux)
Package rerunfilecheck Info: File `portfolio.out' has not changed.
(rerunfilecheck)             Checksum: 99997CA6BD24D49F5487CF94E6408AFB;2151.
 ) 
Here is how much of TeX's memory you used:
 12842 strings out of 478872
 297269 string characters out of 5861667
 497957 words of memory out of 5000000
 29986 multiletter control sequences out of 15000+600000
 471412 words of font info for 35 fonts, out of 8000000 for 9000
 846 hyphenation exceptions out of 8191
 70i,17n,76p,490b,457s stack positions out of 5000i,500n,10000p,200000b,80000s
pdfTeX warning (dest): name{toc} has been referenced but does not exist, repl
aced by a fixed one

{/usr/share/texmf/fonts/enc/dvips/cm-super/cm-super-ts1.enc}</usr/share/texlive
/texmf-dist/fonts/type1/public/amsfonts/cm/cmbx12.pfb></usr/share/texlive/texmf
-dist/fonts/type1/public/amsfonts/cm/cmr12.pfb></usr/share/texmf/fonts/type1/pu
blic/cm-super/sfrm1200.pfb>
Output written on portfolio.pdf (716 pages, 52365514 bytes).
PDF statistics:
 6994 PDF objects out of 7423 (max. 8388607)
 4299 compressed objects within 43 object streams
 728 named destinations out of 1000 (max. 500000)
 4016 words of extra memory for PDF output out of 10000 (max. 10000000)

